sims -sys=manycore -x_tiles=1 -y_tiles=1 -msm_run -sim_run_args=-64 -sim_run_args=+cpx_backpressure hello_world.c -ariane -rtl_timeout 10000000 
sims: ====================================================
sims:   Simulation Script for OpenPiton
sims:   Modified by Princeton University on June 9th, 2015
sims: ====================================================
sims: ====================================================
sims:   Simulation Script for OpenSPARC T1
sims:   Copyright (c) 2001-2006 Sun Microsystems, Inc.
sims:   All rights reserved.
sims: ====================================================
sims: start_time Fri Oct  9 03:25:59 PM IST 2026
sims: running on VFSRV02
sims: uname is Linux VFSRV02 6.8.0-136-generic #136~22.04.1-Ubuntu SMP PREEMPT_DYNAMIC Fri Jul  3 16:29:11 UTC  x86_64 x86_64 x86_64 GNU/Linux
sims: version 2.0
sims: dv_root /home/kthakkar/openpiton_new/openpiton/piton
sims: model_dir /home/kthakkar/openpiton_new/openpiton/build
sims: tre_search /home/kthakkar/openpiton_new/openpiton/piton/tools/env/tools.iver
sims: using config file /home/kthakkar/openpiton_new/openpiton/piton/tools/src/sims/sims.config (-DFLIST_ARIANE)
sims: using random seed 0
sims: network_config not specified, assuming 2dmesh configuration
sims: Setting UART_DIV_LATCH to 0xb
sims: locating diag hello_world.c
sims: Looking for diag under $DV_ROOT/verif/diag
sims: Found diag under /home/kthakkar/openpiton_new/openpiton/piton/verif/diag/c/riscv/ariane/hello_world.c
sims: assembling 64bit riscv diag (RV64IMAC)
sims: rv64_cc diag.c "-DPITON_NUMTILES=1 "
/home/kthakkar/scratch/riscv_install/riscv64-unknown-elf/bin/ld: warning: diag.exe has a LOAD segment with RWX permissions
sims: rv64_img
truncate diag.o -s +120
====================================
vsim  -c -lib /home/kthakkar/openpiton_new/openpiton/build/manycore/rel-0.1/work -do "run -all" cmp_top -pli "/home/kthakkar/openpiton_new/openpiton/piton/tools/Linux/x86_64/lib/libmodelsimpli.so" +wait_cycle_to_kill=10 +dowarningfinish +doerrorfinish +spc_pipe=0 -64 +cpx_backpressure +TIMEOUT=10000000 +tg_seed=0  +good_trap0=0000000080000540  +bad_trap0=0000000080000542 +asm_diag_name=hello_world.c +dv_root=/home/kthakkar/openpiton_new/openpiton/piton
====================================sims: vsim  -c -lib /home/kthakkar/openpiton_new/openpiton/build/manycore/rel-0.1/work -do "run -all" cmp_top -pli "/home/kthakkar/openpiton_new/openpiton/piton/tools/Linux/x86_64/lib/libmodelsimpli.so" +wait_cycle_to_kill=10 +dowarningfinish +doerrorfinish +spc_pipe=0 -64 +cpx_backpressure +TIMEOUT=10000000 +tg_seed=0  +good_trap0=0000000080000540  +bad_trap0=0000000080000542 +asm_diag_name=hello_world.c +dv_root=/home/kthakkar/openpiton_new/openpiton/piton
sims: LD_LIBRARY_PATH is /home/kthakkar/scratch/riscv_install/lib:/home/kthakkar/openpiton_new/openpiton/piton/tools/src/goldfinger/lib
sims: MODELSIM_HOME is /cadtools/mentor/Questa_2025.2/questasim
sims: LM_LICENSE_FILE : 1717@192.168.3.30
sims: sim_start Fri Oct  9 03:26:00 PM IST 2026
Reading pref.tcl

# 2025.2

# ** Note: (vsim-220) '/cadtools/mentor/Questa_2025.2/questasim/linux_x86_64/../modelsim.ini' is used as the ini file.
# vsim -c -lib /home/kthakkar/openpiton_new/openpiton/build/manycore/rel-0.1/work -do "run -all" cmp_top -pli "/home/kthakkar/openpiton_new/openpiton/piton/tools/Linux/x86_64/lib/libmodelsimpli.so" "+wait_cycle_to_kill=10" "+dowarningfinish" "+doerrorfinish" "+spc_pipe=0" -64 "+cpx_backpressure" "+TIMEOUT=10000000" "+tg_seed=0" "+good_trap0=0000000080000540" "+bad_trap0=0000000080000542" "+asm_diag_name=hello_world.c" "+dv_root=/home/kthakkar/openpiton_new/openpiton/piton" 
# Start time: 15:26:00 on Oct 09,2026
# ** Note: (vsim-3813) Design is being optimized due to module recompilation...
# ** Warning: (vsim-3865) Due to PLI being present, global +acc is being enabled automatically. This will cause your simulation to run very slowly. Please use vsim -no_autoacc to disable this feature. This feature is now deprecated and will be removed from future releases.
# ** Warning: (vopt-10587) Some optimizations are turned off because the +acc switch is in effect. This will cause your simulation to run slowly. Please use -access/-debug to maintain needed visibility. The +acc switch would be deprecated in a future release.
# ** Note: (vopt-220) '/cadtools/mentor/Questa_2025.2/questasim/linux_x86_64/../modelsim.ini' is used as the ini file.
# ** Warning: /home/kthakkar/openpiton_new/openpiton/piton/design/chip/tile/ariane/core/cache_subsystem/wt_l15_adapter.sv(61): (vopt-13314) Defaulting port 'icache_data_i' kind to 'var' rather than 'wire' due to default compile option setting of -svinputport=relaxed.
# ** Warning: /home/kthakkar/openpiton_new/openpiton/piton/design/chip/tile/ariane/core/cache_subsystem/wt_l15_adapter.sv(69): (vopt-13314) Defaulting port 'dcache_data_i' kind to 'var' rather than 'wire' due to default compile option setting of -svinputport=relaxed.
# ** Warning: /home/kthakkar/openpiton_new/openpiton/piton/design/chip/tile/ariane/core/cache_subsystem/wt_l15_adapter.sv(76): (vopt-13314) Defaulting port 'l15_rtrn_i' kind to 'var' rather than 'wire' due to default compile option setting of -svinputport=relaxed.
# ** Note: (vsim-12126) Error and warning message counts have been restored: Errors=0, Warnings=5.
# //  Questa Sim-64
# //  Version 2025.2 linux_x86_64 May 31 2025
# //
# // Unpublished work. Copyright 2025 Siemens
# //
# // This material contains trade secrets or otherwise confidential information
# // owned by Siemens Industry Software Inc. or its affiliates (collectively,
# // "SISW"), or its licensors. Access to and use of this information is strictly
# // limited as set forth in the Customer's applicable agreements with SISW.
# //
# // This material may not be copied, distributed, or otherwise disclosed outside
# // of the Customer's facilities without the express written permission of SISW,
# // and may not be used in any way not expressly authorized by SISW.
# //
# Loading work.cmp_top(fast)
# Loading work.system(fast)
# Loading work.chip(fast)
# Loading work.OCI(fast)
# Loading work.clk_se_to_diff(fast)
# Loading work.clk_mux(fast)
# Loading work.pll_top(fast)
# Loading work.fake_pll(fast)
# Loading work.synchronizer(fast)
# Loading work.chip_bridge(fast)
# Loading work.chip_bridge_out(fast)
# Loading work.bridge_network_chooser(fast)
# Loading work.async_fifo(fast)
# Loading work.sync_fifo(fast)
# Loading work.chip_bridge_in(fast)
# Loading work.async_fifo(fast__1)
# Loading work.sync_fifo(fast__1)
# Loading work.async_fifo(fast__2)
# Loading work.sync_fifo(fast__2)
# Loading work.valrdy_to_credit(fast)
# Loading work.credit_to_valrdy(fast)
# Loading work.network_input_blk_multi_out(fast)
# Loading work.jtag(fast)
# Loading work.jtag_interface(fast)
# Loading work.jtag_interface_tap(fast)
# Loading work.dff_ns(fast)
# Loading work.dffsl_async_ns(fast)
# Loading work.dffrl_async_ns(fast)
# Loading work.dffrl_async_ns(fast__1)
# Loading work.dffsl_async_ns(fast__1)
# Loading work.dffrl_async_ns(fast__2)
# Loading work.dffrl_async_ns(fast__3)
# Loading work.dffrle_ns(fast)
# Loading work.jtag_ctap(fast)
# Loading work.jtag_ucb_receiver(fast)
# Loading work.ucb_bus_in(fast)
# Loading work.dffe_ns(fast)
# Loading work.dffrl_ns(fast)
# Loading work.dffrle_ns(fast__1)
# Loading work.dffe_ns(fast__1)
# Loading work.jtag_ucb_transmitter(fast)
# Loading work.ucb_bus_out(fast)
# Loading work.dffrl_ns(fast__1)
# Loading work.dff_ns(fast__1)
# Loading work.tile(fast)
# Loading work.clk_gating_latch(fast)
# Loading work.dynamic_node_top_wrap(fast)
# Loading work.dynamic_node_top(fast)
# Loading work.one_of_eight(fast)
# Loading work.net_dff(fast)
# Loading work.net_dff(fast__1)
# Loading work.bus_compare_equal(fast)
# Loading work.flip_bus(fast)
# Loading work.flip_bus(fast__1)
# Loading work.flip_bus(fast__2)
# Loading work.flip_bus(fast__3)
# Loading work.flip_bus(fast__4)
# Loading work.flip_bus(fast__5)
# Loading work.dynamic_input_top_4(fast)
# Loading work.network_input_blk_multi_out(fast__1)
# Loading work.dynamic_input_control(fast)
# Loading work.dynamic_input_route_request_calc(fast)
# Loading work.dynamic_input_top_16(fast)
# Loading work.network_input_blk_multi_out(fast__2)
# Loading work.dynamic_output_top(fast)
# Loading work.space_avail_top(fast)
# Loading work.dynamic_output_datapath(fast)
# Loading work.one_of_five(fast)
# Loading work.one_of_five(fast__1)
# Loading work.dynamic_output_control(fast)
# Loading work.valrdy_to_credit(fast__1)
# Loading work.credit_to_valrdy(fast__1)
# Loading sv_std.std
# Loading work.dm(fast)
# Loading work.cva6_config_pkg(fast)
# Loading work.riscv(fast)
# Loading work.ariane_pkg(fast)
# Loading work.wt_cache_pkg(fast)
# Loading work.instr_tracer_pkg(fast)
# Loading work.defs_div_sqrt_mvp(fast)
# Loading work.config_v_unit(fast)
# Loading work.ariane_verilog_wrap(fast)
# Loading work.synchronizer(fast__1)
# Loading work.cvxif_pkg(fast)
# Loading work.ariane(fast)
# Loading work.cva6(fast)
# Loading work.frontend(fast)
# Loading work.instr_realign(fast)
# Loading work.ras(fast)
# Loading work.btb(fast)
# Loading work.unread(fast)
# Loading work.bht(fast)
# Loading work.instr_scan(fast)
# Loading work.instr_queue(fast)
# Loading work.cf_math_pkg(fast)
# Loading work.lzc(fast)
# Loading work.popcount(fast)
# Loading work.fifo_v3(fast)
# Loading work.fifo_v3(fast__1)
# Loading work.id_stage(fast)
# Loading work.compressed_decoder(fast)
# Loading work.decoder(fast)
# Loading work.issue_stage(fast)
# Loading work.re_name(fast)
# Loading work.scoreboard(fast)
# Loading work.rr_arb_tree(fast)
# Loading work.rr_arb_tree(fast__1)
# Loading work.issue_read_operands(fast)
# Loading work.ariane_regfile(fast)
# Loading work.ariane_regfile(fast__1)
# Loading work.ex_stage(fast)
# Loading work.alu(fast)
# Loading work.branch_unit(fast)
# Loading work.csr_buffer(fast)
# Loading work.mult(fast)
# Loading work.multiplier(fast)
# Loading work.serdiv(fast)
# Loading work.lzc(fast__1)
# Loading work.fpnew_pkg(fast)
# Loading work.fpu_wrap(fast)
# Loading work.fpnew_top(fast)
# Loading work.fpnew_opgroup_block(fast)
# Loading work.fpnew_opgroup_fmt_slice(fast)
# Loading work.fpnew_fma(fast)
# Loading work.fpnew_classifier(fast)
# Loading work.lzc(fast__2)
# Loading work.fpnew_rounding(fast)
# Loading work.fpnew_opgroup_fmt_slice(fast__1)
# Loading work.fpnew_fma(fast__1)
# Loading work.fpnew_classifier(fast__1)
# Loading work.lzc(fast__3)
# Loading work.fpnew_rounding(fast__1)
# Loading work.rr_arb_tree(fast__2)
# Loading work.lzc(fast__4)
# Loading work.fpnew_opgroup_block(fast__1)
# Loading work.fpnew_opgroup_multifmt_slice(fast)
# Loading work.fpnew_divsqrt_multi(fast)
# Loading work.div_sqrt_top_mvp(fast)
# Loading work.preprocess_mvp(fast)
# Loading work.lzc(fast__5)
# Loading work.nrbd_nrsc_mvp(fast)
# Loading work.control_mvp(fast)
# Loading work.iteration_div_sqrt_mvp(fast)
# Loading work.norm_div_sqrt_mvp(fast)
# Loading work.rr_arb_tree(fast__3)
# Loading work.fpnew_opgroup_block(fast__2)
# Loading work.fpnew_opgroup_fmt_slice(fast__2)
# Loading work.fpnew_noncomp(fast)
# Loading work.fpnew_classifier(fast__2)
# Loading work.fpnew_opgroup_fmt_slice(fast__3)
# Loading work.fpnew_noncomp(fast__1)
# Loading work.fpnew_classifier(fast__3)
# Loading work.rr_arb_tree(fast__4)
# Loading work.fpnew_opgroup_block(fast__3)
# Loading work.fpnew_opgroup_multifmt_slice(fast__1)
# Loading work.fpnew_cast_multi(fast)
# Loading work.fpnew_classifier(fast__4)
# Loading work.fpnew_classifier(fast__5)
# Loading work.fpnew_rounding(fast__2)
# Loading work.rr_arb_tree(fast__5)
# Loading work.rr_arb_tree(fast__6)
# Loading work.lzc(fast__6)
# Loading work.load_store_unit(fast)
# Loading work.mmu(fast)
# Loading work.tlb(fast)
# Loading work.ptw(fast)
# Loading work.pmp(fast)
# Loading work.pmp_entry(fast)
# Loading work.lzc(fast__7)
# Loading work.store_unit(fast)
# Loading work.store_buffer(fast)
# Loading work.amo_buffer(fast)
# Loading work.fifo_v3(fast__2)
# Loading work.load_unit(fast)
# Loading work.shift_reg(fast)
# Loading work.shift_reg(fast__1)
# Loading work.lsu_bypass(fast)
# Loading work.commit_stage(fast)
# Loading work.csr_regfile(fast)
# Loading work.perf_counters(fast)
# Loading work.controller(fast)
# Loading work.wt_cache_subsystem(fast)
# Loading work.cva6_icache(fast)
# Loading work.lfsr(fast)
# Loading work.sram(fast)
# Loading work.tc_sram_wrapper(fast)
# Loading work.tc_sram(fast)
# Loading work.sram(fast__1)
# Loading work.wt_dcache(fast)
# Loading work.wt_dcache_missunit(fast)
# Loading work.lzc(fast__8)
# Loading work.lfsr(fast__1)
# Loading work.exp_backoff(fast)
# Loading work.wt_dcache_ctrl(fast)
# Loading work.wt_dcache_wbuffer(fast)
# Loading work.lzc(fast__9)
# Loading work.fifo_v3(fast__3)
# Loading work.rr_arb_tree(fast__7)
# Loading work.rr_arb_tree(fast__8)
# Loading work.rr_arb_tree(fast__9)
# Loading work.wt_dcache_mem(fast)
# Loading work.rr_arb_tree(fast__10)
# Loading work.sram(fast__2)
# Loading work.sram(fast__3)
# Loading work.wt_l15_adapter(fast)
# Loading work.rrarbiter(fast)
# Loading work.fifo_v2(fast)
# Loading work.fifo_v3(fast__4)
# Loading work.fifo_v2(fast__1)
# Loading work.fifo_v3(fast__5)
# Loading work.fifo_v2(fast__2)
# Loading work.fifo_v3(fast__6)
# Loading work.fifo_v3(fast__7)
# Loading work.rr_arb_tree(fast__11)
# Loading work.instr_tracer_if(fast__1)
# Loading work.instr_tracer(fast)
# Loading work.l15_wrap(fast)
# Loading work.l15(fast)
# Loading work.l15_csm(fast)
# Loading work.l15_home_encoder(fast)
# Loading work.l15_hmc(fast)
# Loading work.l15_priority_encoder_4(fast)
# Loading work.l15_priority_encoder_3(fast)
# Loading work.l15_priority_encoder_2(fast)
# Loading work.l15_priority_encoder_1(fast)
# Loading work.flat_id_to_xy(fast)
# Loading work.simplenocbuffer(fast)
# Loading work.noc2decoder(fast)
# Loading work.sram_l15_tag(fast)
# Loading work.bram_1rw_wrapper(fast)
# Loading work.sram_l15_data(fast)
# Loading work.bram_1rw_wrapper(fast__1)
# Loading work.sram_l15_hmt(fast)
# Loading work.bram_1rw_wrapper(fast__2)
# Loading work.l15_mshr(fast)
# Loading work.rf_l15_mesi(fast)
# Loading work.rf_l15_lrsc_flag(fast)
# Loading work.rf_l15_wmt(fast)
# Loading work.rf_l15_lruarray(fast)
# Loading work.l15_pipeline(fast)
# Loading work.noc1buffer(fast)
# Loading work.noc1encoder(fast)
# Loading work.noc3buffer(fast)
# Loading work.noc3encoder(fast)
# Loading work.dmbr(fast)
# Loading work.l2(fast)
# Loading work.l2_config_regs(fast)
# Loading work.l2_mshr_wrap(fast)
# Loading work.l2_state_wrap(fast)
# Loading work.l2_state(fast)
# Loading work.sram_l2_state(fast)
# Loading work.bram_1r1w_wrapper(fast)
# Loading work.l2_tag_wrap(fast)
# Loading work.l2_tag(fast)
# Loading work.sram_l2_tag(fast)
# Loading work.bram_1rw_wrapper(fast__3)
# Loading work.l2_dir_wrap(fast)
# Loading work.l2_dir(fast)
# Loading work.sram_l2_dir(fast)
# Loading work.bram_1rw_wrapper(fast__4)
# Loading work.l2_data_wrap(fast)
# Loading work.l2_data(fast)
# Loading work.sram_l2_data(fast)
# Loading work.bram_1rw_wrapper(fast__5)
# Loading work.l2_smc_wrap(fast)
# Loading work.l2_smc(fast)
# Loading work.l2_priority_encoder_4(fast)
# Loading work.l2_priority_encoder_3(fast)
# Loading work.l2_priority_encoder_2(fast)
# Loading work.l2_priority_encoder_1(fast)
# Loading work.l2_broadcast_counter_wrap(fast)
# Loading work.l2_broadcast_counter(fast)
# Loading work.l2_pipe1(fast)
# Loading work.l2_pipe1_buf_in(fast)
# Loading work.l2_decoder(fast)
# Loading work.l2_mshr_decoder(fast)
# Loading work.l2_pipe1_ctrl(fast)
# Loading work.l2_priority_encoder_6(fast)
# Loading work.l2_priority_encoder_5(fast)
# Loading work.l2_pipe1_dpath(fast)
# Loading work.xy_to_flat_id(fast)
# Loading work.l2_amo_alu(fast)
# Loading work.l2_data_pgen(fast)
# Loading work.l2_data_ecc(fast)
# Loading work.l2_encoder(fast)
# Loading work.l2_pipe1_buf_out(fast)
# Loading work.l2_pipe2(fast)
# Loading work.l2_pipe2_buf_in(fast)
# Loading work.l2_pipe2_ctrl(fast)
# Loading work.l2_pipe2_dpath(fast)
# Loading work.config_regs(fast)
# Loading work.rtap(fast)
# Loading work.rtap_ucb_receiver(fast)
# Loading work.ucb_bus_in(fast__1)
# Loading work.dffrle_ns(fast__2)
# Loading work.dffe_ns(fast__2)
# Loading work.dffrl_ns(fast__2)
# Loading work.dffrle_ns(fast__3)
# Loading work.dffe_ns(fast__3)
# Loading work.rtap_ucb_transmitter(fast)
# Loading work.ucb_bus_out(fast__1)
# Loading work.dffrl_ns(fast__3)
# Loading work.dff_ns(fast__2)
# Loading work.chipset(fast)
# Loading work.fpga_bridge(fast)
# Loading work.fpga_bridge_send_32(fast)
# Loading work.bridge_network_chooser_32(fast)
# Loading work.async_fifo(fast__3)
# Loading work.async_fifo(fast__4)
# Loading work.fpga_bridge_rcv_32(fast)
# Loading work.chipset_impl(fast)
# Loading work.packet_filter(fast)
# Loading work.io_xbar_top_wrap(fast)
# Loading work.io_xbar_top(fast)
# Loading work.io_xbar_one_of_n_plus_3(fast)
# Loading work.io_xbar_net_dff(fast)
# Loading work.io_xbar_net_dff(fast__1)
# Loading work.io_xbar_bus_compare_equal(fast)
# Loading work.io_xbar_flip_bus(fast)
# Loading work.io_xbar_flip_bus(fast__1)
# Loading work.io_xbar_flip_bus(fast__2)
# Loading work.io_xbar_flip_bus(fast__3)
# Loading work.io_xbar_flip_bus(fast__4)
# Loading work.io_xbar_flip_bus(fast__5)
# Loading work.io_xbar_input_top_4(fast)
# Loading work.io_xbar_input_control(fast)
# Loading work.io_xbar_route_request_calc(fast)
# Loading work.io_xbar_output_top(fast)
# Loading work.io_xbar_space_avail_top(fast)
# Loading work.io_xbar_output_datapath(fast)
# Loading work.io_xbar_one_of_n(fast)
# Loading work.io_xbar_one_of_n(fast__1)
# Loading work.io_xbar_output_control(fast)
# Loading work.fake_mem_ctrl(fast)
# Loading work.ciop_fake_iob(fast)
# Loading work.fake_uart(fast)
# Loading work.noc_axilite_bridge(fast)
# Loading work.axi_pkg(fast)
# Loading work.ariane_axi(fast)
# Loading work.riscv_peripherals(fast)
# Loading work.dmi_jtag(fast)
# Loading work.dmi_jtag_tap(fast)
# Loading work.cluster_clock_inverter(fast)
# Loading work.tc_clk_inverter(fast)
# Loading work.pulp_clock_mux2(fast)
# Loading work.tc_clk_mux2(fast)
# Loading work.dmi_cdc(fast)
# Loading work.cdc_2phase(fast)
# Loading work.cdc_2phase_src(fast)
# Loading work.cdc_2phase_dst(fast)
# Loading work.cdc_2phase(fast__1)
# Loading work.cdc_2phase_src(fast__1)
# Loading work.cdc_2phase_dst(fast__1)
# Loading work.dm_top(fast)
# Loading work.dm_csrs(fast)
# Loading work.fifo_v2(fast__3)
# Loading work.fifo_v3(fast__8)
# Loading work.dm_sba(fast)
# Loading work.dm_mem(fast)
# Loading work.debug_rom(fast)
# Loading work.AXI_BUS(fast__1)
# Loading work.axi2mem(fast)
# Loading work.noc_axilite_bridge(fast__1)
# Loading work.bootrom(fast)
# Loading work.bootrom_linux(fast)
# Loading work.clint(fast)
# Loading work.axi_lite_interface(fast)
# Loading work.clint_sync_wedge(fast)
# Loading work.clint_sync(fast)
# Loading work.AXI_BUS(fast__2)
# Loading work.noc_axilite_bridge(fast__2)
# Loading work.plic_top(fast)
# Loading work.rv_plic_gateway(fast)
# Loading work.rv_plic_target(fast)
# Loading work.plic_regs(fast)
# Loading work.monitor(fast)
# Loading work.pc_cmp(fast)
# Loading work.tso_mon(fast)
# Loading work.cmp_l15_messages_mon(fast)
# Loading work.dmbr_mon(fast)
# Loading work.l2_mon(fast)
# Loading work.jtag_mon(fast)
# Loading work.iob_mon(fast)
# Loading work.manycore_network_mon(fast)
# ** Warning: (vsim-3015) [PCDPC] - Port size (49) does not match connection size (64) for port 'pc_w0'. The port definition is at: /home/kthakkar/openpiton_new/openpiton/piton/verif/env/manycore/ciop_iob.tmp.v(38).
#    Time: 0 ps  Iteration: 0  Instance: /cmp_top/system/chipset/chipset_impl/ciop_fake_iob File: /home/kthakkar/openpiton_new/openpiton/piton/design/chipset/rtl/chipset_impl.tmp.v Line: 1751
# Loading /home/kthakkar/openpiton_new/openpiton/piton/tools/Linux/x86_64/lib/libmodelsimpli.so
# run -all
# wait cycles =          10
# rtl_timeout =    10000000
# 0 tso_mon: stb_drain_to_max =        8000
#                   20: good_trap 0080000540
#                   20: bad_trap 0080000542
# [TRACER] Output filename is: trace_hart_0.log
# Info(5315000): Qsel value(0)
# Info(5315000): cpx request 1
# (5316000)Info: cpx packet from iob ->1700000000000000000000000000000010001
# Info(5316000): cpx request 0
# IOB sending to tile X:  0 Y:  0
#    raw tileid 00000000
# Iob NOC2 sent a packet: 0000000000484000
# Iob NOC2 sent a packet: 0000000000010001
# 33213000 TILE0 L1.5 th0: Received PCX PCX_REQTYPE_IFILL   Addr 0xfff1010000, nc 1, size 3, invalall 0, pf 0, bs 0, bsi 0, l1way 0
#    Data: 0x0000000000000000
#    CSM HDID:    0, HD_SIZE:  0, SDID:    0, LSID:  0
#    CSM Data: 0x000000000
# 
#             33213000 L15 TILE0:
# NoC1 credit:  8
# NoC1 reserved credit:  0
# TILE0 Pipeline: *  X  X 
# Stage 1 status:    Operation: L15_REQTYPE_IFILL
#    TILE0 S1 Address: 0xfff1010000
# L15_MON_END
# 
# 
#             33214000 L15 TILE0:
# NoC1 credit:  7
# NoC1 reserved credit:  0
# TILE0 Pipeline: X  *  X 
# Stage 2 status:    Operation: L15_REQTYPE_IFILL
#    TILE0 S2 Address: 0xfff1010000
#    TILE0 S2 Cache index:   0
#    CSM op:  1
#       CSM read ticket: 0x1
# L15_MON_END
# 
#             33214000: TILE0 L15_CSM REQ MON:
# L15 CSM req addr: 0xfff1010000
# L15 CSM req ticket: 1
# L15 CSM req type: 0
# L15 CSM req data: 0x00000000000000000000000000000000
# L15 CSM req pcx data: 0x000000000
# 
#             33215000 L15 TILE0:
# NoC1 credit:  7
# NoC1 reserved credit:  0
# TILE0 Pipeline: X  X  * 
# Stage 3 status:    Operation: L15_REQTYPE_IFILL
#    TILE0 S3 Address: 0xfff1010000
# L15_MON_END
# 
#             33215000: TILE0 L15_CSM RES MON:
# L15 CSM res data: 0x0000000000000000
#             33216000
# TILE0 noc1 flit raw: 0x0000000000838040
#    srcX:   0, srcY:   0
#    destX:   0, destY:   0
#             33217000
# TILE0 noc1 flit raw: 0x00fff10100000b00
#    srcX:   0, srcY:   0
#    destX:   0, destY:   0
#             33218000
# TILE0 noc1 flit raw: 0x0000000000000000
#    srcX:   0, srcY:   0
#    destX:   0, destY:   0
# 33218000 TILE0 L1.5: Sending NOC1                                   L15_NOC1_REQTYPE_IFILL_REQUEST   mshrid 1, nc 1, size 3, pf 0, address fff1010000
#    Data0: 0x0000000000000000
#    Data1: 0x0000000000000000
#    Destination X:   0 Y:   0
# TILE0-------------------------------------
#             33222500
#             33222500 P1S1 msg type:    nc_ld_req   addr: 0xfff1010000, Data_size: 011, cache_type: 1
# P1S1 valid: stall: 0, stall_pre: 0, stall_hazard: 0, stall_mshr: 0, stall_msg: 0, stall_global: 0
# Control signals: 111
# CSM enable: 0
# Special addr type: 0
# Msg from mshr: 0
# P1S1 addr: 0xfff1010000
# Mshr_addr: 0x00
# Tag_addr: 0x00
# Tag data in: 0x00000000000000000000000000
# Tag data mask in: 0x00000000000000000003ffffff
# State_rd_addr: 0x00
# Msg data: 0x0000000000000000
# Msg length: 00000010
# src x: 00000000, src y: 00000000
# sdid:    0, lsid:  0
# TILE0-------------------------------------
#             33223500
#             33223500 P1S2 msg type:    nc_ld_req   addr: 0xfff1010000, Data_size: 011, cache_type: 1
# P1S2 valid: recycle: 0, stall: 0, stall_pre: 0, stall_real: 0, stall_load: 0, stall_msg: 0, stall_global: 0
# Control signals: 000001000110000000000000000
# CSM enable: 0
# Special addr type: 0
# Msg from mshr: 0
# P1S2 addr: 0xfff1010000
# P1S2 valid: l2_way_sel: 00, l2_hit: 0, l2_evict: 0, l2_wb: 0
# State VD bits: 00 00 00 00
# State: rb: 00, lru: 0000, mesi: 00, vd: 00, subline: 0000, cache_type: 0, owner: 000000
# Msg data valid: 0
# Msg data ready: 0
# Msg data: 0x0000000000000000
# Return data: 0x0000000000000000
# State data: 0x00000000000000000
# Tag data: 0x00000000000000000000000000
# Dir addr: 0x000
# Dir data: 0xffffffffffffffff
# Dir data mask: 0x0000000000000001
# Data addr: 0x000
# Data data: 0x000000000000000000000000000000000000
# Data data mask: 0x000000000000000000ffffffffffffffffff
# State data in: 0x10080010002000400
# State data mask in: 0x00000000000000000
# src x: 00000000, src y: 00000000
# sdid:    0, lsid:  0
# TILE0-------------------------------------
#             33224500
#             33224500 P1S3 msg type:    nc_ld_req   addr: 0xfff1010000, Data_size: 011, cache_type: 1
# P1S3 valid: recycle: 0, stall: 0
# State wr en: 0
# Dir data: 0xxxxxxxxxxxxxxxxx
# CSM enable: 0
# Msg from mshr: 0
# P1S3 addr: 0xfff1010000
# P1S3 valid: l2_hit: 0, l2_evict: 0
# Data data: 0xxxxxxxxxxxxxxxxxxxxxxxxxxxxxxxxxxxxx
# State:mesi: 00, vd: 00, subline: 0000, cache_type: 0, owner: 000000
# sdid:    0, lsid:  0
# TILE0-------------------------------------
#             33225500
#             33225500 P1S4 msg type:    nc_ld_req   addr: 0xfff1010000, Data_size: 011, cache_type: 1
# P1S4 valid: recycle: 0, stall: 0, msg_stall: 0, dir_data_stall: 0, stall_inv_counter: 0, stall_smc_buf: 0, smc_stall: 0, global_stall: 0, broadcast_stall: 0
# Control signals: 0100010011000011110
# CSM enable: 0
# broadcast coreid: (    0,   0,   0)
# broadcast state: 0, broadcast op val: 0
# Special addr type: 0
# MSHR state wr en: 1
# MSHR data wr en: 1
# MSHR data wr : 0x0000000000000000000439c04fff1010000
# MSHR inv counter :  0
# State wr en: 0
# Dir data: 0xxxxxxxxxxxxxxxxx
# Dir sharer counter:  1
# State data in: 0x00000000000000000
# State data mask in: 0x00000000000000000
# State wr addr: 0x00
# Msg data: 0x0000000000000000
# SMC miss: 0
# SMC data out: 0xxxxxxxxx
# SMC tag out: 0x0000
# SMC valid out: 0x0
# Msg send valid: 1, send ready: 1, mode: 100, length: 00000010
# Msg send type:      ld_mem    Msg send data_size: 011, cache_type: 0, mesi: 00, l2_miss: 1, mshrid: 00000000, subline_vector: 0000
# Msg from mshr: 0
# P1S4 addr: 0xfff1010000
# P1S4 valid: l2_hit: 0, l2_evict: 0
# Data data: 0xxxxxxxxxxxxxxxxxxxxxxxxxxxxxxxxxxxxx
# State:mesi: 00, vd: 00, subline: 0000, cache_type: 0, owner: 000000
# Msg send: addr: 0xfff1010000, dst_x: 00000000, dst_y: 00000000, dst_fbits: 0010
# Msg send data: 0xxxxxxxxxxxxxxxxxxxxxxxxxxxxxxxxx
# src x: 00000000, src y: 00000000
# sdid:    0, lsid:  0
#             33226500
# TILE0 noc2 flit raw: 0x800000008084c008
#             33227500
# TILE0 noc2 flit raw: 0x00fff10100000300
#             33228500
# TILE0 noc2 flit raw: 0x0000000000000000
#             33374500
# TILE0 noc3 flit raw: 0x0000000002060000
# TILE0-------------------------------------
#             33375500
# P2S1 msg type:    ld_mem_ack  Data_size: 011, cache_type: 1, last_subline: 0
# P2S1 valid: stall: 0, stall_pre: 0, stall_hazard: 0
# Control signals: 100
# CSM enable: 0
# SMC miss: 0
# Msg from mshr: 1
# Msg length: 00001000
# P2S1 addr: 0xfff1010000
# Mshr_rd_index: 000
# Tag_addr: 0x00
# Tag_data_in: 0xfff1013ffc404fff1013ffc404
# Tag_data_mask_in: 0x00000000000000000003ffffff
# State_rd_addr: 0x00
# src x: 00000000, src y: 00000000
#             33378500
# TILE0 noc3 flit raw: 0x1b0410007e047325
#             33384500
# TILE0 noc3 flit raw: 0x1b0410007e047325
# TILE0-------------------------------------
#             33385500
# P2S2 msg type:    ld_mem_ack  Data_size: 011, cache_type: 1, last_subline: 0
# P2S2 valid: stall: 1, stall_real: 0, stall_load: 1
# Control signals: 1101000100011000000
# CSM enable: 0
# broadcast coreid: (    0,   0,   0)
# broadcast op val: 0
# SMC miss: 0
# Msg from mshr: 1
# P2S2 addr: 0xfff1010000
# P2S2 valid: l2_way_sel: 00, l2_hit: 0, l2_wb: 0
# state: mesi: 00, vd: 00, subline: 0000, cache_type: 0, owner: 000000
# State data: 0x00000000000000000
# Tag data: 0x00000000000000000000000000
# Dir addr: 0x000
# Dir data: 0x0000000000000000
# Dir data mask: 0xffffffffffffffff
# Data addr: 0x000
# Data data: 0x4c1b0410007e0473254c1b0410007e047325
# Data data mask: 0xffffffffffffffffffffffffffffffffffff
# State data in: 0x1028005000a001400
# State data mask: 0x00000000000000000
# src x: 00000000, src y: 00000000
#             33398500
# TILE0 noc3 flit raw: 0x1b0410007e047325
#             33404500
# TILE0 noc3 flit raw: 0x1b0410007e047325
# TILE0-------------------------------------
#             33405500
# P2S2 msg type:    ld_mem_ack  Data_size: 011, cache_type: 1, last_subline: 0
# P2S2 valid: stall: 1, stall_real: 0, stall_load: 1
# Control signals: 1101000100011000000
# CSM enable: 0
# broadcast coreid: (    0,   0,   0)
# broadcast op val: 0
# SMC miss: 0
# Msg from mshr: 1
# P2S2 addr: 0xfff1010000
# P2S2 valid: l2_way_sel: 00, l2_hit: 0, l2_wb: 0
# state: mesi: 00, vd: 00, subline: 0000, cache_type: 0, owner: 000000
# State data: 0x00000000000000000
# Tag data: 0x00000000000000000000000000
# Dir addr: 0x000
# Dir data: 0x0000000000000000
# Dir data mask: 0xffffffffffffffff
# Data addr: 0x001
# Data data: 0x4c1b0410007e0473254c1b0410007e047325
# Data data mask: 0xffffffffffffffffffffffffffffffffffff
# State data in: 0x1028005000a001400
# State data mask: 0x00000000000000000
# src x: 00000000, src y: 00000000
#             33410500
# TILE0 noc3 flit raw: 0x1b0410007e047325
#             33424500
# TILE0 noc3 flit raw: 0x1b0410007e047325
# TILE0-------------------------------------
#             33425500
# P2S2 msg type:    ld_mem_ack  Data_size: 011, cache_type: 1, last_subline: 0
# P2S2 valid: stall: 1, stall_real: 0, stall_load: 1
# Control signals: 1101000100011000000
# CSM enable: 0
# broadcast coreid: (    0,   0,   0)
# broadcast op val: 0
# SMC miss: 0
# Msg from mshr: 1
# P2S2 addr: 0xfff1010000
# P2S2 valid: l2_way_sel: 00, l2_hit: 0, l2_wb: 0
# state: mesi: 00, vd: 00, subline: 0000, cache_type: 0, owner: 000000
# State data: 0x00000000000000000
# Tag data: 0x00000000000000000000000000
# Dir addr: 0x000
# Dir data: 0x0000000000000000
# Dir data mask: 0xffffffffffffffff
# Data addr: 0x002
# Data data: 0x4c1b0410007e0473254c1b0410007e047325
# Data data mask: 0xffffffffffffffffffffffffffffffffffff
# State data in: 0x1028005000a001400
# State data mask: 0x00000000000000000
# src x: 00000000, src y: 00000000
#             33430500
# TILE0 noc3 flit raw: 0x1b0410007e047325
#             33435500
# TILE0 noc3 flit raw: 0x1b0410007e047325
# TILE0-------------------------------------
#             33436500
# P2S2 msg type:    ld_mem_ack  Data_size: 011, cache_type: 1, last_subline: 0
# P2S2 valid: stall: 0, stall_real: 0, stall_load: 0
# Control signals: 1101000100011000000
# CSM enable: 0
# broadcast coreid: (    0,   0,   0)
# broadcast op val: 0
# SMC miss: 0
# Msg from mshr: 1
# P2S2 addr: 0xfff1010000
# P2S2 valid: l2_way_sel: 00, l2_hit: 0, l2_wb: 0
# state: mesi: 00, vd: 00, subline: 0000, cache_type: 0, owner: 000000
# State data: 0x00000000000000000
# Tag data: 0x00000000000000000000000000
# Dir addr: 0x000
# Dir data: 0x0000000000000000
# Dir data mask: 0xffffffffffffffff
# Data addr: 0x003
# Data data: 0x4c1b0410007e0473254c1b0410007e047325
# Data data mask: 0xffffffffffffffffffffffffffffffffffff
# State data in: 0x1028005000a001400
# State data mask: 0x00000000000001bc0
# src x: 00000000, src y: 00000000
# TILE0-------------------------------------
#             33437500
# SMC miss: 0
# CSM enable: 0
# P2S3 State wr addr: 0x00
# Mshr wr index: 000
# MSHR state wr en: 1
# MSHR inc inv counter en: 0
# State wr en: 1
# TILE0-------------------------------------
#             33438500
#             33438500 P1S1 msg type:    nc_ld_req   addr: 0xfff1010000, Data_size: 011, cache_type: 1
# P1S1 valid: stall: 0, stall_pre: 0, stall_hazard: 0, stall_mshr: 0, stall_msg: 0, stall_global: 0
# Control signals: 111
# CSM enable: 0
# Special addr type: 0
# Msg from mshr: 1
# P1S1 addr: 0xfff1010000
# Mshr_addr: 0x00
# Tag_addr: 0x00
# Tag data in: 0x00000000000000000000000000
# Tag data mask in: 0x00000000000000000003ffffff
# State_rd_addr: 0x00
# Msg data: 0x0000000000000000
# Msg length: 00000000
# src x: 00000000, src y: 00000000
# sdid:    0, lsid:  0
# TILE0-------------------------------------
#             33439500
#             33439500 P1S2 msg type:    nc_ld_req   addr: 0xfff1010000, Data_size: 011, cache_type: 1
# P1S2 valid: recycle: 0, stall: 1, stall_pre: 0, stall_real: 0, stall_load: 1, stall_msg: 0, stall_global: 0
# Control signals: 000001001100000000010000010
# CSM enable: 0
# Special addr type: 0
# Msg from mshr: 1
# P1S2 addr: 0xfff1010000
# P1S2 valid: l2_way_sel: 00, l2_hit: 1, l2_evict: 0, l2_wb: 0
# State VD bits: 00 00 00 10
# State: rb: 00, lru: 0000, mesi: 00, vd: 10, subline: 0000, cache_type: 0, owner: 000000
# Msg data valid: 0
# Msg data ready: 0
# Msg data: 0x0000000000000000
# Return data: 0x0000000000000000
# State data: 0x00000000000001000
# Tag data: 0x00000000000000000003ffc404
# Dir addr: 0x000
# Dir data: 0xffffffffffffffff
# Dir data mask: 0x0000000000000001
# Data addr: 0x000
# Data data: 0x000000000000000000000000000000000000
# Data data mask: 0x000000000000000000ffffffffffffffffff
# State data in: 0x10080010002000400
# State data mask in: 0x0f000000000001800
# src x: 00000000, src y: 00000000
# sdid:    0, lsid:  0
# TILE0-------------------------------------
#             33440500
#             33440500 P1S2 msg type:    nc_ld_req   addr: 0xfff1010000, Data_size: 011, cache_type: 1
# P1S2 valid: recycle: 0, stall: 0, stall_pre: 0, stall_real: 0, stall_load: 0, stall_msg: 0, stall_global: 0
# Control signals: 000001001100000000010000010
# CSM enable: 0
# Special addr type: 0
# Msg from mshr: 1
# P1S2 addr: 0xfff1010000
# P1S2 valid: l2_way_sel: 00, l2_hit: 1, l2_evict: 0, l2_wb: 0
# State VD bits: 00 00 00 10
# State: rb: 00, lru: 0000, mesi: 00, vd: 10, subline: 0000, cache_type: 0, owner: 000000
# Msg data valid: 0
# Msg data ready: 0
# Msg data: 0x0000000000000000
# Return data: 0x0000000000000000
# State data: 0x00000000000001000
# Tag data: 0x00000000000000000003ffc404
# Dir addr: 0x000
# Dir data: 0xffffffffffffffff
# Dir data mask: 0x0000000000000001
# Data addr: 0x001
# Data data: 0x000000000000000000000000000000000000
# Data data mask: 0x000000000000000000ffffffffffffffffff
# State data in: 0x10080010002000400
# State data mask in: 0x0f000000000001800
# src x: 00000000, src y: 00000000
# sdid:    0, lsid:  0
# TILE0-------------------------------------
#             33440500
#             33440500 P1S3 msg type:    nc_ld_req   addr: 0xfff1010000, Data_size: 011, cache_type: 1
# P1S3 valid: recycle: 0, stall: 0
# State wr en: 0
# Dir data: 0xxxxxxxxxxxxxxxxx
# CSM enable: 0
# Msg from mshr: 1
# P1S3 addr: 0xfff1010000
# P1S3 valid: l2_hit: 1, l2_evict: 0
# Data data: 0x4c1b0410007e0473254c1b0410007e047325
# State:mesi: 00, vd: 10, subline: 0000, cache_type: 0, owner: 000000
# sdid:    0, lsid:  0
# TILE0-------------------------------------
#             33441500
#             33441500 P1S3 msg type:    nc_ld_req   addr: 0xfff1010000, Data_size: 011, cache_type: 1
# P1S3 valid: recycle: 0, stall: 0
# State wr en: 1
# Dir data: 0xxxxxxxxxxxxxxxxx
# CSM enable: 0
# Msg from mshr: 1
# P1S3 addr: 0xfff1010000
# P1S3 valid: l2_hit: 1, l2_evict: 0
# Data data: 0x4c1b0410007e0473254c1b0410007e047325
# State:mesi: 00, vd: 10, subline: 0000, cache_type: 0, owner: 000000
# sdid:    0, lsid:  0
# TILE0-------------------------------------
#             33441500
#             33441500 P1S4 msg type:    nc_ld_req   addr: 0xfff1010000, Data_size: 011, cache_type: 1
# P1S4 valid: recycle: 0, stall: 0, msg_stall: 0, dir_data_stall: 0, stall_inv_counter: 0, stall_smc_buf: 0, smc_stall: 0, global_stall: 0, broadcast_stall: 0
# Control signals: 0100011101000011110
# CSM enable: 0
# broadcast coreid: (    0,   0,   0)
# broadcast state: 0, broadcast op val: 0
# Special addr type: 0
# MSHR state wr en: 0
# MSHR data wr en: 0
# MSHR data wr : 0x0000000000000000000439c04fff1010000
# MSHR inv counter :  0
# State wr en: 0
# Dir data: 0xxxxxxxxxxxxxxxxx
# Dir sharer counter:  1
# State data in: 0x00000000000000000
# State data mask in: 0x0f000000000001800
# State wr addr: 0x00
# Msg data: 0x0000000000000000
# SMC miss: 0
# SMC data out: 0x00000000
# SMC tag out: 0x0000
# SMC valid out: 0x0
# Msg send valid: 1, send ready: 1, mode: 011, length: 00000100
# Msg send type:     data_ack   Msg send data_size: 000, cache_type: 1, mesi: 00, l2_miss: 1, mshrid: 00000001, subline_vector: 0000
# Msg from mshr: 1
# P1S4 addr: 0xfff1010000
# P1S4 valid: l2_hit: 1, l2_evict: 0
# Data data: 0x4c1b0410007e0473254c1b0410007e047325
# State:mesi: 00, vd: 10, subline: 0000, cache_type: 0, owner: 000000
# Msg send: addr: 0xfff1010000, dst_x: 00000000, dst_y: 00000000, dst_fbits: 0000
# Msg send data: 0x1b0410007e0473251b0410007e047325
# src x: 00000000, src y: 00000000
# sdid:    0, lsid:  0
# TILE0-------------------------------------
#             33442500
#             33442500 P1S4 msg type:    nc_ld_req   addr: 0xfff1010000, Data_size: 011, cache_type: 1
# P1S4 valid: recycle: 0, stall: 0, msg_stall: 0, dir_data_stall: 0, stall_inv_counter: 0, stall_smc_buf: 0, smc_stall: 0, global_stall: 0, broadcast_stall: 0
# Control signals: 0100011101000011110
# CSM enable: 0
# broadcast coreid: (    0,   0,   0)
# broadcast state: 0, broadcast op val: 0
# Special addr type: 0
# MSHR state wr en: 0
# MSHR data wr en: 0
# MSHR data wr : 0x0000000000000000000439c04fff1010000
# MSHR inv counter :  0
# State wr en: 1
# Dir data: 0xxxxxxxxxxxxxxxxx
# Dir sharer counter:  1
# State data in: 0x00000000000000000
# State data mask in: 0x0f000000000001800
# State wr addr: 0x00
# Msg data: 0x0000000000000000
# SMC miss: 0
# SMC data out: 0x00000000
# SMC tag out: 0x0000
# SMC valid out: 0x0
# Msg send valid: 1, send ready: 1, mode: 111, length: 00000100
# Msg send type:     data_ack   Msg send data_size: 000, cache_type: 1, mesi: 00, l2_miss: 1, mshrid: 00000001, subline_vector: 0000
# Msg from mshr: 1
# P1S4 addr: 0xfff1010000
# P1S4 valid: l2_hit: 1, l2_evict: 0
# Data data: 0x4c1b0410007e0473254c1b0410007e047325
# State:mesi: 00, vd: 10, subline: 0000, cache_type: 0, owner: 000000
# Msg send: addr: 0xfff1010000, dst_x: 00000000, dst_y: 00000000, dst_fbits: 0000
# Msg send data: 0x1b0410007e0473251b0410007e047325
# src x: 00000000, src y: 00000000
# sdid:    0, lsid:  0
#             33442500
# TILE0 noc2 flit raw: 0x0000000001074048
#             33443500
# TILE0 noc2 flit raw: 0x1b0410007e047325
#             33444500
# TILE0 noc2 flit raw: 0x1b0410007e047325
#             33445500
# TILE0 noc2 flit raw: 0x1b0410007e047325
#             33446500
# TILE0 noc2 flit raw: 0x1b0410007e047325
# 33450000 TILE0 L1.5: Received NOC2                                                MSG_TYPE_DATA_ACK   mshrid 1, l2miss 1, f4b 0, ackstate 0, address 0x0410007e04
#    Data1: 0x1b0410007e047325
#    Data2: 0x1b0410007e047325
#    Data3: 0x1b0410007e047325
#    Data4: 0x1b0410007e047325
# 
#             33450000 L15 TILE0:
# NoC1 credit:  8
# NoC1 reserved credit:  0
# TILE0 Pipeline: *  X  X 
# Stage 1 status:    Operation: L15_REQTYPE_ACKDT_IFILL
#    TILE0 S1 Address: 0x0000000000
# L15_MON_END
# 
# 
#             33451000 L15 TILE0:
# NoC1 credit:  8
# NoC1 reserved credit:  0
# TILE0 Pipeline: X  *  X 
# Stage 2 status:    Operation: L15_REQTYPE_ACKDT_IFILL
#    TILE0 S2 Address: 0x0000000000
#    TILE0 S2 Cache index:   0
# L15_MON_END
# 
# 33453000 TILE0 L1.5 th0: Sent CPX IFILL_RET   l2miss 1, nc 1, atomic 0, threadid 0, pf 0, f4b 0, iia 0, dia 0, dinval 0, iinval 0, invalway 0, blkinit 0
#    Data0: 0x1b0410007e047325
#    Data1: 0x1b0410007e047325
#    Data2: 0x1b0410007e047325
#    Data3: 0x1b0410007e047325
# 
#             33453000 L15 TILE0:
# NoC1 credit:  8
# NoC1 reserved credit:  0
# TILE0 Pipeline: X  X  * 
# Stage 3 status:    Operation: L15_REQTYPE_ACKDT_IFILL
#    TILE0 S3 Address: 0x0000000000
# L15_MON_END
# 
# 33457000 TILE0 L1.5 th0: Received PCX PCX_REQTYPE_IFILL   Addr 0xfff1010004, nc 1, size 3, invalall 0, pf 0, bs 0, bsi 0, l1way 0
#    Data: 0x0000000000000000
#    CSM HDID:    0, HD_SIZE:  0, SDID:    0, LSID:  0
#    CSM Data: 0x000000000
# 
#             33457000 L15 TILE0:
# NoC1 credit:  8
# NoC1 reserved credit:  0
# TILE0 Pipeline: *  X  X 
# Stage 1 status:    Operation: L15_REQTYPE_IFILL
#    TILE0 S1 Address: 0xfff1010004
# L15_MON_END
# 
# 
#             33458000 L15 TILE0:
# NoC1 credit:  7
# NoC1 reserved credit:  0
# TILE0 Pipeline: X  *  X 
# Stage 2 status:    Operation: L15_REQTYPE_IFILL
#    TILE0 S2 Address: 0xfff1010004
#    TILE0 S2 Cache index:   0
#    CSM op:  1
#       CSM read ticket: 0x1
# L15_MON_END
# 
#             33458000: TILE0 L15_CSM REQ MON:
# L15 CSM req addr: 0xfff1010004
# L15 CSM req ticket: 1
# L15 CSM req type: 0
# L15 CSM req data: 0x00000000000000000000000000000000
# L15 CSM req pcx data: 0x000000000
# 
#             33459000 L15 TILE0:
# NoC1 credit:  7
# NoC1 reserved credit:  0
# TILE0 Pipeline: X  X  * 
# Stage 3 status:    Operation: L15_REQTYPE_IFILL
#    TILE0 S3 Address: 0xfff1010004
# L15_MON_END
# 
#             33459000: TILE0 L15_CSM RES MON:
# L15 CSM res data: 0x0000000000000000
#             33460000
# TILE0 noc1 flit raw: 0x0000000000838040
#    srcX:   0, srcY:   0
#    destX:   0, destY:   0
#             33461000
# TILE0 noc1 flit raw: 0x00fff10100040b00
#    srcX:   0, srcY:   0
#    destX:   0, destY:   0
#             33462000
# TILE0 noc1 flit raw: 0x0000000000000000
#    srcX:   0, srcY:   0
#    destX:   0, destY:   0
# 33462000 TILE0 L1.5: Sending NOC1                                   L15_NOC1_REQTYPE_IFILL_REQUEST   mshrid 1, nc 1, size 3, pf 0, address fff1010004
#    Data0: 0x0000000000000000
#    Data1: 0x0000000000000000
#    Destination X:   0 Y:   0
# TILE0-------------------------------------
#             33466500
#             33466500 P1S1 msg type:    nc_ld_req   addr: 0xfff1010004, Data_size: 011, cache_type: 1
# P1S1 valid: stall: 0, stall_pre: 0, stall_hazard: 0, stall_mshr: 0, stall_msg: 0, stall_global: 0
# Control signals: 111
# CSM enable: 0
# Special addr type: 0
# Msg from mshr: 0
# P1S1 addr: 0xfff1010004
# Mshr_addr: 0x00
# Tag_addr: 0x00
# Tag data in: 0x00000000000000000000000000
# Tag data mask in: 0x00000000000000000003ffffff
# State_rd_addr: 0x00
# Msg data: 0x0000000000000000
# Msg length: 00000010
# src x: 00000000, src y: 00000000
# sdid:    0, lsid:  0
# TILE0-------------------------------------
#             33467500
#             33467500 P1S2 msg type:    nc_ld_req   addr: 0xfff1010004, Data_size: 011, cache_type: 1
# P1S2 valid: recycle: 0, stall: 0, stall_pre: 0, stall_real: 0, stall_load: 0, stall_msg: 0, stall_global: 0
# Control signals: 000001000110000000000000000
# CSM enable: 0
# Special addr type: 0
# Msg from mshr: 0
# P1S2 addr: 0xfff1010004
# P1S2 valid: l2_way_sel: 00, l2_hit: 0, l2_evict: 0, l2_wb: 0
# State VD bits: 00 00 00 00
# State: rb: 00, lru: 0000, mesi: 00, vd: 00, subline: 0000, cache_type: 0, owner: 000000
# Msg data valid: 0
# Msg data ready: 0
# Msg data: 0x0000000000000000
# Return data: 0x0000000000000000
# State data: 0x00000000000000000
# Tag data: 0x00000000000000000003ffc404
# Dir addr: 0x000
# Dir data: 0xffffffffffffffff
# Dir data mask: 0x0000000000000001
# Data addr: 0x000
# Data data: 0x000000000000000000000000000000000000
# Data data mask: 0x000000000000000000ffffffffffffffffff
# State data in: 0x10080010002000400
# State data mask in: 0x00000000000000000
# src x: 00000000, src y: 00000000
# sdid:    0, lsid:  0
# TILE0-------------------------------------
#             33468500
#             33468500 P1S3 msg type:    nc_ld_req   addr: 0xfff1010004, Data_size: 011, cache_type: 1
# P1S3 valid: recycle: 0, stall: 0
# State wr en: 0
# Dir data: 0xxxxxxxxxxxxxxxxx
# CSM enable: 0
# Msg from mshr: 0
# P1S3 addr: 0xfff1010004
# P1S3 valid: l2_hit: 0, l2_evict: 0
# Data data: 0x4c1b0410007e0473254c1b0410007e047325
# State:mesi: 00, vd: 00, subline: 0000, cache_type: 0, owner: 000000
# sdid:    0, lsid:  0
# TILE0-------------------------------------
#             33469500
#             33469500 P1S4 msg type:    nc_ld_req   addr: 0xfff1010004, Data_size: 011, cache_type: 1
# P1S4 valid: recycle: 0, stall: 0, msg_stall: 0, dir_data_stall: 0, stall_inv_counter: 0, stall_smc_buf: 0, smc_stall: 0, global_stall: 0, broadcast_stall: 0
# Control signals: 0100010011000011110
# CSM enable: 0
# broadcast coreid: (    0,   0,   0)
# broadcast state: 0, broadcast op val: 0
# Special addr type: 0
# MSHR state wr en: 1
# MSHR data wr en: 1
# MSHR data wr : 0x0000000000000000000439c04fff1010004
# MSHR inv counter :  0
# State wr en: 0
# Dir data: 0xxxxxxxxxxxxxxxxx
# Dir sharer counter:  1
# State data in: 0x00000000000000000
# State data mask in: 0x00000000000000000
# State wr addr: 0x00
# Msg data: 0x0000000000000000
# SMC miss: 0
# SMC data out: 0x00000000
# SMC tag out: 0x0000
# SMC valid out: 0x0
# Msg send valid: 1, send ready: 1, mode: 100, length: 00000010
# Msg send type:      ld_mem    Msg send data_size: 011, cache_type: 0, mesi: 00, l2_miss: 1, mshrid: 00000000, subline_vector: 0000
# Msg from mshr: 0
# P1S4 addr: 0xfff1010004
# P1S4 valid: l2_hit: 0, l2_evict: 0
# Data data: 0x4c1b0410007e0473254c1b0410007e047325
# State:mesi: 00, vd: 00, subline: 0000, cache_type: 0, owner: 000000
# Msg send: addr: 0xfff1010004, dst_x: 00000000, dst_y: 00000000, dst_fbits: 0010
# Msg send data: 0x1b0410007e0473251b0410007e047325
# src x: 00000000, src y: 00000000
# sdid:    0, lsid:  0
#             33470500
# TILE0 noc2 flit raw: 0x800000008084c008
#             33471500
# TILE0 noc2 flit raw: 0x00fff10100040300
#             33472500
# TILE0 noc2 flit raw: 0x0000000000000000
#             33608500
# TILE0 noc3 flit raw: 0x0000000002060000
# TILE0-------------------------------------
#             33609500
# P2S1 msg type:    ld_mem_ack  Data_size: 011, cache_type: 1, last_subline: 0
# P2S1 valid: stall: 0, stall_pre: 0, stall_hazard: 0
# Control signals: 100
# CSM enable: 0
# SMC miss: 0
# Msg from mshr: 1
# Msg length: 00001000
# P2S1 addr: 0xfff1010004
# Mshr_rd_index: 000
# Tag_addr: 0x00
# Tag_data_in: 0xfff1013ffc404fff1013ffc404
# Tag_data_mask_in: 0x00000000000000000003ffffff
# State_rd_addr: 0x00
# src x: 00000000, src y: 00000000
#             33613500
# TILE0 noc3 flit raw: 0x1b0410007e047325
#             33618500
# TILE0 noc3 flit raw: 0x1b0410007e047325
# TILE0-------------------------------------
#             33619500
# P2S2 msg type:    ld_mem_ack  Data_size: 011, cache_type: 1, last_subline: 0
# P2S2 valid: stall: 1, stall_real: 0, stall_load: 1
# Control signals: 1101000100011000000
# CSM enable: 0
# broadcast coreid: (    0,   0,   0)
# broadcast op val: 0
# SMC miss: 0
# Msg from mshr: 1
# P2S2 addr: 0xfff1010004
# P2S2 valid: l2_way_sel: 00, l2_hit: 0, l2_wb: 0
# state: mesi: 00, vd: 00, subline: 0000, cache_type: 0, owner: 000000
# State data: 0x00000000000000000
# Tag data: 0x00000000000000000003ffc404
# Dir addr: 0x000
# Dir data: 0x0000000000000000
# Dir data mask: 0xffffffffffffffff
# Data addr: 0x000
# Data data: 0x4c1b0410007e0473254c1b0410007e047325
# Data data mask: 0xffffffffffffffffffffffffffffffffffff
# State data in: 0x1028005000a001400
# State data mask: 0x00000000000000000
# src x: 00000000, src y: 00000000
#             33633500
# TILE0 noc3 flit raw: 0x1b0410007e047325
#             33638500
# TILE0 noc3 flit raw: 0x1b0410007e047325
# TILE0-------------------------------------
#             33639500
# P2S2 msg type:    ld_mem_ack  Data_size: 011, cache_type: 1, last_subline: 0
# P2S2 valid: stall: 1, stall_real: 0, stall_load: 1
# Control signals: 1101000100011000000
# CSM enable: 0
# broadcast coreid: (    0,   0,   0)
# broadcast op val: 0
# SMC miss: 0
# Msg from mshr: 1
# P2S2 addr: 0xfff1010004
# P2S2 valid: l2_way_sel: 00, l2_hit: 0, l2_wb: 0
# state: mesi: 00, vd: 00, subline: 0000, cache_type: 0, owner: 000000
# State data: 0x00000000000000000
# Tag data: 0x00000000000000000003ffc404
# Dir addr: 0x000
# Dir data: 0x0000000000000000
# Dir data mask: 0xffffffffffffffff
# Data addr: 0x001
# Data data: 0x4c1b0410007e0473254c1b0410007e047325
# Data data mask: 0xffffffffffffffffffffffffffffffffffff
# State data in: 0x1028005000a001400
# State data mask: 0x00000000000000000
# src x: 00000000, src y: 00000000
#             33644500
# TILE0 noc3 flit raw: 0x1b0410007e047325
#             33658500
# TILE0 noc3 flit raw: 0x1b0410007e047325
# TILE0-------------------------------------
#             33659500
# P2S2 msg type:    ld_mem_ack  Data_size: 011, cache_type: 1, last_subline: 0
# P2S2 valid: stall: 1, stall_real: 0, stall_load: 1
# Control signals: 1101000100011000000
# CSM enable: 0
# broadcast coreid: (    0,   0,   0)
# broadcast op val: 0
# SMC miss: 0
# Msg from mshr: 1
# P2S2 addr: 0xfff1010004
# P2S2 valid: l2_way_sel: 00, l2_hit: 0, l2_wb: 0
# state: mesi: 00, vd: 00, subline: 0000, cache_type: 0, owner: 000000
# State data: 0x00000000000000000
# Tag data: 0x00000000000000000003ffc404
# Dir addr: 0x000
# Dir data: 0x0000000000000000
# Dir data mask: 0xffffffffffffffff
# Data addr: 0x002
# Data data: 0x4c1b0410007e0473254c1b0410007e047325
# Data data mask: 0xffffffffffffffffffffffffffffffffffff
# State data in: 0x1028005000a001400
# State data mask: 0x00000000000000000
# src x: 00000000, src y: 00000000
#             33664500
# TILE0 noc3 flit raw: 0x1b0410007e047325
#             33670500
# TILE0 noc3 flit raw: 0x1b0410007e047325
# TILE0-------------------------------------
#             33671500
# P2S2 msg type:    ld_mem_ack  Data_size: 011, cache_type: 1, last_subline: 0
# P2S2 valid: stall: 0, stall_real: 0, stall_load: 0
# Control signals: 1101000100011000000
# CSM enable: 0
# broadcast coreid: (    0,   0,   0)
# broadcast op val: 0
# SMC miss: 0
# Msg from mshr: 1
# P2S2 addr: 0xfff1010004
# P2S2 valid: l2_way_sel: 00, l2_hit: 0, l2_wb: 0
# state: mesi: 00, vd: 00, subline: 0000, cache_type: 0, owner: 000000
# State data: 0x00000000000000000
# Tag data: 0x00000000000000000003ffc404
# Dir addr: 0x000
# Dir data: 0x0000000000000000
# Dir data mask: 0xffffffffffffffff
# Data addr: 0x003
# Data data: 0x4c1b0410007e0473254c1b0410007e047325
# Data data mask: 0xffffffffffffffffffffffffffffffffffff
# State data in: 0x1028005000a001400
# State data mask: 0x00000000000001bc0
# src x: 00000000, src y: 00000000
# TILE0-------------------------------------
#             33672500
# SMC miss: 0
# CSM enable: 0
# P2S3 State wr addr: 0x00
# Mshr wr index: 000
# MSHR state wr en: 1
# MSHR inc inv counter en: 0
# State wr en: 1
# TILE0-------------------------------------
#             33673500
#             33673500 P1S1 msg type:    nc_ld_req   addr: 0xfff1010004, Data_size: 011, cache_type: 1
# P1S1 valid: stall: 0, stall_pre: 0, stall_hazard: 0, stall_mshr: 0, stall_msg: 0, stall_global: 0
# Control signals: 111
# CSM enable: 0
# Special addr type: 0
# Msg from mshr: 1
# P1S1 addr: 0xfff1010004
# Mshr_addr: 0x00
# Tag_addr: 0x00
# Tag data in: 0x00000000000000000000000000
# Tag data mask in: 0x00000000000000000003ffffff
# State_rd_addr: 0x00
# Msg data: 0x0000000000000000
# Msg length: 00000000
# src x: 00000000, src y: 00000000
# sdid:    0, lsid:  0
# TILE0-------------------------------------
#             33674500
#             33674500 P1S2 msg type:    nc_ld_req   addr: 0xfff1010004, Data_size: 011, cache_type: 1
# P1S2 valid: recycle: 0, stall: 1, stall_pre: 0, stall_real: 0, stall_load: 1, stall_msg: 0, stall_global: 0
# Control signals: 000001001100000000010000010
# CSM enable: 0
# Special addr type: 0
# Msg from mshr: 1
# P1S2 addr: 0xfff1010004
# P1S2 valid: l2_way_sel: 00, l2_hit: 1, l2_evict: 0, l2_wb: 0
# State VD bits: 00 00 00 10
# State: rb: 00, lru: 0000, mesi: 00, vd: 10, subline: 0000, cache_type: 0, owner: 000000
# Msg data valid: 0
# Msg data ready: 0
# Msg data: 0x0000000000000000
# Return data: 0x0000000000000000
# State data: 0x00000000000001000
# Tag data: 0x00000000000000000003ffc404
# Dir addr: 0x000
# Dir data: 0xffffffffffffffff
# Dir data mask: 0x0000000000000001
# Data addr: 0x000
# Data data: 0x000000000000000000000000000000000000
# Data data mask: 0x000000000000000000ffffffffffffffffff
# State data in: 0x10080010002000400
# State data mask in: 0x0f000000000001800
# src x: 00000000, src y: 00000000
# sdid:    0, lsid:  0
# TILE0-------------------------------------
#             33675500
#             33675500 P1S2 msg type:    nc_ld_req   addr: 0xfff1010004, Data_size: 011, cache_type: 1
# P1S2 valid: recycle: 0, stall: 0, stall_pre: 0, stall_real: 0, stall_load: 0, stall_msg: 0, stall_global: 0
# Control signals: 000001001100000000010000010
# CSM enable: 0
# Special addr type: 0
# Msg from mshr: 1
# P1S2 addr: 0xfff1010004
# P1S2 valid: l2_way_sel: 00, l2_hit: 1, l2_evict: 0, l2_wb: 0
# State VD bits: 00 00 00 10
# State: rb: 00, lru: 0000, mesi: 00, vd: 10, subline: 0000, cache_type: 0, owner: 000000
# Msg data valid: 0
# Msg data ready: 0
# Msg data: 0x0000000000000000
# Return data: 0x0000000000000000
# State data: 0x00000000000001000
# Tag data: 0x00000000000000000003ffc404
# Dir addr: 0x000
# Dir data: 0xffffffffffffffff
# Dir data mask: 0x0000000000000001
# Data addr: 0x001
# Data data: 0x000000000000000000000000000000000000
# Data data mask: 0x000000000000000000ffffffffffffffffff
# State data in: 0x10080010002000400
# State data mask in: 0x0f000000000001800
# src x: 00000000, src y: 00000000
# sdid:    0, lsid:  0
# TILE0-------------------------------------
#             33675500
#             33675500 P1S3 msg type:    nc_ld_req   addr: 0xfff1010004, Data_size: 011, cache_type: 1
# P1S3 valid: recycle: 0, stall: 0
# State wr en: 0
# Dir data: 0xxxxxxxxxxxxxxxxx
# CSM enable: 0
# Msg from mshr: 1
# P1S3 addr: 0xfff1010004
# P1S3 valid: l2_hit: 1, l2_evict: 0
# Data data: 0x4c1b0410007e0473254c1b0410007e047325
# State:mesi: 00, vd: 10, subline: 0000, cache_type: 0, owner: 000000
# sdid:    0, lsid:  0
# TILE0-------------------------------------
#             33676500
#             33676500 P1S3 msg type:    nc_ld_req   addr: 0xfff1010004, Data_size: 011, cache_type: 1
# P1S3 valid: recycle: 0, stall: 0
# State wr en: 1
# Dir data: 0xxxxxxxxxxxxxxxxx
# CSM enable: 0
# Msg from mshr: 1
# P1S3 addr: 0xfff1010004
# P1S3 valid: l2_hit: 1, l2_evict: 0
# Data data: 0x4c1b0410007e0473254c1b0410007e047325
# State:mesi: 00, vd: 10, subline: 0000, cache_type: 0, owner: 000000
# sdid:    0, lsid:  0
# TILE0-------------------------------------
#             33676500
#             33676500 P1S4 msg type:    nc_ld_req   addr: 0xfff1010004, Data_size: 011, cache_type: 1
# P1S4 valid: recycle: 0, stall: 0, msg_stall: 0, dir_data_stall: 0, stall_inv_counter: 0, stall_smc_buf: 0, smc_stall: 0, global_stall: 0, broadcast_stall: 0
# Control signals: 0100011101000011110
# CSM enable: 0
# broadcast coreid: (    0,   0,   0)
# broadcast state: 0, broadcast op val: 0
# Special addr type: 0
# MSHR state wr en: 0
# MSHR data wr en: 0
# MSHR data wr : 0x0000000000000000000439c04fff1010004
# MSHR inv counter :  0
# State wr en: 0
# Dir data: 0xxxxxxxxxxxxxxxxx
# Dir sharer counter:  1
# State data in: 0x00000000000000000
# State data mask in: 0x0f000000000001800
# State wr addr: 0x00
# Msg data: 0x0000000000000000
# SMC miss: 0
# SMC data out: 0x00000000
# SMC tag out: 0x0000
# SMC valid out: 0x0
# Msg send valid: 1, send ready: 1, mode: 011, length: 00000100
# Msg send type:     data_ack   Msg send data_size: 000, cache_type: 1, mesi: 00, l2_miss: 1, mshrid: 00000001, subline_vector: 0000
# Msg from mshr: 1
# P1S4 addr: 0xfff1010004
# P1S4 valid: l2_hit: 1, l2_evict: 0
# Data data: 0x4c1b0410007e0473254c1b0410007e047325
# State:mesi: 00, vd: 10, subline: 0000, cache_type: 0, owner: 000000
# Msg send: addr: 0xfff1010004, dst_x: 00000000, dst_y: 00000000, dst_fbits: 0000
# Msg send data: 0x1b0410007e0473251b0410007e047325
# src x: 00000000, src y: 00000000
# sdid:    0, lsid:  0
# TILE0-------------------------------------
#             33677500
#             33677500 P1S4 msg type:    nc_ld_req   addr: 0xfff1010004, Data_size: 011, cache_type: 1
# P1S4 valid: recycle: 0, stall: 0, msg_stall: 0, dir_data_stall: 0, stall_inv_counter: 0, stall_smc_buf: 0, smc_stall: 0, global_stall: 0, broadcast_stall: 0
# Control signals: 0100011101000011110
# CSM enable: 0
# broadcast coreid: (    0,   0,   0)
# broadcast state: 0, broadcast op val: 0
# Special addr type: 0
# MSHR state wr en: 0
# MSHR data wr en: 0
# MSHR data wr : 0x0000000000000000000439c04fff1010004
# MSHR inv counter :  0
# State wr en: 1
# Dir data: 0xxxxxxxxxxxxxxxxx
# Dir sharer counter:  1
# State data in: 0x00000000000000000
# State data mask in: 0x0f000000000001800
# State wr addr: 0x00
# Msg data: 0x0000000000000000
# SMC miss: 0
# SMC data out: 0x00000000
# SMC tag out: 0x0000
# SMC valid out: 0x0
# Msg send valid: 1, send ready: 1, mode: 111, length: 00000100
# Msg send type:     data_ack   Msg send data_size: 000, cache_type: 1, mesi: 00, l2_miss: 1, mshrid: 00000001, subline_vector: 0000
# Msg from mshr: 1
# P1S4 addr: 0xfff1010004
# P1S4 valid: l2_hit: 1, l2_evict: 0
# Data data: 0x4c1b0410007e0473254c1b0410007e047325
# State:mesi: 00, vd: 10, subline: 0000, cache_type: 0, owner: 000000
# Msg send: addr: 0xfff1010004, dst_x: 00000000, dst_y: 00000000, dst_fbits: 0000
# Msg send data: 0x1b0410007e0473251b0410007e047325
# src x: 00000000, src y: 00000000
# sdid:    0, lsid:  0
#             33677500
# TILE0 noc2 flit raw: 0x0000000001074048
#             33678500
# TILE0 noc2 flit raw: 0x1b0410007e047325
#             33679500
# TILE0 noc2 flit raw: 0x1b0410007e047325
#             33680500
# TILE0 noc2 flit raw: 0x1b0410007e047325
#             33681500
# TILE0 noc2 flit raw: 0x1b0410007e047325
# 33685000 TILE0 L1.5: Received NOC2                                                MSG_TYPE_DATA_ACK   mshrid 1, l2miss 1, f4b 0, ackstate 0, address 0x0410007e04
#    Data1: 0x1b0410007e047325
#    Data2: 0x1b0410007e047325
#    Data3: 0x1b0410007e047325
#    Data4: 0x1b0410007e047325
# 
#             33685000 L15 TILE0:
# NoC1 credit:  8
# NoC1 reserved credit:  0
# TILE0 Pipeline: *  X  X 
# Stage 1 status:    Operation: L15_REQTYPE_ACKDT_IFILL
#    TILE0 S1 Address: 0x0000000000
# L15_MON_END
# 
# 
#             33686000 L15 TILE0:
# NoC1 credit:  8
# NoC1 reserved credit:  0
# TILE0 Pipeline: X  *  X 
# Stage 2 status:    Operation: L15_REQTYPE_ACKDT_IFILL
#    TILE0 S2 Address: 0x0000000000
#    TILE0 S2 Cache index:   0
# L15_MON_END
# 
# 33687000 TILE0 L1.5 th0: Sent CPX IFILL_RET   l2miss 1, nc 1, atomic 0, threadid 0, pf 0, f4b 0, iia 0, dia 0, dinval 0, iinval 0, invalway 0, blkinit 0
#    Data0: 0x1b0410007e047325
#    Data1: 0x1b0410007e047325
#    Data2: 0x1b0410007e047325
#    Data3: 0x1b0410007e047325
# 
#             33687000 L15 TILE0:
# NoC1 credit:  8
# NoC1 reserved credit:  0
# TILE0 Pipeline: X  X  * 
# Stage 3 status:    Operation: L15_REQTYPE_ACKDT_IFILL
#    TILE0 S3 Address: 0x0000000000
# L15_MON_END
# 
# 33691000 TILE0 L1.5 th0: Received PCX PCX_REQTYPE_IFILL   Addr 0xfff1010008, nc 1, size 3, invalall 0, pf 0, bs 0, bsi 0, l1way 0
#    Data: 0x0000000000000000
#    CSM HDID:    0, HD_SIZE:  0, SDID:    0, LSID:  0
#    CSM Data: 0x000000000
# 
#             33691000 L15 TILE0:
# NoC1 credit:  8
# NoC1 reserved credit:  0
# TILE0 Pipeline: *  X  X 
# Stage 1 status:    Operation: L15_REQTYPE_IFILL
#    TILE0 S1 Address: 0xfff1010008
# L15_MON_END
# 
# 
#             33692000 L15 TILE0:
# NoC1 credit:  7
# NoC1 reserved credit:  0
# TILE0 Pipeline: X  *  X 
# Stage 2 status:    Operation: L15_REQTYPE_IFILL
#    TILE0 S2 Address: 0xfff1010008
#    TILE0 S2 Cache index:   0
#    CSM op:  1
#       CSM read ticket: 0x1
# L15_MON_END
# 
#             33692000: TILE0 L15_CSM REQ MON:
# L15 CSM req addr: 0xfff1010008
# L15 CSM req ticket: 1
# L15 CSM req type: 0
# L15 CSM req data: 0x00000000000000000000000000000000
# L15 CSM req pcx data: 0x000000000
# 
#             33693000 L15 TILE0:
# NoC1 credit:  7
# NoC1 reserved credit:  0
# TILE0 Pipeline: X  X  * 
# Stage 3 status:    Operation: L15_REQTYPE_IFILL
#    TILE0 S3 Address: 0xfff1010008
# L15_MON_END
# 
#             33693000: TILE0 L15_CSM RES MON:
# L15 CSM res data: 0x0000000000000000
#             33694000
# TILE0 noc1 flit raw: 0x0000000000838040
#    srcX:   0, srcY:   0
#    destX:   0, destY:   0
#             33695000
# TILE0 noc1 flit raw: 0x00fff10100080b00
#    srcX:   0, srcY:   0
#    destX:   0, destY:   0
#             33696000
# TILE0 noc1 flit raw: 0x0000000000000000
#    srcX:   0, srcY:   0
#    destX:   0, destY:   0
# 33696000 TILE0 L1.5: Sending NOC1                                   L15_NOC1_REQTYPE_IFILL_REQUEST   mshrid 1, nc 1, size 3, pf 0, address fff1010008
#    Data0: 0x0000000000000000
#    Data1: 0x0000000000000000
#    Destination X:   0 Y:   0
# TILE0-------------------------------------
#             33700500
#             33700500 P1S1 msg type:    nc_ld_req   addr: 0xfff1010008, Data_size: 011, cache_type: 1
# P1S1 valid: stall: 0, stall_pre: 0, stall_hazard: 0, stall_mshr: 0, stall_msg: 0, stall_global: 0
# Control signals: 111
# CSM enable: 0
# Special addr type: 0
# Msg from mshr: 0
# P1S1 addr: 0xfff1010008
# Mshr_addr: 0x00
# Tag_addr: 0x00
# Tag data in: 0x00000000000000000000000000
# Tag data mask in: 0x00000000000000000003ffffff
# State_rd_addr: 0x00
# Msg data: 0x0000000000000000
# Msg length: 00000010
# src x: 00000000, src y: 00000000
# sdid:    0, lsid:  0
# TILE0-------------------------------------
#             33701500
#             33701500 P1S2 msg type:    nc_ld_req   addr: 0xfff1010008, Data_size: 011, cache_type: 1
# P1S2 valid: recycle: 0, stall: 0, stall_pre: 0, stall_real: 0, stall_load: 0, stall_msg: 0, stall_global: 0
# Control signals: 000001000110000000000000000
# CSM enable: 0
# Special addr type: 0
# Msg from mshr: 0
# P1S2 addr: 0xfff1010008
# P1S2 valid: l2_way_sel: 00, l2_hit: 0, l2_evict: 0, l2_wb: 0
# State VD bits: 00 00 00 00
# State: rb: 00, lru: 0000, mesi: 00, vd: 00, subline: 0000, cache_type: 0, owner: 000000
# Msg data valid: 0
# Msg data ready: 0
# Msg data: 0x0000000000000000
# Return data: 0x0000000000000000
# State data: 0x00000000000000000
# Tag data: 0x00000000000000000003ffc404
# Dir addr: 0x000
# Dir data: 0xffffffffffffffff
# Dir data mask: 0x0000000000000001
# Data addr: 0x000
# Data data: 0x000000000000000000000000000000000000
# Data data mask: 0xffffffffffffffffff000000000000000000
# State data in: 0x10080010002000400
# State data mask in: 0x00000000000000000
# src x: 00000000, src y: 00000000
# sdid:    0, lsid:  0
# TILE0-------------------------------------
#             33702500
#             33702500 P1S3 msg type:    nc_ld_req   addr: 0xfff1010008, Data_size: 011, cache_type: 1
# P1S3 valid: recycle: 0, stall: 0
# State wr en: 0
# Dir data: 0xxxxxxxxxxxxxxxxx
# CSM enable: 0
# Msg from mshr: 0
# P1S3 addr: 0xfff1010008
# P1S3 valid: l2_hit: 0, l2_evict: 0
# Data data: 0x4c1b0410007e0473254c1b0410007e047325
# State:mesi: 00, vd: 00, subline: 0000, cache_type: 0, owner: 000000
# sdid:    0, lsid:  0
# TILE0-------------------------------------
#             33703500
#             33703500 P1S4 msg type:    nc_ld_req   addr: 0xfff1010008, Data_size: 011, cache_type: 1
# P1S4 valid: recycle: 0, stall: 0, msg_stall: 0, dir_data_stall: 0, stall_inv_counter: 0, stall_smc_buf: 0, smc_stall: 0, global_stall: 0, broadcast_stall: 0
# Control signals: 0100010011000011110
# CSM enable: 0
# broadcast coreid: (    0,   0,   0)
# broadcast state: 0, broadcast op val: 0
# Special addr type: 0
# MSHR state wr en: 1
# MSHR data wr en: 1
# MSHR data wr : 0x0000000000000000000439c04fff1010008
# MSHR inv counter :  0
# State wr en: 0
# Dir data: 0xxxxxxxxxxxxxxxxx
# Dir sharer counter:  1
# State data in: 0x00000000000000000
# State data mask in: 0x00000000000000000
# State wr addr: 0x00
# Msg data: 0x0000000000000000
# SMC miss: 0
# SMC data out: 0x00000000
# SMC tag out: 0x0000
# SMC valid out: 0x0
# Msg send valid: 1, send ready: 1, mode: 100, length: 00000010
# Msg send type:      ld_mem    Msg send data_size: 011, cache_type: 0, mesi: 00, l2_miss: 1, mshrid: 00000000, subline_vector: 0000
# Msg from mshr: 0
# P1S4 addr: 0xfff1010008
# P1S4 valid: l2_hit: 0, l2_evict: 0
# Data data: 0x4c1b0410007e0473254c1b0410007e047325
# State:mesi: 00, vd: 00, subline: 0000, cache_type: 0, owner: 000000
# Msg send: addr: 0xfff1010008, dst_x: 00000000, dst_y: 00000000, dst_fbits: 0010
# Msg send data: 0x1b0410007e0473251b0410007e047325
# src x: 00000000, src y: 00000000
# sdid:    0, lsid:  0
#             33704500
# TILE0 noc2 flit raw: 0x800000008084c008
#             33705500
# TILE0 noc2 flit raw: 0x00fff10100080300
#             33706500
# TILE0 noc2 flit raw: 0x0000000000000000
#             33845500
# TILE0 noc3 flit raw: 0x0000000002060000
# TILE0-------------------------------------
#             33846500
# P2S1 msg type:    ld_mem_ack  Data_size: 011, cache_type: 1, last_subline: 0
# P2S1 valid: stall: 0, stall_pre: 0, stall_hazard: 0
# Control signals: 100
# CSM enable: 0
# SMC miss: 0
# Msg from mshr: 1
# Msg length: 00001000
# P2S1 addr: 0xfff1010008
# Mshr_rd_index: 000
# Tag_addr: 0x00
# Tag_data_in: 0xfff1013ffc404fff1013ffc404
# Tag_data_mask_in: 0x00000000000000000003ffffff
# State_rd_addr: 0x00
# src x: 00000000, src y: 00000000
#             33850500
# TILE0 noc3 flit raw: 0x40f1970500009385
#             33856500
# TILE0 noc3 flit raw: 0x40f1970500009385
# TILE0-------------------------------------
#             33857500
# P2S2 msg type:    ld_mem_ack  Data_size: 011, cache_type: 1, last_subline: 0
# P2S2 valid: stall: 1, stall_real: 0, stall_load: 1
# Control signals: 1101000100011000000
# CSM enable: 0
# broadcast coreid: (    0,   0,   0)
# broadcast op val: 0
# SMC miss: 0
# Msg from mshr: 1
# P2S2 addr: 0xfff1010008
# P2S2 valid: l2_way_sel: 00, l2_hit: 0, l2_wb: 0
# state: mesi: 00, vd: 00, subline: 0000, cache_type: 0, owner: 000000
# State data: 0x00000000000000000
# Tag data: 0x00000000000000000003ffc404
# Dir addr: 0x000
# Dir data: 0x0000000000000000
# Dir data mask: 0xffffffffffffffff
# Data addr: 0x000
# Data data: 0xdd40f1970500009385dd40f1970500009385
# Data data mask: 0xffffffffffffffffffffffffffffffffffff
# State data in: 0x1028005000a001400
# State data mask: 0x00000000000000000
# src x: 00000000, src y: 00000000
#             33867500
# TILE0 noc3 flit raw: 0x40f1970500009385
#             33873500
# TILE0 noc3 flit raw: 0x40f1970500009385
# TILE0-------------------------------------
#             33874500
# P2S2 msg type:    ld_mem_ack  Data_size: 011, cache_type: 1, last_subline: 0
# P2S2 valid: stall: 1, stall_real: 0, stall_load: 1
# Control signals: 1101000100011000000
# CSM enable: 0
# broadcast coreid: (    0,   0,   0)
# broadcast op val: 0
# SMC miss: 0
# Msg from mshr: 1
# P2S2 addr: 0xfff1010008
# P2S2 valid: l2_way_sel: 00, l2_hit: 0, l2_wb: 0
# state: mesi: 00, vd: 00, subline: 0000, cache_type: 0, owner: 000000
# State data: 0x00000000000000000
# Tag data: 0x00000000000000000003ffc404
# Dir addr: 0x000
# Dir data: 0x0000000000000000
# Dir data mask: 0xffffffffffffffff
# Data addr: 0x001
# Data data: 0xdd40f1970500009385dd40f1970500009385
# Data data mask: 0xffffffffffffffffffffffffffffffffffff
# State data in: 0x1028005000a001400
# State data mask: 0x00000000000000000
# src x: 00000000, src y: 00000000
#             33878500
# TILE0 noc3 flit raw: 0x40f1970500009385
#             33893500
# TILE0 noc3 flit raw: 0x40f1970500009385
# TILE0-------------------------------------
#             33894500
# P2S2 msg type:    ld_mem_ack  Data_size: 011, cache_type: 1, last_subline: 0
# P2S2 valid: stall: 1, stall_real: 0, stall_load: 1
# Control signals: 1101000100011000000
# CSM enable: 0
# broadcast coreid: (    0,   0,   0)
# broadcast op val: 0
# SMC miss: 0
# Msg from mshr: 1
# P2S2 addr: 0xfff1010008
# P2S2 valid: l2_way_sel: 00, l2_hit: 0, l2_wb: 0
# state: mesi: 00, vd: 00, subline: 0000, cache_type: 0, owner: 000000
# State data: 0x00000000000000000
# Tag data: 0x00000000000000000003ffc404
# Dir addr: 0x000
# Dir data: 0x0000000000000000
# Dir data mask: 0xffffffffffffffff
# Data addr: 0x002
# Data data: 0xdd40f1970500009385dd40f1970500009385
# Data data mask: 0xffffffffffffffffffffffffffffffffffff
# State data in: 0x1028005000a001400
# State data mask: 0x00000000000000000
# src x: 00000000, src y: 00000000
#             33898500
# TILE0 noc3 flit raw: 0x40f1970500009385
#             33904500
# TILE0 noc3 flit raw: 0x40f1970500009385
# TILE0-------------------------------------
#             33905500
# P2S2 msg type:    ld_mem_ack  Data_size: 011, cache_type: 1, last_subline: 0
# P2S2 valid: stall: 0, stall_real: 0, stall_load: 0
# Control signals: 1101000100011000000
# CSM enable: 0
# broadcast coreid: (    0,   0,   0)
# broadcast op val: 0
# SMC miss: 0
# Msg from mshr: 1
# P2S2 addr: 0xfff1010008
# P2S2 valid: l2_way_sel: 00, l2_hit: 0, l2_wb: 0
# state: mesi: 00, vd: 00, subline: 0000, cache_type: 0, owner: 000000
# State data: 0x00000000000000000
# Tag data: 0x00000000000000000003ffc404
# Dir addr: 0x000
# Dir data: 0x0000000000000000
# Dir data mask: 0xffffffffffffffff
# Data addr: 0x003
# Data data: 0xdd40f1970500009385dd40f1970500009385
# Data data mask: 0xffffffffffffffffffffffffffffffffffff
# State data in: 0x1028005000a001400
# State data mask: 0x00000000000001bc0
# src x: 00000000, src y: 00000000
# TILE0-------------------------------------
#             33906500
# SMC miss: 0
# CSM enable: 0
# P2S3 State wr addr: 0x00
# Mshr wr index: 000
# MSHR state wr en: 1
# MSHR inc inv counter en: 0
# State wr en: 1
# TILE0-------------------------------------
#             33907500
#             33907500 P1S1 msg type:    nc_ld_req   addr: 0xfff1010008, Data_size: 011, cache_type: 1
# P1S1 valid: stall: 0, stall_pre: 0, stall_hazard: 0, stall_mshr: 0, stall_msg: 0, stall_global: 0
# Control signals: 111
# CSM enable: 0
# Special addr type: 0
# Msg from mshr: 1
# P1S1 addr: 0xfff1010008
# Mshr_addr: 0x00
# Tag_addr: 0x00
# Tag data in: 0x00000000000000000000000000
# Tag data mask in: 0x00000000000000000003ffffff
# State_rd_addr: 0x00
# Msg data: 0x0000000000000000
# Msg length: 00000000
# src x: 00000000, src y: 00000000
# sdid:    0, lsid:  0
# TILE0-------------------------------------
#             33908500
#             33908500 P1S2 msg type:    nc_ld_req   addr: 0xfff1010008, Data_size: 011, cache_type: 1
# P1S2 valid: recycle: 0, stall: 1, stall_pre: 0, stall_real: 0, stall_load: 1, stall_msg: 0, stall_global: 0
# Control signals: 000001001100000000010000010
# CSM enable: 0
# Special addr type: 0
# Msg from mshr: 1
# P1S2 addr: 0xfff1010008
# P1S2 valid: l2_way_sel: 00, l2_hit: 1, l2_evict: 0, l2_wb: 0
# State VD bits: 00 00 00 10
# State: rb: 00, lru: 0000, mesi: 00, vd: 10, subline: 0000, cache_type: 0, owner: 000000
# Msg data valid: 0
# Msg data ready: 0
# Msg data: 0x0000000000000000
# Return data: 0x0000000000000000
# State data: 0x00000000000001000
# Tag data: 0x00000000000000000003ffc404
# Dir addr: 0x000
# Dir data: 0xffffffffffffffff
# Dir data mask: 0x0000000000000001
# Data addr: 0x000
# Data data: 0x000000000000000000000000000000000000
# Data data mask: 0xffffffffffffffffff000000000000000000
# State data in: 0x10080010002000400
# State data mask in: 0x0f000000000001800
# src x: 00000000, src y: 00000000
# sdid:    0, lsid:  0
# TILE0-------------------------------------
#             33909500
#             33909500 P1S2 msg type:    nc_ld_req   addr: 0xfff1010008, Data_size: 011, cache_type: 1
# P1S2 valid: recycle: 0, stall: 0, stall_pre: 0, stall_real: 0, stall_load: 0, stall_msg: 0, stall_global: 0
# Control signals: 000001001100000000010000010
# CSM enable: 0
# Special addr type: 0
# Msg from mshr: 1
# P1S2 addr: 0xfff1010008
# P1S2 valid: l2_way_sel: 00, l2_hit: 1, l2_evict: 0, l2_wb: 0
# State VD bits: 00 00 00 10
# State: rb: 00, lru: 0000, mesi: 00, vd: 10, subline: 0000, cache_type: 0, owner: 000000
# Msg data valid: 0
# Msg data ready: 0
# Msg data: 0x0000000000000000
# Return data: 0x0000000000000000
# State data: 0x00000000000001000
# Tag data: 0x00000000000000000003ffc404
# Dir addr: 0x000
# Dir data: 0xffffffffffffffff
# Dir data mask: 0x0000000000000001
# Data addr: 0x001
# Data data: 0x000000000000000000000000000000000000
# Data data mask: 0xffffffffffffffffff000000000000000000
# State data in: 0x10080010002000400
# State data mask in: 0x0f000000000001800
# src x: 00000000, src y: 00000000
# sdid:    0, lsid:  0
# TILE0-------------------------------------
#             33909500
#             33909500 P1S3 msg type:    nc_ld_req   addr: 0xfff1010008, Data_size: 011, cache_type: 1
# P1S3 valid: recycle: 0, stall: 0
# State wr en: 0
# Dir data: 0xxxxxxxxxxxxxxxxx
# CSM enable: 0
# Msg from mshr: 1
# P1S3 addr: 0xfff1010008
# P1S3 valid: l2_hit: 1, l2_evict: 0
# Data data: 0xdd40f1970500009385dd40f1970500009385
# State:mesi: 00, vd: 10, subline: 0000, cache_type: 0, owner: 000000
# sdid:    0, lsid:  0
# TILE0-------------------------------------
#             33910500
#             33910500 P1S3 msg type:    nc_ld_req   addr: 0xfff1010008, Data_size: 011, cache_type: 1
# P1S3 valid: recycle: 0, stall: 0
# State wr en: 1
# Dir data: 0xxxxxxxxxxxxxxxxx
# CSM enable: 0
# Msg from mshr: 1
# P1S3 addr: 0xfff1010008
# P1S3 valid: l2_hit: 1, l2_evict: 0
# Data data: 0xdd40f1970500009385dd40f1970500009385
# State:mesi: 00, vd: 10, subline: 0000, cache_type: 0, owner: 000000
# sdid:    0, lsid:  0
# TILE0-------------------------------------
#             33910500
#             33910500 P1S4 msg type:    nc_ld_req   addr: 0xfff1010008, Data_size: 011, cache_type: 1
# P1S4 valid: recycle: 0, stall: 0, msg_stall: 0, dir_data_stall: 0, stall_inv_counter: 0, stall_smc_buf: 0, smc_stall: 0, global_stall: 0, broadcast_stall: 0
# Control signals: 0100011101000011110
# CSM enable: 0
# broadcast coreid: (    0,   0,   0)
# broadcast state: 0, broadcast op val: 0
# Special addr type: 0
# MSHR state wr en: 0
# MSHR data wr en: 0
# MSHR data wr : 0x0000000000000000000439c04fff1010008
# MSHR inv counter :  0
# State wr en: 0
# Dir data: 0xxxxxxxxxxxxxxxxx
# Dir sharer counter:  1
# State data in: 0x00000000000000000
# State data mask in: 0x0f000000000001800
# State wr addr: 0x00
# Msg data: 0x0000000000000000
# SMC miss: 0
# SMC data out: 0x00000000
# SMC tag out: 0x0000
# SMC valid out: 0x0
# Msg send valid: 1, send ready: 1, mode: 011, length: 00000100
# Msg send type:     data_ack   Msg send data_size: 000, cache_type: 1, mesi: 00, l2_miss: 1, mshrid: 00000001, subline_vector: 0000
# Msg from mshr: 1
# P1S4 addr: 0xfff1010008
# P1S4 valid: l2_hit: 1, l2_evict: 0
# Data data: 0xdd40f1970500009385dd40f1970500009385
# State:mesi: 00, vd: 10, subline: 0000, cache_type: 0, owner: 000000
# Msg send: addr: 0xfff1010008, dst_x: 00000000, dst_y: 00000000, dst_fbits: 0000
# Msg send data: 0x40f197050000938540f1970500009385
# src x: 00000000, src y: 00000000
# sdid:    0, lsid:  0
# TILE0-------------------------------------
#             33911500
#             33911500 P1S4 msg type:    nc_ld_req   addr: 0xfff1010008, Data_size: 011, cache_type: 1
# P1S4 valid: recycle: 0, stall: 0, msg_stall: 0, dir_data_stall: 0, stall_inv_counter: 0, stall_smc_buf: 0, smc_stall: 0, global_stall: 0, broadcast_stall: 0
# Control signals: 0100011101000011110
# CSM enable: 0
# broadcast coreid: (    0,   0,   0)
# broadcast state: 0, broadcast op val: 0
# Special addr type: 0
# MSHR state wr en: 0
# MSHR data wr en: 0
# MSHR data wr : 0x0000000000000000000439c04fff1010008
# MSHR inv counter :  0
# State wr en: 1
# Dir data: 0xxxxxxxxxxxxxxxxx
# Dir sharer counter:  1
# State data in: 0x00000000000000000
# State data mask in: 0x0f000000000001800
# State wr addr: 0x00
# Msg data: 0x0000000000000000
# SMC miss: 0
# SMC data out: 0x00000000
# SMC tag out: 0x0000
# SMC valid out: 0x0
# Msg send valid: 1, send ready: 1, mode: 111, length: 00000100
# Msg send type:     data_ack   Msg send data_size: 000, cache_type: 1, mesi: 00, l2_miss: 1, mshrid: 00000001, subline_vector: 0000
# Msg from mshr: 1
# P1S4 addr: 0xfff1010008
# P1S4 valid: l2_hit: 1, l2_evict: 0
# Data data: 0xdd40f1970500009385dd40f1970500009385
# State:mesi: 00, vd: 10, subline: 0000, cache_type: 0, owner: 000000
# Msg send: addr: 0xfff1010008, dst_x: 00000000, dst_y: 00000000, dst_fbits: 0000
# Msg send data: 0x40f197050000938540f1970500009385
# src x: 00000000, src y: 00000000
# sdid:    0, lsid:  0
#             33911500
# TILE0 noc2 flit raw: 0x0000000001074048
#             33912500
# TILE0 noc2 flit raw: 0x40f1970500009385
#             33913500
# TILE0 noc2 flit raw: 0x40f1970500009385
#             33914500
# TILE0 noc2 flit raw: 0x40f1970500009385
#             33915500
# TILE0 noc2 flit raw: 0x40f1970500009385
# 33919000 TILE0 L1.5: Received NOC2                                                MSG_TYPE_DATA_ACK   mshrid 1, l2miss 1, f4b 0, ackstate 0, address 0xf197050000
#    Data1: 0x40f1970500009385
#    Data2: 0x40f1970500009385
#    Data3: 0x40f1970500009385
#    Data4: 0x40f1970500009385
# 
#             33919000 L15 TILE0:
# NoC1 credit:  8
# NoC1 reserved credit:  0
# TILE0 Pipeline: *  X  X 
# Stage 1 status:    Operation: L15_REQTYPE_ACKDT_IFILL
#    TILE0 S1 Address: 0x0000000000
# L15_MON_END
# 
# 
#             33920000 L15 TILE0:
# NoC1 credit:  8
# NoC1 reserved credit:  0
# TILE0 Pipeline: X  *  X 
# Stage 2 status:    Operation: L15_REQTYPE_ACKDT_IFILL
#    TILE0 S2 Address: 0x0000000000
#    TILE0 S2 Cache index:   0
# L15_MON_END
# 
# 33924000 TILE0 L1.5 th0: Sent CPX IFILL_RET   l2miss 1, nc 1, atomic 0, threadid 0, pf 0, f4b 0, iia 0, dia 0, dinval 0, iinval 0, invalway 0, blkinit 0
#    Data0: 0x40f1970500009385
#    Data1: 0x40f1970500009385
#    Data2: 0x40f1970500009385
#    Data3: 0x40f1970500009385
# 
#             33924000 L15 TILE0:
# NoC1 credit:  8
# NoC1 reserved credit:  0
# TILE0 Pipeline: X  X  * 
# Stage 3 status:    Operation: L15_REQTYPE_ACKDT_IFILL
#    TILE0 S3 Address: 0x0000000000
# L15_MON_END
# 
# 33928000 TILE0 L1.5 th0: Received PCX PCX_REQTYPE_IFILL   Addr 0xfff101000c, nc 1, size 3, invalall 0, pf 0, bs 0, bsi 0, l1way 0
#    Data: 0x0000000000000000
#    CSM HDID:    0, HD_SIZE:  0, SDID:    0, LSID:  0
#    CSM Data: 0x000000000
# 
#             33928000 L15 TILE0:
# NoC1 credit:  8
# NoC1 reserved credit:  0
# TILE0 Pipeline: *  X  X 
# Stage 1 status:    Operation: L15_REQTYPE_IFILL
#    TILE0 S1 Address: 0xfff101000c
# L15_MON_END
# 
# 
#             33929000 L15 TILE0:
# NoC1 credit:  7
# NoC1 reserved credit:  0
# TILE0 Pipeline: X  *  X 
# Stage 2 status:    Operation: L15_REQTYPE_IFILL
#    TILE0 S2 Address: 0xfff101000c
#    TILE0 S2 Cache index:   0
#    CSM op:  1
#       CSM read ticket: 0x1
# L15_MON_END
# 
#             33929000: TILE0 L15_CSM REQ MON:
# L15 CSM req addr: 0xfff101000c
# L15 CSM req ticket: 1
# L15 CSM req type: 0
# L15 CSM req data: 0x00000000000000000000000000000000
# L15 CSM req pcx data: 0x000000000
# 
#             33930000 L15 TILE0:
# NoC1 credit:  7
# NoC1 reserved credit:  0
# TILE0 Pipeline: X  X  * 
# Stage 3 status:    Operation: L15_REQTYPE_IFILL
#    TILE0 S3 Address: 0xfff101000c
# L15_MON_END
# 
#             33930000: TILE0 L15_CSM RES MON:
# L15 CSM res data: 0x0000000000000000
#             33931000
# TILE0 noc1 flit raw: 0x0000000000838040
#    srcX:   0, srcY:   0
#    destX:   0, destY:   0
#             33932000
# TILE0 noc1 flit raw: 0x00fff101000c0b00
#    srcX:   0, srcY:   0
#    destX:   0, destY:   0
#             33933000
# TILE0 noc1 flit raw: 0x0000000000000000
#    srcX:   0, srcY:   0
#    destX:   0, destY:   0
# 33933000 TILE0 L1.5: Sending NOC1                                   L15_NOC1_REQTYPE_IFILL_REQUEST   mshrid 1, nc 1, size 3, pf 0, address fff101000c
#    Data0: 0x0000000000000000
#    Data1: 0x0000000000000000
#    Destination X:   0 Y:   0
# TILE0-------------------------------------
#             33937500
#             33937500 P1S1 msg type:    nc_ld_req   addr: 0xfff101000c, Data_size: 011, cache_type: 1
# P1S1 valid: stall: 0, stall_pre: 0, stall_hazard: 0, stall_mshr: 0, stall_msg: 0, stall_global: 0
# Control signals: 111
# CSM enable: 0
# Special addr type: 0
# Msg from mshr: 0
# P1S1 addr: 0xfff101000c
# Mshr_addr: 0x00
# Tag_addr: 0x00
# Tag data in: 0x00000000000000000000000000
# Tag data mask in: 0x00000000000000000003ffffff
# State_rd_addr: 0x00
# Msg data: 0x0000000000000000
# Msg length: 00000010
# src x: 00000000, src y: 00000000
# sdid:    0, lsid:  0
# TILE0-------------------------------------
#             33938500
#             33938500 P1S2 msg type:    nc_ld_req   addr: 0xfff101000c, Data_size: 011, cache_type: 1
# P1S2 valid: recycle: 0, stall: 0, stall_pre: 0, stall_real: 0, stall_load: 0, stall_msg: 0, stall_global: 0
# Control signals: 000001000110000000000000000
# CSM enable: 0
# Special addr type: 0
# Msg from mshr: 0
# P1S2 addr: 0xfff101000c
# P1S2 valid: l2_way_sel: 00, l2_hit: 0, l2_evict: 0, l2_wb: 0
# State VD bits: 00 00 00 00
# State: rb: 00, lru: 0000, mesi: 00, vd: 00, subline: 0000, cache_type: 0, owner: 000000
# Msg data valid: 0
# Msg data ready: 0
# Msg data: 0x0000000000000000
# Return data: 0x0000000000000000
# State data: 0x00000000000000000
# Tag data: 0x00000000000000000003ffc404
# Dir addr: 0x000
# Dir data: 0xffffffffffffffff
# Dir data mask: 0x0000000000000001
# Data addr: 0x000
# Data data: 0x000000000000000000000000000000000000
# Data data mask: 0xffffffffffffffffff000000000000000000
# State data in: 0x10080010002000400
# State data mask in: 0x00000000000000000
# src x: 00000000, src y: 00000000
# sdid:    0, lsid:  0
# TILE0-------------------------------------
#             33939500
#             33939500 P1S3 msg type:    nc_ld_req   addr: 0xfff101000c, Data_size: 011, cache_type: 1
# P1S3 valid: recycle: 0, stall: 0
# State wr en: 0
# Dir data: 0xxxxxxxxxxxxxxxxx
# CSM enable: 0
# Msg from mshr: 0
# P1S3 addr: 0xfff101000c
# P1S3 valid: l2_hit: 0, l2_evict: 0
# Data data: 0xdd40f1970500009385dd40f1970500009385
# State:mesi: 00, vd: 00, subline: 0000, cache_type: 0, owner: 000000
# sdid:    0, lsid:  0
# TILE0-------------------------------------
#             33940500
#             33940500 P1S4 msg type:    nc_ld_req   addr: 0xfff101000c, Data_size: 011, cache_type: 1
# P1S4 valid: recycle: 0, stall: 0, msg_stall: 0, dir_data_stall: 0, stall_inv_counter: 0, stall_smc_buf: 0, smc_stall: 0, global_stall: 0, broadcast_stall: 0
# Control signals: 0100010011000011110
# CSM enable: 0
# broadcast coreid: (    0,   0,   0)
# broadcast state: 0, broadcast op val: 0
# Special addr type: 0
# MSHR state wr en: 1
# MSHR data wr en: 1
# MSHR data wr : 0x0000000000000000000439c04fff101000c
# MSHR inv counter :  0
# State wr en: 0
# Dir data: 0xxxxxxxxxxxxxxxxx
# Dir sharer counter:  1
# State data in: 0x00000000000000000
# State data mask in: 0x00000000000000000
# State wr addr: 0x00
# Msg data: 0x0000000000000000
# SMC miss: 0
# SMC data out: 0x00000000
# SMC tag out: 0x0000
# SMC valid out: 0x0
# Msg send valid: 1, send ready: 1, mode: 100, length: 00000010
# Msg send type:      ld_mem    Msg send data_size: 011, cache_type: 0, mesi: 00, l2_miss: 1, mshrid: 00000000, subline_vector: 0000
# Msg from mshr: 0
# P1S4 addr: 0xfff101000c
# P1S4 valid: l2_hit: 0, l2_evict: 0
# Data data: 0xdd40f1970500009385dd40f1970500009385
# State:mesi: 00, vd: 00, subline: 0000, cache_type: 0, owner: 000000
# Msg send: addr: 0xfff101000c, dst_x: 00000000, dst_y: 00000000, dst_fbits: 0010
# Msg send data: 0x40f197050000938540f1970500009385
# src x: 00000000, src y: 00000000
# sdid:    0, lsid:  0
#             33941500
# TILE0 noc2 flit raw: 0x800000008084c008
#             33942500
# TILE0 noc2 flit raw: 0x00fff101000c0300
#             33943500
# TILE0 noc2 flit raw: 0x0000000000000000
#             34080500
# TILE0 noc3 flit raw: 0x0000000002060000
# TILE0-------------------------------------
#             34081500
# P2S1 msg type:    ld_mem_ack  Data_size: 011, cache_type: 1, last_subline: 0
# P2S1 valid: stall: 0, stall_pre: 0, stall_hazard: 0
# Control signals: 100
# CSM enable: 0
# SMC miss: 0
# Msg from mshr: 1
# Msg length: 00001000
# P2S1 addr: 0xfff101000c
# Mshr_rd_index: 000
# Tag_addr: 0x00
# Tag_data_in: 0xfff1013ffc404fff1013ffc404
# Tag_data_mask_in: 0x00000000000000000003ffffff
# State_rd_addr: 0x00
# src x: 00000000, src y: 00000000
#             34084500
# TILE0 noc3 flit raw: 0x40f1970500009385
#             34090500
# TILE0 noc3 flit raw: 0x40f1970500009385
# TILE0-------------------------------------
#             34091500
# P2S2 msg type:    ld_mem_ack  Data_size: 011, cache_type: 1, last_subline: 0
# P2S2 valid: stall: 1, stall_real: 0, stall_load: 1
# Control signals: 1101000100011000000
# CSM enable: 0
# broadcast coreid: (    0,   0,   0)
# broadcast op val: 0
# SMC miss: 0
# Msg from mshr: 1
# P2S2 addr: 0xfff101000c
# P2S2 valid: l2_way_sel: 00, l2_hit: 0, l2_wb: 0
# state: mesi: 00, vd: 00, subline: 0000, cache_type: 0, owner: 000000
# State data: 0x00000000000000000
# Tag data: 0x00000000000000000003ffc404
# Dir addr: 0x000
# Dir data: 0x0000000000000000
# Dir data mask: 0xffffffffffffffff
# Data addr: 0x000
# Data data: 0xdd40f1970500009385dd40f1970500009385
# Data data mask: 0xffffffffffffffffffffffffffffffffffff
# State data in: 0x1028005000a001400
# State data mask: 0x00000000000000000
# src x: 00000000, src y: 00000000
#             34104500
# TILE0 noc3 flit raw: 0x40f1970500009385
#             34110500
# TILE0 noc3 flit raw: 0x40f1970500009385
# TILE0-------------------------------------
#             34111500
# P2S2 msg type:    ld_mem_ack  Data_size: 011, cache_type: 1, last_subline: 0
# P2S2 valid: stall: 1, stall_real: 0, stall_load: 1
# Control signals: 1101000100011000000
# CSM enable: 0
# broadcast coreid: (    0,   0,   0)
# broadcast op val: 0
# SMC miss: 0
# Msg from mshr: 1
# P2S2 addr: 0xfff101000c
# P2S2 valid: l2_way_sel: 00, l2_hit: 0, l2_wb: 0
# state: mesi: 00, vd: 00, subline: 0000, cache_type: 0, owner: 000000
# State data: 0x00000000000000000
# Tag data: 0x00000000000000000003ffc404
# Dir addr: 0x000
# Dir data: 0x0000000000000000
# Dir data mask: 0xffffffffffffffff
# Data addr: 0x001
# Data data: 0xdd40f1970500009385dd40f1970500009385
# Data data mask: 0xffffffffffffffffffffffffffffffffffff
# State data in: 0x1028005000a001400
# State data mask: 0x00000000000000000
# src x: 00000000, src y: 00000000
#             34116500
# TILE0 noc3 flit raw: 0x40f1970500009385
#             34127500
# TILE0 noc3 flit raw: 0x40f1970500009385
# TILE0-------------------------------------
#             34128500
# P2S2 msg type:    ld_mem_ack  Data_size: 011, cache_type: 1, last_subline: 0
# P2S2 valid: stall: 1, stall_real: 0, stall_load: 1
# Control signals: 1101000100011000000
# CSM enable: 0
# broadcast coreid: (    0,   0,   0)
# broadcast op val: 0
# SMC miss: 0
# Msg from mshr: 1
# P2S2 addr: 0xfff101000c
# P2S2 valid: l2_way_sel: 00, l2_hit: 0, l2_wb: 0
# state: mesi: 00, vd: 00, subline: 0000, cache_type: 0, owner: 000000
# State data: 0x00000000000000000
# Tag data: 0x00000000000000000003ffc404
# Dir addr: 0x000
# Dir data: 0x0000000000000000
# Dir data mask: 0xffffffffffffffff
# Data addr: 0x002
# Data data: 0xdd40f1970500009385dd40f1970500009385
# Data data mask: 0xffffffffffffffffffffffffffffffffffff
# State data in: 0x1028005000a001400
# State data mask: 0x00000000000000000
# src x: 00000000, src y: 00000000
#             34133500
# TILE0 noc3 flit raw: 0x40f1970500009385
#             34139500
# TILE0 noc3 flit raw: 0x40f1970500009385
# TILE0-------------------------------------
#             34140500
# P2S2 msg type:    ld_mem_ack  Data_size: 011, cache_type: 1, last_subline: 0
# P2S2 valid: stall: 0, stall_real: 0, stall_load: 0
# Control signals: 1101000100011000000
# CSM enable: 0
# broadcast coreid: (    0,   0,   0)
# broadcast op val: 0
# SMC miss: 0
# Msg from mshr: 1
# P2S2 addr: 0xfff101000c
# P2S2 valid: l2_way_sel: 00, l2_hit: 0, l2_wb: 0
# state: mesi: 00, vd: 00, subline: 0000, cache_type: 0, owner: 000000
# State data: 0x00000000000000000
# Tag data: 0x00000000000000000003ffc404
# Dir addr: 0x000
# Dir data: 0x0000000000000000
# Dir data mask: 0xffffffffffffffff
# Data addr: 0x003
# Data data: 0xdd40f1970500009385dd40f1970500009385
# Data data mask: 0xffffffffffffffffffffffffffffffffffff
# State data in: 0x1028005000a001400
# State data mask: 0x00000000000001bc0
# src x: 00000000, src y: 00000000
# TILE0-------------------------------------
#             34141500
# SMC miss: 0
# CSM enable: 0
# P2S3 State wr addr: 0x00
# Mshr wr index: 000
# MSHR state wr en: 1
# MSHR inc inv counter en: 0
# State wr en: 1
# TILE0-------------------------------------
#             34142500
#             34142500 P1S1 msg type:    nc_ld_req   addr: 0xfff101000c, Data_size: 011, cache_type: 1
# P1S1 valid: stall: 0, stall_pre: 0, stall_hazard: 0, stall_mshr: 0, stall_msg: 0, stall_global: 0
# Control signals: 111
# CSM enable: 0
# Special addr type: 0
# Msg from mshr: 1
# P1S1 addr: 0xfff101000c
# Mshr_addr: 0x00
# Tag_addr: 0x00
# Tag data in: 0x00000000000000000000000000
# Tag data mask in: 0x00000000000000000003ffffff
# State_rd_addr: 0x00
# Msg data: 0x0000000000000000
# Msg length: 00000000
# src x: 00000000, src y: 00000000
# sdid:    0, lsid:  0
# TILE0-------------------------------------
#             34143500
#             34143500 P1S2 msg type:    nc_ld_req   addr: 0xfff101000c, Data_size: 011, cache_type: 1
# P1S2 valid: recycle: 0, stall: 1, stall_pre: 0, stall_real: 0, stall_load: 1, stall_msg: 0, stall_global: 0
# Control signals: 000001001100000000010000010
# CSM enable: 0
# Special addr type: 0
# Msg from mshr: 1
# P1S2 addr: 0xfff101000c
# P1S2 valid: l2_way_sel: 00, l2_hit: 1, l2_evict: 0, l2_wb: 0
# State VD bits: 00 00 00 10
# State: rb: 00, lru: 0000, mesi: 00, vd: 10, subline: 0000, cache_type: 0, owner: 000000
# Msg data valid: 0
# Msg data ready: 0
# Msg data: 0x0000000000000000
# Return data: 0x0000000000000000
# State data: 0x00000000000001000
# Tag data: 0x00000000000000000003ffc404
# Dir addr: 0x000
# Dir data: 0xffffffffffffffff
# Dir data mask: 0x0000000000000001
# Data addr: 0x000
# Data data: 0x000000000000000000000000000000000000
# Data data mask: 0xffffffffffffffffff000000000000000000
# State data in: 0x10080010002000400
# State data mask in: 0x0f000000000001800
# src x: 00000000, src y: 00000000
# sdid:    0, lsid:  0
# TILE0-------------------------------------
#             34144500
#             34144500 P1S2 msg type:    nc_ld_req   addr: 0xfff101000c, Data_size: 011, cache_type: 1
# P1S2 valid: recycle: 0, stall: 0, stall_pre: 0, stall_real: 0, stall_load: 0, stall_msg: 0, stall_global: 0
# Control signals: 000001001100000000010000010
# CSM enable: 0
# Special addr type: 0
# Msg from mshr: 1
# P1S2 addr: 0xfff101000c
# P1S2 valid: l2_way_sel: 00, l2_hit: 1, l2_evict: 0, l2_wb: 0
# State VD bits: 00 00 00 10
# State: rb: 00, lru: 0000, mesi: 00, vd: 10, subline: 0000, cache_type: 0, owner: 000000
# Msg data valid: 0
# Msg data ready: 0
# Msg data: 0x0000000000000000
# Return data: 0x0000000000000000
# State data: 0x00000000000001000
# Tag data: 0x00000000000000000003ffc404
# Dir addr: 0x000
# Dir data: 0xffffffffffffffff
# Dir data mask: 0x0000000000000001
# Data addr: 0x001
# Data data: 0x000000000000000000000000000000000000
# Data data mask: 0xffffffffffffffffff000000000000000000
# State data in: 0x10080010002000400
# State data mask in: 0x0f000000000001800
# src x: 00000000, src y: 00000000
# sdid:    0, lsid:  0
# TILE0-------------------------------------
#             34144500
#             34144500 P1S3 msg type:    nc_ld_req   addr: 0xfff101000c, Data_size: 011, cache_type: 1
# P1S3 valid: recycle: 0, stall: 0
# State wr en: 0
# Dir data: 0xxxxxxxxxxxxxxxxx
# CSM enable: 0
# Msg from mshr: 1
# P1S3 addr: 0xfff101000c
# P1S3 valid: l2_hit: 1, l2_evict: 0
# Data data: 0xdd40f1970500009385dd40f1970500009385
# State:mesi: 00, vd: 10, subline: 0000, cache_type: 0, owner: 000000
# sdid:    0, lsid:  0
# TILE0-------------------------------------
#             34145500
#             34145500 P1S3 msg type:    nc_ld_req   addr: 0xfff101000c, Data_size: 011, cache_type: 1
# P1S3 valid: recycle: 0, stall: 0
# State wr en: 1
# Dir data: 0xxxxxxxxxxxxxxxxx
# CSM enable: 0
# Msg from mshr: 1
# P1S3 addr: 0xfff101000c
# P1S3 valid: l2_hit: 1, l2_evict: 0
# Data data: 0xdd40f1970500009385dd40f1970500009385
# State:mesi: 00, vd: 10, subline: 0000, cache_type: 0, owner: 000000
# sdid:    0, lsid:  0
# TILE0-------------------------------------
#             34145500
#             34145500 P1S4 msg type:    nc_ld_req   addr: 0xfff101000c, Data_size: 011, cache_type: 1
# P1S4 valid: recycle: 0, stall: 0, msg_stall: 0, dir_data_stall: 0, stall_inv_counter: 0, stall_smc_buf: 0, smc_stall: 0, global_stall: 0, broadcast_stall: 0
# Control signals: 0100011101000011110
# CSM enable: 0
# broadcast coreid: (    0,   0,   0)
# broadcast state: 0, broadcast op val: 0
# Special addr type: 0
# MSHR state wr en: 0
# MSHR data wr en: 0
# MSHR data wr : 0x0000000000000000000439c04fff101000c
# MSHR inv counter :  0
# State wr en: 0
# Dir data: 0xxxxxxxxxxxxxxxxx
# Dir sharer counter:  1
# State data in: 0x00000000000000000
# State data mask in: 0x0f000000000001800
# State wr addr: 0x00
# Msg data: 0x0000000000000000
# SMC miss: 0
# SMC data out: 0x00000000
# SMC tag out: 0x0000
# SMC valid out: 0x0
# Msg send valid: 1, send ready: 1, mode: 011, length: 00000100
# Msg send type:     data_ack   Msg send data_size: 000, cache_type: 1, mesi: 00, l2_miss: 1, mshrid: 00000001, subline_vector: 0000
# Msg from mshr: 1
# P1S4 addr: 0xfff101000c
# P1S4 valid: l2_hit: 1, l2_evict: 0
# Data data: 0xdd40f1970500009385dd40f1970500009385
# State:mesi: 00, vd: 10, subline: 0000, cache_type: 0, owner: 000000
# Msg send: addr: 0xfff101000c, dst_x: 00000000, dst_y: 00000000, dst_fbits: 0000
# Msg send data: 0x40f197050000938540f1970500009385
# src x: 00000000, src y: 00000000
# sdid:    0, lsid:  0
# TILE0-------------------------------------
#             34146500
#             34146500 P1S4 msg type:    nc_ld_req   addr: 0xfff101000c, Data_size: 011, cache_type: 1
# P1S4 valid: recycle: 0, stall: 0, msg_stall: 0, dir_data_stall: 0, stall_inv_counter: 0, stall_smc_buf: 0, smc_stall: 0, global_stall: 0, broadcast_stall: 0
# Control signals: 0100011101000011110
# CSM enable: 0
# broadcast coreid: (    0,   0,   0)
# broadcast state: 0, broadcast op val: 0
# Special addr type: 0
# MSHR state wr en: 0
# MSHR data wr en: 0
# MSHR data wr : 0x0000000000000000000439c04fff101000c
# MSHR inv counter :  0
# State wr en: 1
# Dir data: 0xxxxxxxxxxxxxxxxx
# Dir sharer counter:  1
# State data in: 0x00000000000000000
# State data mask in: 0x0f000000000001800
# State wr addr: 0x00
# Msg data: 0x0000000000000000
# SMC miss: 0
# SMC data out: 0x00000000
# SMC tag out: 0x0000
# SMC valid out: 0x0
# Msg send valid: 1, send ready: 1, mode: 111, length: 00000100
# Msg send type:     data_ack   Msg send data_size: 000, cache_type: 1, mesi: 00, l2_miss: 1, mshrid: 00000001, subline_vector: 0000
# Msg from mshr: 1
# P1S4 addr: 0xfff101000c
# P1S4 valid: l2_hit: 1, l2_evict: 0
# Data data: 0xdd40f1970500009385dd40f1970500009385
# State:mesi: 00, vd: 10, subline: 0000, cache_type: 0, owner: 000000
# Msg send: addr: 0xfff101000c, dst_x: 00000000, dst_y: 00000000, dst_fbits: 0000
# Msg send data: 0x40f197050000938540f1970500009385
# src x: 00000000, src y: 00000000
# sdid:    0, lsid:  0
#             34146500
# TILE0 noc2 flit raw: 0x0000000001074048
#             34147500
# TILE0 noc2 flit raw: 0x40f1970500009385
#             34148500
# TILE0 noc2 flit raw: 0x40f1970500009385
#             34149500
# TILE0 noc2 flit raw: 0x40f1970500009385
#             34150500
# TILE0 noc2 flit raw: 0x40f1970500009385
# 34154000 TILE0 L1.5: Received NOC2                                                MSG_TYPE_DATA_ACK   mshrid 1, l2miss 1, f4b 0, ackstate 0, address 0xf197050000
#    Data1: 0x40f1970500009385
#    Data2: 0x40f1970500009385
#    Data3: 0x40f1970500009385
#    Data4: 0x40f1970500009385
# 
#             34154000 L15 TILE0:
# NoC1 credit:  8
# NoC1 reserved credit:  0
# TILE0 Pipeline: *  X  X 
# Stage 1 status:    Operation: L15_REQTYPE_ACKDT_IFILL
#    TILE0 S1 Address: 0x0000000000
# L15_MON_END
# 
# 
#             34155000 L15 TILE0:
# NoC1 credit:  8
# NoC1 reserved credit:  0
# TILE0 Pipeline: X  *  X 
# Stage 2 status:    Operation: L15_REQTYPE_ACKDT_IFILL
#    TILE0 S2 Address: 0x0000000000
#    TILE0 S2 Cache index:   0
# L15_MON_END
# 
# 34156000 TILE0 L1.5 th0: Sent CPX IFILL_RET   l2miss 1, nc 1, atomic 0, threadid 0, pf 0, f4b 0, iia 0, dia 0, dinval 0, iinval 0, invalway 0, blkinit 0
#    Data0: 0x40f1970500009385
#    Data1: 0x40f1970500009385
#    Data2: 0x40f1970500009385
#    Data3: 0x40f1970500009385
# 
#             34156000 L15 TILE0:
# NoC1 credit:  8
# NoC1 reserved credit:  0
# TILE0 Pipeline: X  X  * 
# Stage 3 status:    Operation: L15_REQTYPE_ACKDT_IFILL
#    TILE0 S3 Address: 0x0000000000
# L15_MON_END
# 
# 34160000 TILE0 L1.5 th0: Received PCX PCX_REQTYPE_IFILL   Addr 0xfff1010010, nc 1, size 3, invalall 0, pf 0, bs 0, bsi 0, l1way 0
#    Data: 0x0000000000000000
#    CSM HDID:    0, HD_SIZE:  0, SDID:    0, LSID:  0
#    CSM Data: 0x000000000
# 
#             34160000 L15 TILE0:
# NoC1 credit:  8
# NoC1 reserved credit:  0
# TILE0 Pipeline: *  X  X 
# Stage 1 status:    Operation: L15_REQTYPE_IFILL
#    TILE0 S1 Address: 0xfff1010010
# L15_MON_END
# 
# 
#             34161000 L15 TILE0:
# NoC1 credit:  7
# NoC1 reserved credit:  0
# TILE0 Pipeline: X  *  X 
# Stage 2 status:    Operation: L15_REQTYPE_IFILL
#    TILE0 S2 Address: 0xfff1010010
#    TILE0 S2 Cache index:   1
#    CSM op:  1
#       CSM read ticket: 0x1
# L15_MON_END
# 
#             34161000: TILE0 L15_CSM REQ MON:
# L15 CSM req addr: 0xfff1010010
# L15 CSM req ticket: 1
# L15 CSM req type: 0
# L15 CSM req data: 0x00000000000000000000000000000000
# L15 CSM req pcx data: 0x000000000
# 
#             34162000 L15 TILE0:
# NoC1 credit:  7
# NoC1 reserved credit:  0
# TILE0 Pipeline: X  X  * 
# Stage 3 status:    Operation: L15_REQTYPE_IFILL
#    TILE0 S3 Address: 0xfff1010010
# L15_MON_END
# 
#             34162000: TILE0 L15_CSM RES MON:
# L15 CSM res data: 0x0000000000000000
#             34163000
# TILE0 noc1 flit raw: 0x0000000000838040
#    srcX:   0, srcY:   0
#    destX:   0, destY:   0
#             34164000
# TILE0 noc1 flit raw: 0x00fff10100100b00
#    srcX:   0, srcY:   0
#    destX:   0, destY:   0
#             34165000
# TILE0 noc1 flit raw: 0x0000000000000000
#    srcX:   0, srcY:   0
#    destX:   0, destY:   0
# 34165000 TILE0 L1.5: Sending NOC1                                   L15_NOC1_REQTYPE_IFILL_REQUEST   mshrid 1, nc 1, size 3, pf 0, address fff1010010
#    Data0: 0x0000000000000000
#    Data1: 0x0000000000000000
#    Destination X:   0 Y:   0
# TILE0-------------------------------------
#             34169500
#             34169500 P1S1 msg type:    nc_ld_req   addr: 0xfff1010010, Data_size: 011, cache_type: 1
# P1S1 valid: stall: 0, stall_pre: 0, stall_hazard: 0, stall_mshr: 0, stall_msg: 0, stall_global: 0
# Control signals: 111
# CSM enable: 0
# Special addr type: 0
# Msg from mshr: 0
# P1S1 addr: 0xfff1010010
# Mshr_addr: 0x00
# Tag_addr: 0x00
# Tag data in: 0x00000000000000000000000000
# Tag data mask in: 0x00000000000000000003ffffff
# State_rd_addr: 0x00
# Msg data: 0x0000000000000000
# Msg length: 00000010
# src x: 00000000, src y: 00000000
# sdid:    0, lsid:  0
# TILE0-------------------------------------
#             34170500
#             34170500 P1S2 msg type:    nc_ld_req   addr: 0xfff1010010, Data_size: 011, cache_type: 1
# P1S2 valid: recycle: 0, stall: 0, stall_pre: 0, stall_real: 0, stall_load: 0, stall_msg: 0, stall_global: 0
# Control signals: 000001000110000000000000000
# CSM enable: 0
# Special addr type: 0
# Msg from mshr: 0
# P1S2 addr: 0xfff1010010
# P1S2 valid: l2_way_sel: 00, l2_hit: 0, l2_evict: 0, l2_wb: 0
# State VD bits: 00 00 00 00
# State: rb: 00, lru: 0000, mesi: 00, vd: 00, subline: 0000, cache_type: 0, owner: 000000
# Msg data valid: 0
# Msg data ready: 0
# Msg data: 0x0000000000000000
# Return data: 0x0000000000000000
# State data: 0x00000000000000000
# Tag data: 0x00000000000000000003ffc404
# Dir addr: 0x000
# Dir data: 0xffffffffffffffff
# Dir data mask: 0x0000000000000001
# Data addr: 0x001
# Data data: 0x000000000000000000000000000000000000
# Data data mask: 0x000000000000000000ffffffffffffffffff
# State data in: 0x10080010002000400
# State data mask in: 0x00000000000000000
# src x: 00000000, src y: 00000000
# sdid:    0, lsid:  0
# TILE0-------------------------------------
#             34171500
#             34171500 P1S3 msg type:    nc_ld_req   addr: 0xfff1010010, Data_size: 011, cache_type: 1
# P1S3 valid: recycle: 0, stall: 0
# State wr en: 0
# Dir data: 0xxxxxxxxxxxxxxxxx
# CSM enable: 0
# Msg from mshr: 0
# P1S3 addr: 0xfff1010010
# P1S3 valid: l2_hit: 0, l2_evict: 0
# Data data: 0xdd40f1970500009385dd40f1970500009385
# State:mesi: 00, vd: 00, subline: 0000, cache_type: 0, owner: 000000
# sdid:    0, lsid:  0
# TILE0-------------------------------------
#             34172500
#             34172500 P1S4 msg type:    nc_ld_req   addr: 0xfff1010010, Data_size: 011, cache_type: 1
# P1S4 valid: recycle: 0, stall: 0, msg_stall: 0, dir_data_stall: 0, stall_inv_counter: 0, stall_smc_buf: 0, smc_stall: 0, global_stall: 0, broadcast_stall: 0
# Control signals: 0100010011000011110
# CSM enable: 0
# broadcast coreid: (    0,   0,   0)
# broadcast state: 0, broadcast op val: 0
# Special addr type: 0
# MSHR state wr en: 1
# MSHR data wr en: 1
# MSHR data wr : 0x0000000000000000000439c04fff1010010
# MSHR inv counter :  0
# State wr en: 0
# Dir data: 0xxxxxxxxxxxxxxxxx
# Dir sharer counter:  1
# State data in: 0x00000000000000000
# State data mask in: 0x00000000000000000
# State wr addr: 0x00
# Msg data: 0x0000000000000000
# SMC miss: 0
# SMC data out: 0x00000000
# SMC tag out: 0x0000
# SMC valid out: 0x0
# Msg send valid: 1, send ready: 1, mode: 100, length: 00000010
# Msg send type:      ld_mem    Msg send data_size: 011, cache_type: 0, mesi: 00, l2_miss: 1, mshrid: 00000000, subline_vector: 0000
# Msg from mshr: 0
# P1S4 addr: 0xfff1010010
# P1S4 valid: l2_hit: 0, l2_evict: 0
# Data data: 0xdd40f1970500009385dd40f1970500009385
# State:mesi: 00, vd: 00, subline: 0000, cache_type: 0, owner: 000000
# Msg send: addr: 0xfff1010010, dst_x: 00000000, dst_y: 00000000, dst_fbits: 0010
# Msg send data: 0x40f197050000938540f1970500009385
# src x: 00000000, src y: 00000000
# sdid:    0, lsid:  0
#             34173500
# TILE0 noc2 flit raw: 0x800000008084c008
#             34174500
# TILE0 noc2 flit raw: 0x00fff10100100300
#             34175500
# TILE0 noc2 flit raw: 0x0000000000000000
#             34314500
# TILE0 noc3 flit raw: 0x0000000002060000
# TILE0-------------------------------------
#             34315500
# P2S1 msg type:    ld_mem_ack  Data_size: 011, cache_type: 1, last_subline: 0
# P2S1 valid: stall: 0, stall_pre: 0, stall_hazard: 0
# Control signals: 100
# CSM enable: 0
# SMC miss: 0
# Msg from mshr: 1
# Msg length: 00001000
# P2S1 addr: 0xfff1010000
# Mshr_rd_index: 000
# Tag_addr: 0x00
# Tag_data_in: 0xfff1013ffc404fff1013ffc404
# Tag_data_mask_in: 0x00000000000000000003ffffff
# State_rd_addr: 0x00
# src x: 00000000, src y: 00000000
#             34319500
# TILE0 noc3 flit raw: 0x6507028400000000
#             34324500
# TILE0 noc3 flit raw: 0x6507028400000000
# TILE0-------------------------------------
#             34325500
# P2S2 msg type:    ld_mem_ack  Data_size: 011, cache_type: 1, last_subline: 0
# P2S2 valid: stall: 1, stall_real: 0, stall_load: 1
# Control signals: 1101000100011000000
# CSM enable: 0
# broadcast coreid: (    0,   0,   0)
# broadcast op val: 0
# SMC miss: 0
# Msg from mshr: 1
# P2S2 addr: 0xfff1010000
# P2S2 valid: l2_way_sel: 00, l2_hit: 0, l2_wb: 0
# state: mesi: 00, vd: 00, subline: 0000, cache_type: 0, owner: 000000
# State data: 0x00000000000000000
# Tag data: 0x00000000000000000003ffc404
# Dir addr: 0x000
# Dir data: 0x0000000000000000
# Dir data mask: 0xffffffffffffffff
# Data addr: 0x000
# Data data: 0xff6507028400000000ff6507028400000000
# Data data mask: 0xffffffffffffffffffffffffffffffffffff
# State data in: 0x1028005000a001400
# State data mask: 0x00000000000000000
# src x: 00000000, src y: 00000000
#             34339500
# TILE0 noc3 flit raw: 0x6507028400000000
#             34344500
# TILE0 noc3 flit raw: 0x6507028400000000
# TILE0-------------------------------------
#             34345500
# P2S2 msg type:    ld_mem_ack  Data_size: 011, cache_type: 1, last_subline: 0
# P2S2 valid: stall: 1, stall_real: 0, stall_load: 1
# Control signals: 1101000100011000000
# CSM enable: 0
# broadcast coreid: (    0,   0,   0)
# broadcast op val: 0
# SMC miss: 0
# Msg from mshr: 1
# P2S2 addr: 0xfff1010000
# P2S2 valid: l2_way_sel: 00, l2_hit: 0, l2_wb: 0
# state: mesi: 00, vd: 00, subline: 0000, cache_type: 0, owner: 000000
# State data: 0x00000000000000000
# Tag data: 0x00000000000000000003ffc404
# Dir addr: 0x000
# Dir data: 0x0000000000000000
# Dir data mask: 0xffffffffffffffff
# Data addr: 0x001
# Data data: 0xff6507028400000000ff6507028400000000
# Data data mask: 0xffffffffffffffffffffffffffffffffffff
# State data in: 0x1028005000a001400
# State data mask: 0x00000000000000000
# src x: 00000000, src y: 00000000
#             34350500
# TILE0 noc3 flit raw: 0x6507028400000000
#             34364500
# TILE0 noc3 flit raw: 0x6507028400000000
# TILE0-------------------------------------
#             34365500
# P2S2 msg type:    ld_mem_ack  Data_size: 011, cache_type: 1, last_subline: 0
# P2S2 valid: stall: 1, stall_real: 0, stall_load: 1
# Control signals: 1101000100011000000
# CSM enable: 0
# broadcast coreid: (    0,   0,   0)
# broadcast op val: 0
# SMC miss: 0
# Msg from mshr: 1
# P2S2 addr: 0xfff1010000
# P2S2 valid: l2_way_sel: 00, l2_hit: 0, l2_wb: 0
# state: mesi: 00, vd: 00, subline: 0000, cache_type: 0, owner: 000000
# State data: 0x00000000000000000
# Tag data: 0x00000000000000000003ffc404
# Dir addr: 0x000
# Dir data: 0x0000000000000000
# Dir data mask: 0xffffffffffffffff
# Data addr: 0x002
# Data data: 0xff6507028400000000ff6507028400000000
# Data data mask: 0xffffffffffffffffffffffffffffffffffff
# State data in: 0x1028005000a001400
# State data mask: 0x00000000000000000
# src x: 00000000, src y: 00000000
#             34370500
# TILE0 noc3 flit raw: 0x6507028400000000
#             34376500
# TILE0 noc3 flit raw: 0x6507028400000000
# TILE0-------------------------------------
#             34377500
# P2S2 msg type:    ld_mem_ack  Data_size: 011, cache_type: 1, last_subline: 0
# P2S2 valid: stall: 0, stall_real: 0, stall_load: 0
# Control signals: 1101000100011000000
# CSM enable: 0
# broadcast coreid: (    0,   0,   0)
# broadcast op val: 0
# SMC miss: 0
# Msg from mshr: 1
# P2S2 addr: 0xfff1010000
# P2S2 valid: l2_way_sel: 00, l2_hit: 0, l2_wb: 0
# state: mesi: 00, vd: 00, subline: 0000, cache_type: 0, owner: 000000
# State data: 0x00000000000000000
# Tag data: 0x00000000000000000003ffc404
# Dir addr: 0x000
# Dir data: 0x0000000000000000
# Dir data mask: 0xffffffffffffffff
# Data addr: 0x003
# Data data: 0xff6507028400000000ff6507028400000000
# Data data mask: 0xffffffffffffffffffffffffffffffffffff
# State data in: 0x1028005000a001400
# State data mask: 0x00000000000001bc0
# src x: 00000000, src y: 00000000
# TILE0-------------------------------------
#             34378500
# SMC miss: 0
# CSM enable: 0
# P2S3 State wr addr: 0x00
# Mshr wr index: 000
# MSHR state wr en: 1
# MSHR inc inv counter en: 0
# State wr en: 1
# TILE0-------------------------------------
#             34379500
#             34379500 P1S1 msg type:    nc_ld_req   addr: 0xfff1010010, Data_size: 011, cache_type: 1
# P1S1 valid: stall: 0, stall_pre: 0, stall_hazard: 0, stall_mshr: 0, stall_msg: 0, stall_global: 0
# Control signals: 111
# CSM enable: 0
# Special addr type: 0
# Msg from mshr: 1
# P1S1 addr: 0xfff1010010
# Mshr_addr: 0x00
# Tag_addr: 0x00
# Tag data in: 0x00000000000000000000000000
# Tag data mask in: 0x00000000000000000003ffffff
# State_rd_addr: 0x00
# Msg data: 0x0000000000000000
# Msg length: 00000000
# src x: 00000000, src y: 00000000
# sdid:    0, lsid:  0
# TILE0-------------------------------------
#             34380500
#             34380500 P1S2 msg type:    nc_ld_req   addr: 0xfff1010010, Data_size: 011, cache_type: 1
# P1S2 valid: recycle: 0, stall: 1, stall_pre: 0, stall_real: 0, stall_load: 1, stall_msg: 0, stall_global: 0
# Control signals: 000001001100000000010000010
# CSM enable: 0
# Special addr type: 0
# Msg from mshr: 1
# P1S2 addr: 0xfff1010010
# P1S2 valid: l2_way_sel: 00, l2_hit: 1, l2_evict: 0, l2_wb: 0
# State VD bits: 00 00 00 10
# State: rb: 00, lru: 0000, mesi: 00, vd: 10, subline: 0000, cache_type: 0, owner: 000000
# Msg data valid: 0
# Msg data ready: 0
# Msg data: 0x0000000000000000
# Return data: 0x0000000000000000
# State data: 0x00000000000001000
# Tag data: 0x00000000000000000003ffc404
# Dir addr: 0x000
# Dir data: 0xffffffffffffffff
# Dir data mask: 0x0000000000000001
# Data addr: 0x000
# Data data: 0x000000000000000000000000000000000000
# Data data mask: 0x000000000000000000ffffffffffffffffff
# State data in: 0x10080010002000400
# State data mask in: 0x0f000000000001800
# src x: 00000000, src y: 00000000
# sdid:    0, lsid:  0
# TILE0-------------------------------------
#             34381500
#             34381500 P1S2 msg type:    nc_ld_req   addr: 0xfff1010010, Data_size: 011, cache_type: 1
# P1S2 valid: recycle: 0, stall: 0, stall_pre: 0, stall_real: 0, stall_load: 0, stall_msg: 0, stall_global: 0
# Control signals: 000001001100000000010000010
# CSM enable: 0
# Special addr type: 0
# Msg from mshr: 1
# P1S2 addr: 0xfff1010010
# P1S2 valid: l2_way_sel: 00, l2_hit: 1, l2_evict: 0, l2_wb: 0
# State VD bits: 00 00 00 10
# State: rb: 00, lru: 0000, mesi: 00, vd: 10, subline: 0000, cache_type: 0, owner: 000000
# Msg data valid: 0
# Msg data ready: 0
# Msg data: 0x0000000000000000
# Return data: 0x0000000000000000
# State data: 0x00000000000001000
# Tag data: 0x00000000000000000003ffc404
# Dir addr: 0x000
# Dir data: 0xffffffffffffffff
# Dir data mask: 0x0000000000000001
# Data addr: 0x001
# Data data: 0x000000000000000000000000000000000000
# Data data mask: 0x000000000000000000ffffffffffffffffff
# State data in: 0x10080010002000400
# State data mask in: 0x0f000000000001800
# src x: 00000000, src y: 00000000
# sdid:    0, lsid:  0
# TILE0-------------------------------------
#             34381500
#             34381500 P1S3 msg type:    nc_ld_req   addr: 0xfff1010010, Data_size: 011, cache_type: 1
# P1S3 valid: recycle: 0, stall: 0
# State wr en: 0
# Dir data: 0xxxxxxxxxxxxxxxxx
# CSM enable: 0
# Msg from mshr: 1
# P1S3 addr: 0xfff1010010
# P1S3 valid: l2_hit: 1, l2_evict: 0
# Data data: 0xff6507028400000000ff6507028400000000
# State:mesi: 00, vd: 10, subline: 0000, cache_type: 0, owner: 000000
# sdid:    0, lsid:  0
# TILE0-------------------------------------
#             34382500
#             34382500 P1S3 msg type:    nc_ld_req   addr: 0xfff1010010, Data_size: 011, cache_type: 1
# P1S3 valid: recycle: 0, stall: 0
# State wr en: 1
# Dir data: 0xxxxxxxxxxxxxxxxx
# CSM enable: 0
# Msg from mshr: 1
# P1S3 addr: 0xfff1010010
# P1S3 valid: l2_hit: 1, l2_evict: 0
# Data data: 0xff6507028400000000ff6507028400000000
# State:mesi: 00, vd: 10, subline: 0000, cache_type: 0, owner: 000000
# sdid:    0, lsid:  0
# TILE0-------------------------------------
#             34382500
#             34382500 P1S4 msg type:    nc_ld_req   addr: 0xfff1010010, Data_size: 011, cache_type: 1
# P1S4 valid: recycle: 0, stall: 0, msg_stall: 0, dir_data_stall: 0, stall_inv_counter: 0, stall_smc_buf: 0, smc_stall: 0, global_stall: 0, broadcast_stall: 0
# Control signals: 0100011101000011110
# CSM enable: 0
# broadcast coreid: (    0,   0,   0)
# broadcast state: 0, broadcast op val: 0
# Special addr type: 0
# MSHR state wr en: 0
# MSHR data wr en: 0
# MSHR data wr : 0x0000000000000000000439c04fff1010010
# MSHR inv counter :  0
# State wr en: 0
# Dir data: 0xxxxxxxxxxxxxxxxx
# Dir sharer counter:  1
# State data in: 0x00000000000000000
# State data mask in: 0x0f000000000001800
# State wr addr: 0x00
# Msg data: 0x0000000000000000
# SMC miss: 0
# SMC data out: 0x00000000
# SMC tag out: 0x0000
# SMC valid out: 0x0
# Msg send valid: 1, send ready: 1, mode: 011, length: 00000100
# Msg send type:     data_ack   Msg send data_size: 000, cache_type: 1, mesi: 00, l2_miss: 1, mshrid: 00000001, subline_vector: 0000
# Msg from mshr: 1
# P1S4 addr: 0xfff1010010
# P1S4 valid: l2_hit: 1, l2_evict: 0
# Data data: 0xff6507028400000000ff6507028400000000
# State:mesi: 00, vd: 10, subline: 0000, cache_type: 0, owner: 000000
# Msg send: addr: 0xfff1010010, dst_x: 00000000, dst_y: 00000000, dst_fbits: 0000
# Msg send data: 0x65070284000000006507028400000000
# src x: 00000000, src y: 00000000
# sdid:    0, lsid:  0
# TILE0-------------------------------------
#             34383500
#             34383500 P1S4 msg type:    nc_ld_req   addr: 0xfff1010010, Data_size: 011, cache_type: 1
# P1S4 valid: recycle: 0, stall: 0, msg_stall: 0, dir_data_stall: 0, stall_inv_counter: 0, stall_smc_buf: 0, smc_stall: 0, global_stall: 0, broadcast_stall: 0
# Control signals: 0100011101000011110
# CSM enable: 0
# broadcast coreid: (    0,   0,   0)
# broadcast state: 0, broadcast op val: 0
# Special addr type: 0
# MSHR state wr en: 0
# MSHR data wr en: 0
# MSHR data wr : 0x0000000000000000000439c04fff1010010
# MSHR inv counter :  0
# State wr en: 1
# Dir data: 0xxxxxxxxxxxxxxxxx
# Dir sharer counter:  1
# State data in: 0x00000000000000000
# State data mask in: 0x0f000000000001800
# State wr addr: 0x00
# Msg data: 0x0000000000000000
# SMC miss: 0
# SMC data out: 0x00000000
# SMC tag out: 0x0000
# SMC valid out: 0x0
# Msg send valid: 1, send ready: 1, mode: 111, length: 00000100
# Msg send type:     data_ack   Msg send data_size: 000, cache_type: 1, mesi: 00, l2_miss: 1, mshrid: 00000001, subline_vector: 0000
# Msg from mshr: 1
# P1S4 addr: 0xfff1010010
# P1S4 valid: l2_hit: 1, l2_evict: 0
# Data data: 0xff6507028400000000ff6507028400000000
# State:mesi: 00, vd: 10, subline: 0000, cache_type: 0, owner: 000000
# Msg send: addr: 0xfff1010010, dst_x: 00000000, dst_y: 00000000, dst_fbits: 0000
# Msg send data: 0x65070284000000006507028400000000
# src x: 00000000, src y: 00000000
# sdid:    0, lsid:  0
#             34383500
# TILE0 noc2 flit raw: 0x0000000001074048
#             34384500
# TILE0 noc2 flit raw: 0x6507028400000000
#             34385500
# TILE0 noc2 flit raw: 0x6507028400000000
#             34386500
# TILE0 noc2 flit raw: 0x6507028400000000
#             34387500
# TILE0 noc2 flit raw: 0x6507028400000000
# 34391000 TILE0 L1.5: Received NOC2                                                MSG_TYPE_DATA_ACK   mshrid 1, l2miss 1, f4b 0, ackstate 0, address 0x0702840000
#    Data1: 0x6507028400000000
#    Data2: 0x6507028400000000
#    Data3: 0x6507028400000000
#    Data4: 0x6507028400000000
# 
#             34391000 L15 TILE0:
# NoC1 credit:  8
# NoC1 reserved credit:  0
# TILE0 Pipeline: *  X  X 
# Stage 1 status:    Operation: L15_REQTYPE_ACKDT_IFILL
#    TILE0 S1 Address: 0x0000000000
# L15_MON_END
# 
# 
#             34392000 L15 TILE0:
# NoC1 credit:  8
# NoC1 reserved credit:  0
# TILE0 Pipeline: X  *  X 
# Stage 2 status:    Operation: L15_REQTYPE_ACKDT_IFILL
#    TILE0 S2 Address: 0x0000000000
#    TILE0 S2 Cache index:   0
# L15_MON_END
# 
# 34394000 TILE0 L1.5 th0: Sent CPX IFILL_RET   l2miss 1, nc 1, atomic 0, threadid 0, pf 0, f4b 0, iia 0, dia 0, dinval 0, iinval 0, invalway 0, blkinit 0
#    Data0: 0x6507028400000000
#    Data1: 0x6507028400000000
#    Data2: 0x6507028400000000
#    Data3: 0x6507028400000000
# 
#             34394000 L15 TILE0:
# NoC1 credit:  8
# NoC1 reserved credit:  0
# TILE0 Pipeline: X  X  * 
# Stage 3 status:    Operation: L15_REQTYPE_ACKDT_IFILL
#    TILE0 S3 Address: 0x0000000000
# L15_MON_END
# 
# 34403000 TILE0 L1.5 th0: Received PCX PCX_REQTYPE_IFILL   Addr 0x0080000000, nc 0, size 6, invalall 0, pf 0, bs 0, bsi 0, l1way 0
#    Data: 0x0000000000000000
#    CSM HDID:    0, HD_SIZE:  0, SDID:    0, LSID:  0
#    CSM Data: 0x000000000
# 
#             34403000 L15 TILE0:
# NoC1 credit:  8
# NoC1 reserved credit:  0
# TILE0 Pipeline: *  X  X 
# Stage 1 status:    Operation: L15_REQTYPE_IFILL
#    TILE0 S1 Address: 0x0080000000
# L15_MON_END
# 
# 
#             34404000 L15 TILE0:
# NoC1 credit:  7
# NoC1 reserved credit:  0
# TILE0 Pipeline: X  *  X 
# Stage 2 status:    Operation: L15_REQTYPE_IFILL
#    TILE0 S2 Address: 0x0080000000
#    TILE0 S2 Cache index:   0
#    CSM op:  1
#       CSM read ticket: 0x1
# L15_MON_END
# 
#             34404000: TILE0 L15_CSM REQ MON:
# L15 CSM req addr: 0x0080000000
# L15 CSM req ticket: 1
# L15 CSM req type: 0
# L15 CSM req data: 0x00000000000000000000000000000000
# L15 CSM req pcx data: 0x000000000
# 
#             34405000 L15 TILE0:
# NoC1 credit:  7
# NoC1 reserved credit:  0
# TILE0 Pipeline: X  X  * 
# Stage 3 status:    Operation: L15_REQTYPE_IFILL
#    TILE0 S3 Address: 0x0080000000
# L15_MON_END
# 
#             34405000: TILE0 L15_CSM RES MON:
# L15 CSM res data: 0x0000000000000000
#             34406000
# TILE0 noc1 flit raw: 0x000000000087c040
#    srcX:   0, srcY:   0
#    destX:   0, destY:   0
#             34407000
# TILE0 noc1 flit raw: 0x0000800000000e00
#    srcX:   0, srcY:   0
#    destX:   0, destY:   0
#             34408000
# TILE0 noc1 flit raw: 0x0000000000000000
#    srcX:   0, srcY:   0
#    destX:   0, destY:   0
# 34408000 TILE0 L1.5: Sending NOC1                                   L15_NOC1_REQTYPE_IFILL_REQUEST   mshrid 1, nc 0, size 6, pf 0, address 80000000
#    Data0: 0x0000000000000000
#    Data1: 0x0000000000000000
#    Destination X:   0 Y:   0
# TILE0-------------------------------------
#             34412500
#             34412500 P1S1 msg type:     ld_req     addr: 0x0080000000, Data_size: 110, cache_type: 1
# P1S1 valid: stall: 0, stall_pre: 0, stall_hazard: 0, stall_mshr: 0, stall_msg: 0, stall_global: 0
# Control signals: 111
# CSM enable: 0
# Special addr type: 0
# Msg from mshr: 0
# P1S1 addr: 0x0080000000
# Mshr_addr: 0x00
# Tag_addr: 0x00
# Tag data in: 0x00000000000000000000000000
# Tag data mask in: 0x00000000000000000003ffffff
# State_rd_addr: 0x00
# Msg data: 0x0000000000000000
# Msg length: 00000010
# src x: 00000000, src y: 00000000
# sdid:    0, lsid:  0
# TILE0-------------------------------------
#             34413500
#             34413500 P1S2 msg type:     ld_req     addr: 0x0080000000, Data_size: 110, cache_type: 1
# P1S2 valid: recycle: 0, stall: 0, stall_pre: 0, stall_real: 0, stall_load: 0, stall_msg: 0, stall_global: 0
# Control signals: 000001000110000000000000000
# CSM enable: 0
# Special addr type: 0
# Msg from mshr: 0
# P1S2 addr: 0x0080000000
# P1S2 valid: l2_way_sel: 00, l2_hit: 0, l2_evict: 0, l2_wb: 0
# State VD bits: 00 00 00 00
# State: rb: 00, lru: 0000, mesi: 00, vd: 00, subline: 0000, cache_type: 0, owner: 000000
# Msg data valid: 0
# Msg data ready: 0
# Msg data: 0x0000000000000000
# Return data: 0x0000000000000000
# State data: 0x00000000000000000
# Tag data: 0x00000000000000000003ffc404
# Dir addr: 0x000
# Dir data: 0xffffffffffffffff
# Dir data mask: 0x0000000000000001
# Data addr: 0x000
# Data data: 0x000000000000000000000000000000000000
# Data data mask: 0xffffffffffffffffffffffffffffffffffff
# State data in: 0x10080010002000400
# State data mask in: 0x00000000000000000
# src x: 00000000, src y: 00000000
# sdid:    0, lsid:  0
# TILE0-------------------------------------
#             34414500
#             34414500 P1S3 msg type:     ld_req     addr: 0x0080000000, Data_size: 110, cache_type: 1
# P1S3 valid: recycle: 0, stall: 0
# State wr en: 0
# Dir data: 0xxxxxxxxxxxxxxxxx
# CSM enable: 0
# Msg from mshr: 0
# P1S3 addr: 0x0080000000
# P1S3 valid: l2_hit: 0, l2_evict: 0
# Data data: 0xff6507028400000000ff6507028400000000
# State:mesi: 00, vd: 00, subline: 0000, cache_type: 0, owner: 000000
# sdid:    0, lsid:  0
# TILE0-------------------------------------
#             34415500
#             34415500 P1S4 msg type:     ld_req     addr: 0x0080000000, Data_size: 110, cache_type: 1
# P1S4 valid: recycle: 0, stall: 0, msg_stall: 0, dir_data_stall: 0, stall_inv_counter: 0, stall_smc_buf: 0, smc_stall: 0, global_stall: 0, broadcast_stall: 0
# Control signals: 0100010011000011110
# CSM enable: 0
# broadcast coreid: (    0,   0,   0)
# broadcast state: 0, broadcast op val: 0
# Special addr type: 0
# MSHR state wr en: 1
# MSHR data wr en: 1
# MSHR data wr : 0x000000000000000000047f4040080000000
# MSHR inv counter :  0
# State wr en: 0
# Dir data: 0xxxxxxxxxxxxxxxxx
# Dir sharer counter:  1
# State data in: 0x00000000000000000
# State data mask in: 0x00000000000000000
# State wr addr: 0x00
# Msg data: 0x0000000000000000
# SMC miss: 0
# SMC data out: 0x00000000
# SMC tag out: 0x0000
# SMC valid out: 0x0
# Msg send valid: 1, send ready: 1, mode: 100, length: 00000010
# Msg send type:      ld_mem    Msg send data_size: 110, cache_type: 0, mesi: 00, l2_miss: 1, mshrid: 00000000, subline_vector: 0000
# Msg from mshr: 0
# P1S4 addr: 0x0080000000
# P1S4 valid: l2_hit: 0, l2_evict: 0
# Data data: 0xff6507028400000000ff6507028400000000
# State:mesi: 00, vd: 00, subline: 0000, cache_type: 0, owner: 000000
# Msg send: addr: 0x0080000000, dst_x: 00000000, dst_y: 00000000, dst_fbits: 0010
# Msg send data: 0x65070284000000006507028400000000
# src x: 00000000, src y: 00000000
# sdid:    0, lsid:  0
#             34416500
# TILE0 noc2 flit raw: 0x800000008084c008
#             34417500
# TILE0 noc2 flit raw: 0x0000800000000600
#             34418500
# TILE0 noc2 flit raw: 0x0000000000000000
# FakeMem: input: 800004008084c008            34482500
# FakeMem: input: 0000800000000600            34487500
# FakeMem: input: 0000000000000000            34492500
# MemRead: 0000000080000000 : 8140014181410142
# MemRead: 0000000080000008 : 8142014381430144
# MemRead: 0000000080000010 : 8144014581450146
# MemRead: 0000000080000018 : 8146014781470148
# MemRead: 0000000080000020 : 814801498149014a
# MemRead: 0000000080000028 : 814a014b814b014c
# MemRead: 0000000080000030 : 814c014d814d014e
# MemRead: 0000000080000038 : 814e014f814ff962
# FakeMem: output 0000000002060001            34502500
# FakeMem: output 8140014181410142            34507500
# FakeMem: output 8142014381430144            34512500
# FakeMem: output 8144014581450146            34532500
# FakeMem: output 8146014781470148            34537500
# FakeMem: output 814801498149014a            34542500
#             34548500
# TILE0 noc3 flit raw: 0x0000000002060001
# TILE0-------------------------------------
#             34549500
# P2S1 msg type:    ld_mem_ack  Data_size: 110, cache_type: 1, last_subline: 1
# P2S1 valid: stall: 0, stall_pre: 0, stall_hazard: 0
# Control signals: 100
# CSM enable: 0
# SMC miss: 0
# Msg from mshr: 1
# Msg length: 00001000
# P2S1 addr: 0x0080000000
# Mshr_rd_index: 000
# Tag_addr: 0x00
# Tag_data_in: 0x00800000200000080000020000
# Tag_data_mask_in: 0x00000000000000000003ffffff
# State_rd_addr: 0x00
# src x: 00000000, src y: 00000000
#             34553500
# TILE0 noc3 flit raw: 0x8140014181410142
# FakeMem: output 814a014b814b014c            34557500
#             34559500
# TILE0 noc3 flit raw: 0x8142014381430144
# TILE0-------------------------------------
#             34560500
# P2S2 msg type:    ld_mem_ack  Data_size: 110, cache_type: 1, last_subline: 1
# P2S2 valid: stall: 1, stall_real: 0, stall_load: 1
# Control signals: 1101000100011000000
# CSM enable: 0
# broadcast coreid: (    0,   0,   0)
# broadcast op val: 0
# SMC miss: 0
# Msg from mshr: 1
# P2S2 addr: 0x0080000000
# P2S2 valid: l2_way_sel: 00, l2_hit: 0, l2_wb: 0
# state: mesi: 00, vd: 00, subline: 0000, cache_type: 0, owner: 000000
# State data: 0x00000000000000000
# Tag data: 0x00000000000000000003ffc404
# Dir addr: 0x000
# Dir data: 0x0000000000000000
# Dir data mask: 0xffffffffffffffff
# Data addr: 0x000
# Data data: 0x558142014381430144518140014181410142
# Data data mask: 0xffffffffffffffffffffffffffffffffffff
# State data in: 0x1028005000a001400
# State data mask: 0x00000000000000000
# src x: 00000000, src y: 00000000
# FakeMem: output 814c014d814d014e            34562500
# FakeMem: output 814e014f814ff962            34567500
#             34573500
# TILE0 noc3 flit raw: 0x8144014581450146
#             34579500
# TILE0 noc3 flit raw: 0x8146014781470148
# TILE0-------------------------------------
#             34580500
# P2S2 msg type:    ld_mem_ack  Data_size: 110, cache_type: 1, last_subline: 1
# P2S2 valid: stall: 1, stall_real: 0, stall_load: 1
# Control signals: 1101000100011000000
# CSM enable: 0
# broadcast coreid: (    0,   0,   0)
# broadcast op val: 0
# SMC miss: 0
# Msg from mshr: 1
# P2S2 addr: 0x0080000000
# P2S2 valid: l2_way_sel: 00, l2_hit: 0, l2_wb: 0
# state: mesi: 00, vd: 00, subline: 0000, cache_type: 0, owner: 000000
# State data: 0x00000000000000000
# Tag data: 0x00000000000000000003ffc404
# Dir addr: 0x000
# Dir data: 0x0000000000000000
# Dir data mask: 0xffffffffffffffff
# Data addr: 0x001
# Data data: 0xdc8146014781470148df8144014581450146
# Data data mask: 0xffffffffffffffffffffffffffffffffffff
# State data in: 0x1028005000a001400
# State data mask: 0x00000000000000000
# src x: 00000000, src y: 00000000
#             34584500
# TILE0 noc3 flit raw: 0x814801498149014a
#             34599500
# TILE0 noc3 flit raw: 0x814a014b814b014c
# TILE0-------------------------------------
#             34600500
# P2S2 msg type:    ld_mem_ack  Data_size: 110, cache_type: 1, last_subline: 1
# P2S2 valid: stall: 1, stall_real: 0, stall_load: 1
# Control signals: 1101000100011000000
# CSM enable: 0
# broadcast coreid: (    0,   0,   0)
# broadcast op val: 0
# SMC miss: 0
# Msg from mshr: 1
# P2S2 addr: 0x0080000000
# P2S2 valid: l2_way_sel: 00, l2_hit: 0, l2_wb: 0
# state: mesi: 00, vd: 00, subline: 0000, cache_type: 0, owner: 000000
# State data: 0x00000000000000000
# Tag data: 0x00000000000000000003ffc404
# Dir addr: 0x000
# Dir data: 0x0000000000000000
# Dir data mask: 0xffffffffffffffff
# Data addr: 0x002
# Data data: 0xdb814a014b814b014cdf814801498149014a
# Data data mask: 0xffffffffffffffffffffffffffffffffffff
# State data in: 0x1028005000a001400
# State data mask: 0x00000000000000000
# src x: 00000000, src y: 00000000
#             34604500
# TILE0 noc3 flit raw: 0x814c014d814d014e
#             34610500
# TILE0 noc3 flit raw: 0x814e014f814ff962
# TILE0-------------------------------------
#             34611500
# P2S2 msg type:    ld_mem_ack  Data_size: 110, cache_type: 1, last_subline: 1
# P2S2 valid: stall: 0, stall_real: 0, stall_load: 0
# Control signals: 1101000100011000000
# CSM enable: 0
# broadcast coreid: (    0,   0,   0)
# broadcast op val: 0
# SMC miss: 0
# Msg from mshr: 1
# P2S2 addr: 0x0080000000
# P2S2 valid: l2_way_sel: 00, l2_hit: 0, l2_wb: 0
# state: mesi: 00, vd: 00, subline: 0000, cache_type: 0, owner: 000000
# State data: 0x00000000000000000
# Tag data: 0x00000000000000000003ffc404
# Dir addr: 0x000
# Dir data: 0x0000000000000000
# Dir data mask: 0xffffffffffffffff
# Data addr: 0x003
# Data data: 0xcc814e014f814ff96251814c014d814d014e
# Data data mask: 0xffffffffffffffffffffffffffffffffffff
# State data in: 0x1028005000a001400
# State data mask: 0x00000000000001bc0
# src x: 00000000, src y: 00000000
# TILE0-------------------------------------
#             34612500
# SMC miss: 0
# CSM enable: 0
# P2S3 State wr addr: 0x00
# Mshr wr index: 000
# MSHR state wr en: 1
# MSHR inc inv counter en: 0
# State wr en: 1
# TILE0-------------------------------------
#             34613500
#             34613500 P1S1 msg type:     ld_req     addr: 0x0080000000, Data_size: 110, cache_type: 1
# P1S1 valid: stall: 0, stall_pre: 0, stall_hazard: 0, stall_mshr: 0, stall_msg: 0, stall_global: 0
# Control signals: 111
# CSM enable: 0
# Special addr type: 0
# Msg from mshr: 1
# P1S1 addr: 0x0080000000
# Mshr_addr: 0x00
# Tag_addr: 0x00
# Tag data in: 0x00000000000000000000000000
# Tag data mask in: 0x00000000000000000003ffffff
# State_rd_addr: 0x00
# Msg data: 0x0000000000000000
# Msg length: 00000000
# src x: 00000000, src y: 00000000
# sdid:    0, lsid:  0
# TILE0-------------------------------------
#             34614500
#             34614500 P1S2 msg type:     ld_req     addr: 0x0080000000, Data_size: 110, cache_type: 1
# P1S2 valid: recycle: 0, stall: 1, stall_pre: 0, stall_real: 0, stall_load: 1, stall_msg: 0, stall_global: 0
# Control signals: 000010001101001010100010111
# CSM enable: 0
# Special addr type: 0
# Msg from mshr: 1
# P1S2 addr: 0x0080000000
# P1S2 valid: l2_way_sel: 00, l2_hit: 1, l2_evict: 0, l2_wb: 0
# State VD bits: 00 00 00 10
# State: rb: 00, lru: 0000, mesi: 00, vd: 10, subline: 0000, cache_type: 0, owner: 000000
# Msg data valid: 0
# Msg data ready: 0
# Msg data: 0x0000000000000000
# Return data: 0x0000000000000000
# State data: 0x00000000000001000
# Tag data: 0x00000000000000000000020000
# Dir addr: 0x000
# Dir data: 0xffffffffffffffff
# Dir data mask: 0x0000000000000001
# Data addr: 0x000
# Data data: 0x000000000000000000000000000000000000
# Data data mask: 0xffffffffffffffffffffffffffffffffffff
# State data in: 0x114980930126024c0
# State data mask in: 0x0f0000000000067ff
# src x: 00000000, src y: 00000000
# sdid:    0, lsid:  0
# TILE0-------------------------------------
#             34615500
#             34615500 P1S2 msg type:     ld_req     addr: 0x0080000000, Data_size: 110, cache_type: 1
# P1S2 valid: recycle: 0, stall: 0, stall_pre: 0, stall_real: 0, stall_load: 0, stall_msg: 0, stall_global: 0
# Control signals: 000010001101001010100010111
# CSM enable: 0
# Special addr type: 0
# Msg from mshr: 1
# P1S2 addr: 0x0080000000
# P1S2 valid: l2_way_sel: 00, l2_hit: 1, l2_evict: 0, l2_wb: 0
# State VD bits: 00 00 00 10
# State: rb: 00, lru: 0000, mesi: 00, vd: 10, subline: 0000, cache_type: 0, owner: 000000
# Msg data valid: 0
# Msg data ready: 0
# Msg data: 0x0000000000000000
# Return data: 0x0000000000000000
# State data: 0x00000000000001000
# Tag data: 0x00000000000000000000020000
# Dir addr: 0x000
# Dir data: 0xffffffffffffffff
# Dir data mask: 0x0000000000000001
# Data addr: 0x001
# Data data: 0x000000000000000000000000000000000000
# Data data mask: 0xffffffffffffffffffffffffffffffffffff
# State data in: 0x114980930126024c0
# State data mask in: 0x0f0000000000067ff
# src x: 00000000, src y: 00000000
# sdid:    0, lsid:  0
# TILE0-------------------------------------
#             34615500
#             34615500 P1S3 msg type:     ld_req     addr: 0x0080000000, Data_size: 110, cache_type: 1
# P1S3 valid: recycle: 0, stall: 0
# State wr en: 0
# Dir data: 0xxxxxxxxxxxxxxxxx
# CSM enable: 0
# Msg from mshr: 1
# P1S3 addr: 0x0080000000
# P1S3 valid: l2_hit: 1, l2_evict: 0
# Data data: 0x558142014381430144518140014181410142
# State:mesi: 00, vd: 10, subline: 0000, cache_type: 0, owner: 000000
# sdid:    0, lsid:  0
# TILE0-------------------------------------
#             34616500
#             34616500 P1S3 msg type:     ld_req     addr: 0x0080000000, Data_size: 110, cache_type: 1
# P1S3 valid: recycle: 0, stall: 0
# State wr en: 1
# Dir data: 0xxxxxxxxxxxxxxxxx
# CSM enable: 0
# Msg from mshr: 1
# P1S3 addr: 0x0080000000
# P1S3 valid: l2_hit: 1, l2_evict: 0
# Data data: 0xdc8146014781470148df8144014581450146
# State:mesi: 00, vd: 10, subline: 0000, cache_type: 0, owner: 000000
# sdid:    0, lsid:  0
# TILE0-------------------------------------
#             34616500
#             34616500 P1S4 msg type:     ld_req     addr: 0x0080000000, Data_size: 110, cache_type: 1
# P1S4 valid: recycle: 0, stall: 0, msg_stall: 0, dir_data_stall: 0, stall_inv_counter: 0, stall_smc_buf: 0, smc_stall: 0, global_stall: 0, broadcast_stall: 0
# Control signals: 0100011101000011110
# CSM enable: 0
# broadcast coreid: (    0,   0,   0)
# broadcast state: 0, broadcast op val: 0
# Special addr type: 0
# MSHR state wr en: 0
# MSHR data wr en: 0
# MSHR data wr : 0x000000000000000000047f4040080000000
# MSHR inv counter :  0
# State wr en: 0
# Dir data: 0xxxxxxxxxxxxxxxxx
# Dir sharer counter:  1
# State data in: 0x010000000000024c0
# State data mask in: 0x0f0000000000067ff
# State wr addr: 0x00
# Msg data: 0x0000000000000000
# SMC miss: 0
# SMC data out: 0x00000000
# SMC tag out: 0x0000
# SMC valid out: 0x0
# Msg send valid: 1, send ready: 1, mode: 011, length: 00000100
# Msg send type:     data_ack   Msg send data_size: 000, cache_type: 1, mesi: 01, l2_miss: 1, mshrid: 00000001, subline_vector: 0000
# Msg from mshr: 1
# P1S4 addr: 0x0080000000
# P1S4 valid: l2_hit: 1, l2_evict: 0
# Data data: 0x558142014381430144518140014181410142
# State:mesi: 00, vd: 10, subline: 0000, cache_type: 0, owner: 000000
# Msg send: addr: 0x0080000000, dst_x: 00000000, dst_y: 00000000, dst_fbits: 0000
# Msg send data: 0x81420143814301448140014181410142
# src x: 00000000, src y: 00000000
# sdid:    0, lsid:  0
# TILE0-------------------------------------
#             34617500
#             34617500 P1S4 msg type:     ld_req     addr: 0x0080000000, Data_size: 110, cache_type: 1
# P1S4 valid: recycle: 0, stall: 0, msg_stall: 0, dir_data_stall: 0, stall_inv_counter: 0, stall_smc_buf: 0, smc_stall: 0, global_stall: 0, broadcast_stall: 0
# Control signals: 0100011101000011110
# CSM enable: 0
# broadcast coreid: (    0,   0,   0)
# broadcast state: 0, broadcast op val: 0
# Special addr type: 0
# MSHR state wr en: 0
# MSHR data wr en: 0
# MSHR data wr : 0x000000000000000000047f4040080000000
# MSHR inv counter :  0
# State wr en: 1
# Dir data: 0xxxxxxxxxxxxxxxxx
# Dir sharer counter:  1
# State data in: 0x010000000000024c0
# State data mask in: 0x0f0000000000067ff
# State wr addr: 0x00
# Msg data: 0x0000000000000000
# SMC miss: 0
# SMC data out: 0x00000000
# SMC tag out: 0x0000
# SMC valid out: 0x0
# Msg send valid: 1, send ready: 1, mode: 111, length: 00000100
# Msg send type:     data_ack   Msg send data_size: 000, cache_type: 1, mesi: 01, l2_miss: 1, mshrid: 00000001, subline_vector: 0000
# Msg from mshr: 1
# P1S4 addr: 0x0080000000
# P1S4 valid: l2_hit: 1, l2_evict: 0
# Data data: 0xdc8146014781470148df8144014581450146
# State:mesi: 00, vd: 10, subline: 0000, cache_type: 0, owner: 000000
# Msg send: addr: 0x0080000000, dst_x: 00000000, dst_y: 00000000, dst_fbits: 0000
# Msg send data: 0x81460147814701488144014581450146
# src x: 00000000, src y: 00000000
# sdid:    0, lsid:  0
#             34617500
# TILE0 noc2 flit raw: 0x0000000001074058
#             34618500
# TILE0 noc2 flit raw: 0x8140014181410142
#             34619500
# TILE0 noc2 flit raw: 0x8142014381430144
#             34620500
# TILE0 noc2 flit raw: 0x8144014581450146
#             34621500
# TILE0 noc2 flit raw: 0x8146014781470148
# 34625000 TILE0 L1.5: Received NOC2                                                MSG_TYPE_DATA_ACK   mshrid 1, l2miss 1, f4b 0, ackstate 1, address 0x4001418141
#    Data1: 0x8140014181410142
#    Data2: 0x8142014381430144
#    Data3: 0x8144014581450146
#    Data4: 0x8146014781470148
# 
#             34625000 L15 TILE0:
# NoC1 credit:  8
# NoC1 reserved credit:  0
# TILE0 Pipeline: *  X  X 
# Stage 1 status:    Operation: L15_REQTYPE_ACKDT_IFILL
#    TILE0 S1 Address: 0x0000000000
# L15_MON_END
# 
# 
#             34626000 L15 TILE0:
# NoC1 credit:  8
# NoC1 reserved credit:  0
# TILE0 Pipeline: X  *  X 
# Stage 2 status:    Operation: L15_REQTYPE_ACKDT_IFILL
#    TILE0 S2 Address: 0x0000000000
#    TILE0 S2 Cache index:   0
# L15_MON_END
# 
# 34627000 TILE0 L1.5 th0: Sent CPX IFILL_RET   l2miss 1, nc 0, atomic 0, threadid 0, pf 0, f4b 0, iia 0, dia 0, dinval 0, iinval 0, invalway 0, blkinit 0
#    Data0: 0x8140014181410142
#    Data1: 0x8142014381430144
#    Data2: 0x8144014581450146
#    Data3: 0x8146014781470148
# 
#             34627000 L15 TILE0:
# NoC1 credit:  8
# NoC1 reserved credit:  0
# TILE0 Pipeline: X  X  * 
# Stage 3 status:    Operation: L15_REQTYPE_ACKDT_IFILL
#    TILE0 S3 Address: 0x0000000000
# L15_MON_END
# 
# 34642000 TILE0 L1.5 th0: Received PCX PCX_REQTYPE_IFILL   Addr 0x0080000020, nc 0, size 6, invalall 0, pf 0, bs 0, bsi 0, l1way 0
#    Data: 0x0000000000000000
#    CSM HDID:    0, HD_SIZE:  0, SDID:    0, LSID:  0
#    CSM Data: 0x000000000
# 
#             34642000 L15 TILE0:
# NoC1 credit:  8
# NoC1 reserved credit:  0
# TILE0 Pipeline: *  X  X 
# Stage 1 status:    Operation: L15_REQTYPE_IFILL
#    TILE0 S1 Address: 0x0080000020
# L15_MON_END
# 
# 
#             34643000 L15 TILE0:
# NoC1 credit:  7
# NoC1 reserved credit:  0
# TILE0 Pipeline: X  *  X 
# Stage 2 status:    Operation: L15_REQTYPE_IFILL
#    TILE0 S2 Address: 0x0080000020
#    TILE0 S2 Cache index:   2
#    CSM op:  1
#       CSM read ticket: 0x1
# L15_MON_END
# 
#             34643000: TILE0 L15_CSM REQ MON:
# L15 CSM req addr: 0x0080000020
# L15 CSM req ticket: 1
# L15 CSM req type: 0
# L15 CSM req data: 0x00000000000000000000000000000000
# L15 CSM req pcx data: 0x000000000
# 
#             34644000 L15 TILE0:
# NoC1 credit:  7
# NoC1 reserved credit:  0
# TILE0 Pipeline: X  X  * 
# Stage 3 status:    Operation: L15_REQTYPE_IFILL
#    TILE0 S3 Address: 0x0080000020
# L15_MON_END
# 
#             34644000: TILE0 L15_CSM RES MON:
# L15 CSM res data: 0x0000000000000000
#             34645000
# TILE0 noc1 flit raw: 0x000000000087c040
#    srcX:   0, srcY:   0
#    destX:   0, destY:   0
#             34646000
# TILE0 noc1 flit raw: 0x0000800000200e00
#    srcX:   0, srcY:   0
#    destX:   0, destY:   0
#             34647000
# TILE0 noc1 flit raw: 0x0000000000000000
#    srcX:   0, srcY:   0
#    destX:   0, destY:   0
# 34647000 TILE0 L1.5: Sending NOC1                                   L15_NOC1_REQTYPE_IFILL_REQUEST   mshrid 1, nc 0, size 6, pf 0, address 80000020
#    Data0: 0x0000000000000000
#    Data1: 0x0000000000000000
#    Destination X:   0 Y:   0
# TILE0-------------------------------------
#             34651500
#             34651500 P1S1 msg type:     ld_req     addr: 0x0080000020, Data_size: 110, cache_type: 1
# P1S1 valid: stall: 0, stall_pre: 0, stall_hazard: 0, stall_mshr: 0, stall_msg: 0, stall_global: 0
# Control signals: 111
# CSM enable: 0
# Special addr type: 0
# Msg from mshr: 0
# P1S1 addr: 0x0080000020
# Mshr_addr: 0x00
# Tag_addr: 0x00
# Tag data in: 0x00000000000000000000000000
# Tag data mask in: 0x00000000000000000003ffffff
# State_rd_addr: 0x00
# Msg data: 0x0000000000000000
# Msg length: 00000010
# src x: 00000000, src y: 00000000
# sdid:    0, lsid:  0
# TILE0-------------------------------------
#             34652500
#             34652500 P1S2 msg type:     ld_req     addr: 0x0080000020, Data_size: 110, cache_type: 1
# P1S2 valid: recycle: 0, stall: 1, stall_pre: 0, stall_real: 0, stall_load: 1, stall_msg: 0, stall_global: 0
# Control signals: 000010001100001010000000011
# CSM enable: 0
# Special addr type: 0
# Msg from mshr: 0
# P1S2 addr: 0x0080000020
# P1S2 valid: l2_way_sel: 00, l2_hit: 1, l2_evict: 0, l2_wb: 0
# State VD bits: 00 00 00 10
# State: rb: 00, lru: 0001, mesi: 01, vd: 10, subline: 0011, cache_type: 1, owner: 000000
# Msg data valid: 0
# Msg data ready: 0
# Msg data: 0x0000000000000000
# Return data: 0x0000000000000000
# State data: 0x010000000000034c0
# Tag data: 0x00000000000000000000020000
# Dir addr: 0x000
# Dir data: 0xffffffffffffffff
# Dir data mask: 0x0000000000000001
# Data addr: 0x002
# Data data: 0x000000000000000000000000000000000000
# Data data mask: 0xffffffffffffffffffffffffffffffffffff
# State data in: 0x114f809f013e027c0
# State data mask in: 0x0f0000000000003c0
# src x: 00000000, src y: 00000000
# sdid:    0, lsid:  0
# TILE0-------------------------------------
#             34653500
#             34653500 P1S2 msg type:     ld_req     addr: 0x0080000020, Data_size: 110, cache_type: 1
# P1S2 valid: recycle: 0, stall: 0, stall_pre: 0, stall_real: 0, stall_load: 0, stall_msg: 0, stall_global: 0
# Control signals: 000010001100001010000000011
# CSM enable: 0
# Special addr type: 0
# Msg from mshr: 0
# P1S2 addr: 0x0080000020
# P1S2 valid: l2_way_sel: 00, l2_hit: 1, l2_evict: 0, l2_wb: 0
# State VD bits: 00 00 00 10
# State: rb: 00, lru: 0001, mesi: 01, vd: 10, subline: 0011, cache_type: 1, owner: 000000
# Msg data valid: 0
# Msg data ready: 0
# Msg data: 0x0000000000000000
# Return data: 0x0000000000000000
# State data: 0x010000000000034c0
# Tag data: 0x00000000000000000000020000
# Dir addr: 0x000
# Dir data: 0xffffffffffffffff
# Dir data mask: 0x0000000000000001
# Data addr: 0x003
# Data data: 0x000000000000000000000000000000000000
# Data data mask: 0xffffffffffffffffffffffffffffffffffff
# State data in: 0x114f809f013e027c0
# State data mask in: 0x0f0000000000003c0
# src x: 00000000, src y: 00000000
# sdid:    0, lsid:  0
# TILE0-------------------------------------
#             34653500
#             34653500 P1S3 msg type:     ld_req     addr: 0x0080000020, Data_size: 110, cache_type: 1
# P1S3 valid: recycle: 0, stall: 0
# State wr en: 0
# Dir data: 0xxxxxxxxxxxxxxxxx
# CSM enable: 0
# Msg from mshr: 0
# P1S3 addr: 0x0080000020
# P1S3 valid: l2_hit: 1, l2_evict: 0
# Data data: 0xdb814a014b814b014cdf814801498149014a
# State:mesi: 01, vd: 10, subline: 0011, cache_type: 1, owner: 000000
# sdid:    0, lsid:  0
# TILE0-------------------------------------
#             34654500
#             34654500 P1S3 msg type:     ld_req     addr: 0x0080000020, Data_size: 110, cache_type: 1
# P1S3 valid: recycle: 0, stall: 0
# State wr en: 1
# Dir data: 0xxxxxxxxxxxxxxxxx
# CSM enable: 0
# Msg from mshr: 0
# P1S3 addr: 0x0080000020
# P1S3 valid: l2_hit: 1, l2_evict: 0
# Data data: 0xcc814e014f814ff96251814c014d814d014e
# State:mesi: 01, vd: 10, subline: 0011, cache_type: 1, owner: 000000
# sdid:    0, lsid:  0
# TILE0-------------------------------------
#             34654500
#             34654500 P1S4 msg type:     ld_req     addr: 0x0080000020, Data_size: 110, cache_type: 1
# P1S4 valid: recycle: 0, stall: 0, msg_stall: 0, dir_data_stall: 0, stall_inv_counter: 0, stall_smc_buf: 0, smc_stall: 0, global_stall: 0, broadcast_stall: 0
# Control signals: 0100011101000011110
# CSM enable: 0
# broadcast coreid: (    0,   0,   0)
# broadcast state: 0, broadcast op val: 0
# Special addr type: 0
# MSHR state wr en: 0
# MSHR data wr en: 0
# MSHR data wr : 0x000000000000000000007f4040080000020
# MSHR inv counter :  0
# State wr en: 0
# Dir data: 0xxxxxxxxxxxxxxxxx
# Dir sharer counter:  1
# State data in: 0x010000000000003c0
# State data mask in: 0x0f0000000000003c0
# State wr addr: 0x00
# Msg data: 0x0000000000000000
# SMC miss: 0
# SMC data out: 0x00000000
# SMC tag out: 0x0000
# SMC valid out: 0x0
# Msg send valid: 1, send ready: 1, mode: 011, length: 00000100
# Msg send type:     data_ack   Msg send data_size: 000, cache_type: 1, mesi: 01, l2_miss: 0, mshrid: 00000001, subline_vector: 0011
# Msg from mshr: 0
# P1S4 addr: 0x0080000020
# P1S4 valid: l2_hit: 1, l2_evict: 0
# Data data: 0xdb814a014b814b014cdf814801498149014a
# State:mesi: 01, vd: 10, subline: 0011, cache_type: 1, owner: 000000
# Msg send: addr: 0x0080000020, dst_x: 00000000, dst_y: 00000000, dst_fbits: 0000
# Msg send data: 0x814a014b814b014c814801498149014a
# src x: 00000000, src y: 00000000
# sdid:    0, lsid:  0
# TILE0-------------------------------------
#             34655500
#             34655500 P1S4 msg type:     ld_req     addr: 0x0080000020, Data_size: 110, cache_type: 1
# P1S4 valid: recycle: 0, stall: 0, msg_stall: 0, dir_data_stall: 0, stall_inv_counter: 0, stall_smc_buf: 0, smc_stall: 0, global_stall: 0, broadcast_stall: 0
# Control signals: 0100011101000011110
# CSM enable: 0
# broadcast coreid: (    0,   0,   0)
# broadcast state: 0, broadcast op val: 0
# Special addr type: 0
# MSHR state wr en: 0
# MSHR data wr en: 0
# MSHR data wr : 0x000000000000000000007f4040080000020
# MSHR inv counter :  0
# State wr en: 1
# Dir data: 0xxxxxxxxxxxxxxxxx
# Dir sharer counter:  1
# State data in: 0x010000000000003c0
# State data mask in: 0x0f0000000000003c0
# State wr addr: 0x00
# Msg data: 0x0000000000000000
# SMC miss: 0
# SMC data out: 0x00000000
# SMC tag out: 0x0000
# SMC valid out: 0x0
# Msg send valid: 1, send ready: 1, mode: 111, length: 00000100
# Msg send type:     data_ack   Msg send data_size: 000, cache_type: 1, mesi: 01, l2_miss: 0, mshrid: 00000001, subline_vector: 0011
# Msg from mshr: 0
# P1S4 addr: 0x0080000020
# P1S4 valid: l2_hit: 1, l2_evict: 0
# Data data: 0xcc814e014f814ff96251814c014d814d014e
# State:mesi: 01, vd: 10, subline: 0011, cache_type: 1, owner: 000000
# Msg send: addr: 0x0080000020, dst_x: 00000000, dst_y: 00000000, dst_fbits: 0000
# Msg send data: 0x814e014f814ff962814c014d814d014e
# src x: 00000000, src y: 00000000
# sdid:    0, lsid:  0
#             34655500
# TILE0 noc2 flit raw: 0x0000000001074050
#             34656500
# TILE0 noc2 flit raw: 0x814801498149014a
#             34657500
# TILE0 noc2 flit raw: 0x814a014b814b014c
#             34658500
# TILE0 noc2 flit raw: 0x814c014d814d014e
#             34659500
# TILE0 noc2 flit raw: 0x814e014f814ff962
# 34663000 TILE0 L1.5: Received NOC2                                                MSG_TYPE_DATA_ACK   mshrid 1, l2miss 0, f4b 0, ackstate 1, address 0x4801498149
#    Data1: 0x814801498149014a
#    Data2: 0x814a014b814b014c
#    Data3: 0x814c014d814d014e
#    Data4: 0x814e014f814ff962
# 
#             34663000 L15 TILE0:
# NoC1 credit:  8
# NoC1 reserved credit:  0
# TILE0 Pipeline: *  X  X 
# Stage 1 status:    Operation: L15_REQTYPE_ACKDT_IFILL
#    TILE0 S1 Address: 0x0000000000
# L15_MON_END
# 
# 
#             34664000 L15 TILE0:
# NoC1 credit:  8
# NoC1 reserved credit:  0
# TILE0 Pipeline: X  *  X 
# Stage 2 status:    Operation: L15_REQTYPE_ACKDT_IFILL
#    TILE0 S2 Address: 0x0000000000
#    TILE0 S2 Cache index:   0
# L15_MON_END
# 
# 34665000 TILE0 L1.5 th0: Sent CPX IFILL_RET   l2miss 0, nc 0, atomic 0, threadid 0, pf 0, f4b 0, iia 0, dia 0, dinval 0, iinval 0, invalway 0, blkinit 0
#    Data0: 0x814801498149014a
#    Data1: 0x814a014b814b014c
#    Data2: 0x814c014d814d014e
#    Data3: 0x814e014f814ff962
# 
#             34665000 L15 TILE0:
# NoC1 credit:  8
# NoC1 reserved credit:  0
# TILE0 Pipeline: X  X  * 
# Stage 3 status:    Operation: L15_REQTYPE_ACKDT_IFILL
#    TILE0 S3 Address: 0x0000000000
# L15_MON_END
# 
# 34680000 TILE0 L1.5 th0: Received PCX PCX_REQTYPE_IFILL   Addr 0x0080000040, nc 0, size 6, invalall 0, pf 0, bs 0, bsi 0, l1way 0
#    Data: 0x0000000000000000
#    CSM HDID:    0, HD_SIZE:  0, SDID:    0, LSID:  0
#    CSM Data: 0x000000000
# 
#             34680000 L15 TILE0:
# NoC1 credit:  8
# NoC1 reserved credit:  0
# TILE0 Pipeline: *  X  X 
# Stage 1 status:    Operation: L15_REQTYPE_IFILL
#    TILE0 S1 Address: 0x0080000040
# L15_MON_END
# 
# 
#             34681000 L15 TILE0:
# NoC1 credit:  7
# NoC1 reserved credit:  0
# TILE0 Pipeline: X  *  X 
# Stage 2 status:    Operation: L15_REQTYPE_IFILL
#    TILE0 S2 Address: 0x0080000040
#    TILE0 S2 Cache index:   4
#    CSM op:  1
#       CSM read ticket: 0x1
# L15_MON_END
# 
#             34681000: TILE0 L15_CSM REQ MON:
# L15 CSM req addr: 0x0080000040
# L15 CSM req ticket: 1
# L15 CSM req type: 0
# L15 CSM req data: 0x00000000000000000000000000000000
# L15 CSM req pcx data: 0x000000000
# 
#             34682000 L15 TILE0:
# NoC1 credit:  7
# NoC1 reserved credit:  0
# TILE0 Pipeline: X  X  * 
# Stage 3 status:    Operation: L15_REQTYPE_IFILL
#    TILE0 S3 Address: 0x0080000040
# L15_MON_END
# 
#             34682000: TILE0 L15_CSM RES MON:
# L15 CSM res data: 0x0000000000000000
#             34683000
# TILE0 noc1 flit raw: 0x000000000087c040
#    srcX:   0, srcY:   0
#    destX:   0, destY:   0
#             34684000
# TILE0 noc1 flit raw: 0x0000800000400e00
#    srcX:   0, srcY:   0
#    destX:   0, destY:   0
#             34685000
# TILE0 noc1 flit raw: 0x0000000000000000
#    srcX:   0, srcY:   0
#    destX:   0, destY:   0
# 34685000 TILE0 L1.5: Sending NOC1                                   L15_NOC1_REQTYPE_IFILL_REQUEST   mshrid 1, nc 0, size 6, pf 0, address 80000040
#    Data0: 0x0000000000000000
#    Data1: 0x0000000000000000
#    Destination X:   0 Y:   0
# TILE0-------------------------------------
#             34689500
#             34689500 P1S1 msg type:     ld_req     addr: 0x0080000040, Data_size: 110, cache_type: 1
# P1S1 valid: stall: 0, stall_pre: 0, stall_hazard: 0, stall_mshr: 0, stall_msg: 0, stall_global: 0
# Control signals: 111
# CSM enable: 0
# Special addr type: 0
# Msg from mshr: 0
# P1S1 addr: 0x0080000040
# Mshr_addr: 0x01
# Tag_addr: 0x01
# Tag data in: 0x00000000000000000000000000
# Tag data mask in: 0x00000000000000000003ffffff
# State_rd_addr: 0x01
# Msg data: 0x0000000000000000
# Msg length: 00000010
# src x: 00000000, src y: 00000000
# sdid:    0, lsid:  0
# TILE0-------------------------------------
#             34690500
#             34690500 P1S2 msg type:     ld_req     addr: 0x0080000040, Data_size: 110, cache_type: 1
# P1S2 valid: recycle: 0, stall: 0, stall_pre: 0, stall_real: 0, stall_load: 0, stall_msg: 0, stall_global: 0
# Control signals: 000001000110000000000000000
# CSM enable: 0
# Special addr type: 0
# Msg from mshr: 0
# P1S2 addr: 0x0080000040
# P1S2 valid: l2_way_sel: 00, l2_hit: 0, l2_evict: 0, l2_wb: 0
# State VD bits: 00 00 00 00
# State: rb: 00, lru: 0000, mesi: 00, vd: 00, subline: 0000, cache_type: 0, owner: 000000
# Msg data valid: 0
# Msg data ready: 0
# Msg data: 0x0000000000000000
# Return data: 0x0000000000000000
# State data: 0x00000000000000000
# Tag data: 0x00000000000000000000000000
# Dir addr: 0x004
# Dir data: 0xffffffffffffffff
# Dir data mask: 0x0000000000000001
# Data addr: 0x010
# Data data: 0x000000000000000000000000000000000000
# Data data mask: 0xffffffffffffffffffffffffffffffffffff
# State data in: 0x10080010002000400
# State data mask in: 0x00000000000000000
# src x: 00000000, src y: 00000000
# sdid:    0, lsid:  0
# TILE0-------------------------------------
#             34691500
#             34691500 P1S3 msg type:     ld_req     addr: 0x0080000040, Data_size: 110, cache_type: 1
# P1S3 valid: recycle: 0, stall: 0
# State wr en: 0
# Dir data: 0xxxxxxxxxxxxxxxxx
# CSM enable: 0
# Msg from mshr: 0
# P1S3 addr: 0x0080000040
# P1S3 valid: l2_hit: 0, l2_evict: 0
# Data data: 0xcc814e014f814ff96251814c014d814d014e
# State:mesi: 00, vd: 00, subline: 0000, cache_type: 0, owner: 000000
# sdid:    0, lsid:  0
# TILE0-------------------------------------
#             34692500
#             34692500 P1S4 msg type:     ld_req     addr: 0x0080000040, Data_size: 110, cache_type: 1
# P1S4 valid: recycle: 0, stall: 0, msg_stall: 0, dir_data_stall: 0, stall_inv_counter: 0, stall_smc_buf: 0, smc_stall: 0, global_stall: 0, broadcast_stall: 0
# Control signals: 0100010011000011110
# CSM enable: 0
# broadcast coreid: (    0,   0,   0)
# broadcast state: 0, broadcast op val: 0
# Special addr type: 0
# MSHR state wr en: 1
# MSHR data wr en: 1
# MSHR data wr : 0x000000000000000000047f4040080000040
# MSHR inv counter :  0
# State wr en: 0
# Dir data: 0xxxxxxxxxxxxxxxxx
# Dir sharer counter:  1
# State data in: 0x00000000000000000
# State data mask in: 0x00000000000000000
# State wr addr: 0x01
# Msg data: 0x0000000000000000
# SMC miss: 0
# SMC data out: 0x00000000
# SMC tag out: 0x0000
# SMC valid out: 0x0
# Msg send valid: 1, send ready: 1, mode: 100, length: 00000010
# Msg send type:      ld_mem    Msg send data_size: 110, cache_type: 0, mesi: 00, l2_miss: 1, mshrid: 00000000, subline_vector: 0000
# Msg from mshr: 0
# P1S4 addr: 0x0080000040
# P1S4 valid: l2_hit: 0, l2_evict: 0
# Data data: 0xcc814e014f814ff96251814c014d814d014e
# State:mesi: 00, vd: 00, subline: 0000, cache_type: 0, owner: 000000
# Msg send: addr: 0x0080000040, dst_x: 00000000, dst_y: 00000000, dst_fbits: 0010
# Msg send data: 0x814e014f814ff962814c014d814d014e
# src x: 00000000, src y: 00000000
# sdid:    0, lsid:  0
#             34693500
# TILE0 noc2 flit raw: 0x800000008084c008
#             34694500
# TILE0 noc2 flit raw: 0x0000800000400600
#             34695500
# TILE0 noc2 flit raw: 0x0000000000000000
# FakeMem: input: 800004008084c008            34762500
# FakeMem: input: 0000800000400600            34767500
# FakeMem: input: 0000000000000000            34772500
# MemRead: 0000000080000040 : 73a002308542fe02
# MemRead: 0000000080000048 : 63d8020005459712
# MemRead: 0000000080000050 : 000023a9a2b6ddbf
# MemRead: 0000000080000058 : 9702000093820209
# MemRead: 0000000080000060 : 7390523073103000
# MemRead: 0000000080000068 : 530000f0d30000f0
# MemRead: 0000000080000070 : 530100f0d30100f0
# MemRead: 0000000080000078 : 530200f0d30200f0
# FakeMem: output 0000000002060001            34782500
# FakeMem: output 73a002308542fe02            34787500
# FakeMem: output 63d8020005459712            34792500
# FakeMem: output 000023a9a2b6ddbf            34812500
# FakeMem: output 9702000093820209            34817500
# FakeMem: output 7390523073103000            34822500
#             34828500
# TILE0 noc3 flit raw: 0x0000000002060001
# TILE0-------------------------------------
#             34829500
# P2S1 msg type:    ld_mem_ack  Data_size: 110, cache_type: 1, last_subline: 1
# P2S1 valid: stall: 0, stall_pre: 0, stall_hazard: 0
# Control signals: 100
# CSM enable: 0
# SMC miss: 0
# Msg from mshr: 1
# Msg length: 00001000
# P2S1 addr: 0x0080000040
# Mshr_rd_index: 000
# Tag_addr: 0x01
# Tag_data_in: 0x00800000200000080000020000
# Tag_data_mask_in: 0x00000000000000000003ffffff
# State_rd_addr: 0x01
# src x: 00000000, src y: 00000000
#             34833500
# TILE0 noc3 flit raw: 0x73a002308542fe02
# FakeMem: output 530000f0d30000f0            34837500
#             34839500
# TILE0 noc3 flit raw: 0x63d8020005459712
# TILE0-------------------------------------
#             34840500
# P2S2 msg type:    ld_mem_ack  Data_size: 110, cache_type: 1, last_subline: 1
# P2S2 valid: stall: 1, stall_real: 0, stall_load: 1
# Control signals: 1101000100011000000
# CSM enable: 0
# broadcast coreid: (    0,   0,   0)
# broadcast op val: 0
# SMC miss: 0
# Msg from mshr: 1
# P2S2 addr: 0x0080000040
# P2S2 valid: l2_way_sel: 00, l2_hit: 0, l2_wb: 0
# state: mesi: 00, vd: 00, subline: 0000, cache_type: 0, owner: 000000
# State data: 0x00000000000000000
# Tag data: 0x00000000000000000000000000
# Dir addr: 0x004
# Dir data: 0x0000000000000000
# Dir data mask: 0xffffffffffffffff
# Data addr: 0x010
# Data data: 0xe563d80200054597120b73a002308542fe02
# Data data mask: 0xffffffffffffffffffffffffffffffffffff
# State data in: 0x1028005000a001400
# State data mask: 0x00000000000000000
# src x: 00000000, src y: 00000000
# FakeMem: output 530100f0d30100f0            34842500
# FakeMem: output 530200f0d30200f0            34847500
#             34853500
# TILE0 noc3 flit raw: 0x000023a9a2b6ddbf
#             34859500
# TILE0 noc3 flit raw: 0x9702000093820209
# TILE0-------------------------------------
#             34860500
# P2S2 msg type:    ld_mem_ack  Data_size: 110, cache_type: 1, last_subline: 1
# P2S2 valid: stall: 1, stall_real: 0, stall_load: 1
# Control signals: 1101000100011000000
# CSM enable: 0
# broadcast coreid: (    0,   0,   0)
# broadcast op val: 0
# SMC miss: 0
# Msg from mshr: 1
# P2S2 addr: 0x0080000040
# P2S2 valid: l2_way_sel: 00, l2_hit: 0, l2_wb: 0
# state: mesi: 00, vd: 00, subline: 0000, cache_type: 0, owner: 000000
# State data: 0x00000000000000000
# Tag data: 0x00000000000000000000000000
# Dir addr: 0x004
# Dir data: 0x0000000000000000
# Dir data mask: 0xffffffffffffffff
# Data addr: 0x011
# Data data: 0x83970200009382020922000023a9a2b6ddbf
# Data data mask: 0xffffffffffffffffffffffffffffffffffff
# State data in: 0x1028005000a001400
# State data mask: 0x00000000000000000
# src x: 00000000, src y: 00000000
#             34864500
# TILE0 noc3 flit raw: 0x7390523073103000
#             34879500
# TILE0 noc3 flit raw: 0x530000f0d30000f0
# TILE0-------------------------------------
#             34880500
# P2S2 msg type:    ld_mem_ack  Data_size: 110, cache_type: 1, last_subline: 1
# P2S2 valid: stall: 1, stall_real: 0, stall_load: 1
# Control signals: 1101000100011000000
# CSM enable: 0
# broadcast coreid: (    0,   0,   0)
# broadcast op val: 0
# SMC miss: 0
# Msg from mshr: 1
# P2S2 addr: 0x0080000040
# P2S2 valid: l2_way_sel: 00, l2_hit: 0, l2_wb: 0
# state: mesi: 00, vd: 00, subline: 0000, cache_type: 0, owner: 000000
# State data: 0x00000000000000000
# Tag data: 0x00000000000000000000000000
# Dir addr: 0x004
# Dir data: 0x0000000000000000
# Dir data mask: 0xffffffffffffffff
# Data addr: 0x012
# Data data: 0x5d530000f0d30000f0357390523073103000
# Data data mask: 0xffffffffffffffffffffffffffffffffffff
# State data in: 0x1028005000a001400
# State data mask: 0x00000000000000000
# src x: 00000000, src y: 00000000
#             34884500
# TILE0 noc3 flit raw: 0x530100f0d30100f0
#             34890500
# TILE0 noc3 flit raw: 0x530200f0d30200f0
# TILE0-------------------------------------
#             34891500
# P2S2 msg type:    ld_mem_ack  Data_size: 110, cache_type: 1, last_subline: 1
# P2S2 valid: stall: 0, stall_real: 0, stall_load: 0
# Control signals: 1101000100011000000
# CSM enable: 0
# broadcast coreid: (    0,   0,   0)
# broadcast op val: 0
# SMC miss: 0
# Msg from mshr: 1
# P2S2 addr: 0x0080000040
# P2S2 valid: l2_way_sel: 00, l2_hit: 0, l2_wb: 0
# state: mesi: 00, vd: 00, subline: 0000, cache_type: 0, owner: 000000
# State data: 0x00000000000000000
# Tag data: 0x00000000000000000000000000
# Dir addr: 0x004
# Dir data: 0x0000000000000000
# Dir data mask: 0xffffffffffffffff
# Data addr: 0x013
# Data data: 0xf2530200f0d30200f07c530100f0d30100f0
# Data data mask: 0xffffffffffffffffffffffffffffffffffff
# State data in: 0x1028005000a001400
# State data mask: 0x00000000000001bc0
# src x: 00000000, src y: 00000000
# TILE0-------------------------------------
#             34892500
# SMC miss: 0
# CSM enable: 0
# P2S3 State wr addr: 0x01
# Mshr wr index: 000
# MSHR state wr en: 1
# MSHR inc inv counter en: 0
# State wr en: 1
# TILE0-------------------------------------
#             34893500
#             34893500 P1S1 msg type:     ld_req     addr: 0x0080000040, Data_size: 110, cache_type: 1
# P1S1 valid: stall: 0, stall_pre: 0, stall_hazard: 0, stall_mshr: 0, stall_msg: 0, stall_global: 0
# Control signals: 111
# CSM enable: 0
# Special addr type: 0
# Msg from mshr: 1
# P1S1 addr: 0x0080000040
# Mshr_addr: 0x00
# Tag_addr: 0x01
# Tag data in: 0x00000000000000000000000000
# Tag data mask in: 0x00000000000000000003ffffff
# State_rd_addr: 0x01
# Msg data: 0x0000000000000000
# Msg length: 00000000
# src x: 00000000, src y: 00000000
# sdid:    0, lsid:  0
# TILE0-------------------------------------
#             34894500
#             34894500 P1S2 msg type:     ld_req     addr: 0x0080000040, Data_size: 110, cache_type: 1
# P1S2 valid: recycle: 0, stall: 1, stall_pre: 0, stall_real: 0, stall_load: 1, stall_msg: 0, stall_global: 0
# Control signals: 000010001101001010100010111
# CSM enable: 0
# Special addr type: 0
# Msg from mshr: 1
# P1S2 addr: 0x0080000040
# P1S2 valid: l2_way_sel: 00, l2_hit: 1, l2_evict: 0, l2_wb: 0
# State VD bits: 00 00 00 10
# State: rb: 00, lru: 0000, mesi: 00, vd: 10, subline: 0000, cache_type: 0, owner: 000000
# Msg data valid: 0
# Msg data ready: 0
# Msg data: 0x0000000000000000
# Return data: 0x0000000000000000
# State data: 0x00000000000001000
# Tag data: 0x00000000000000000000020000
# Dir addr: 0x004
# Dir data: 0xffffffffffffffff
# Dir data mask: 0x0000000000000001
# Data addr: 0x010
# Data data: 0x000000000000000000000000000000000000
# Data data mask: 0xffffffffffffffffffffffffffffffffffff
# State data in: 0x114980930126024c0
# State data mask in: 0x0f0000000000067ff
# src x: 00000000, src y: 00000000
# sdid:    0, lsid:  0
# TILE0-------------------------------------
#             34895500
#             34895500 P1S2 msg type:     ld_req     addr: 0x0080000040, Data_size: 110, cache_type: 1
# P1S2 valid: recycle: 0, stall: 0, stall_pre: 0, stall_real: 0, stall_load: 0, stall_msg: 0, stall_global: 0
# Control signals: 000010001101001010100010111
# CSM enable: 0
# Special addr type: 0
# Msg from mshr: 1
# P1S2 addr: 0x0080000040
# P1S2 valid: l2_way_sel: 00, l2_hit: 1, l2_evict: 0, l2_wb: 0
# State VD bits: 00 00 00 10
# State: rb: 00, lru: 0000, mesi: 00, vd: 10, subline: 0000, cache_type: 0, owner: 000000
# Msg data valid: 0
# Msg data ready: 0
# Msg data: 0x0000000000000000
# Return data: 0x0000000000000000
# State data: 0x00000000000001000
# Tag data: 0x00000000000000000000020000
# Dir addr: 0x004
# Dir data: 0xffffffffffffffff
# Dir data mask: 0x0000000000000001
# Data addr: 0x011
# Data data: 0x000000000000000000000000000000000000
# Data data mask: 0xffffffffffffffffffffffffffffffffffff
# State data in: 0x114980930126024c0
# State data mask in: 0x0f0000000000067ff
# src x: 00000000, src y: 00000000
# sdid:    0, lsid:  0
# TILE0-------------------------------------
#             34895500
#             34895500 P1S3 msg type:     ld_req     addr: 0x0080000040, Data_size: 110, cache_type: 1
# P1S3 valid: recycle: 0, stall: 0
# State wr en: 0
# Dir data: 0xxxxxxxxxxxxxxxxx
# CSM enable: 0
# Msg from mshr: 1
# P1S3 addr: 0x0080000040
# P1S3 valid: l2_hit: 1, l2_evict: 0
# Data data: 0xe563d80200054597120b73a002308542fe02
# State:mesi: 00, vd: 10, subline: 0000, cache_type: 0, owner: 000000
# sdid:    0, lsid:  0
# TILE0-------------------------------------
#             34896500
#             34896500 P1S3 msg type:     ld_req     addr: 0x0080000040, Data_size: 110, cache_type: 1
# P1S3 valid: recycle: 0, stall: 0
# State wr en: 1
# Dir data: 0xxxxxxxxxxxxxxxxx
# CSM enable: 0
# Msg from mshr: 1
# P1S3 addr: 0x0080000040
# P1S3 valid: l2_hit: 1, l2_evict: 0
# Data data: 0x83970200009382020922000023a9a2b6ddbf
# State:mesi: 00, vd: 10, subline: 0000, cache_type: 0, owner: 000000
# sdid:    0, lsid:  0
# TILE0-------------------------------------
#             34896500
#             34896500 P1S4 msg type:     ld_req     addr: 0x0080000040, Data_size: 110, cache_type: 1
# P1S4 valid: recycle: 0, stall: 0, msg_stall: 0, dir_data_stall: 0, stall_inv_counter: 0, stall_smc_buf: 0, smc_stall: 0, global_stall: 0, broadcast_stall: 0
# Control signals: 0100011101000011110
# CSM enable: 0
# broadcast coreid: (    0,   0,   0)
# broadcast state: 0, broadcast op val: 0
# Special addr type: 0
# MSHR state wr en: 0
# MSHR data wr en: 0
# MSHR data wr : 0x000000000000000000047f4040080000040
# MSHR inv counter :  0
# State wr en: 0
# Dir data: 0xxxxxxxxxxxxxxxxx
# Dir sharer counter:  1
# State data in: 0x010000000000024c0
# State data mask in: 0x0f0000000000067ff
# State wr addr: 0x01
# Msg data: 0x0000000000000000
# SMC miss: 0
# SMC data out: 0x00000000
# SMC tag out: 0x0000
# SMC valid out: 0x0
# Msg send valid: 1, send ready: 1, mode: 011, length: 00000100
# Msg send type:     data_ack   Msg send data_size: 000, cache_type: 1, mesi: 01, l2_miss: 1, mshrid: 00000001, subline_vector: 0000
# Msg from mshr: 1
# P1S4 addr: 0x0080000040
# P1S4 valid: l2_hit: 1, l2_evict: 0
# Data data: 0xe563d80200054597120b73a002308542fe02
# State:mesi: 00, vd: 10, subline: 0000, cache_type: 0, owner: 000000
# Msg send: addr: 0x0080000040, dst_x: 00000000, dst_y: 00000000, dst_fbits: 0000
# Msg send data: 0x63d802000545971273a002308542fe02
# src x: 00000000, src y: 00000000
# sdid:    0, lsid:  0
# TILE0-------------------------------------
#             34897500
#             34897500 P1S4 msg type:     ld_req     addr: 0x0080000040, Data_size: 110, cache_type: 1
# P1S4 valid: recycle: 0, stall: 0, msg_stall: 0, dir_data_stall: 0, stall_inv_counter: 0, stall_smc_buf: 0, smc_stall: 0, global_stall: 0, broadcast_stall: 0
# Control signals: 0100011101000011110
# CSM enable: 0
# broadcast coreid: (    0,   0,   0)
# broadcast state: 0, broadcast op val: 0
# Special addr type: 0
# MSHR state wr en: 0
# MSHR data wr en: 0
# MSHR data wr : 0x000000000000000000047f4040080000040
# MSHR inv counter :  0
# State wr en: 1
# Dir data: 0xxxxxxxxxxxxxxxxx
# Dir sharer counter:  1
# State data in: 0x010000000000024c0
# State data mask in: 0x0f0000000000067ff
# State wr addr: 0x01
# Msg data: 0x0000000000000000
# SMC miss: 0
# SMC data out: 0x00000000
# SMC tag out: 0x0000
# SMC valid out: 0x0
# Msg send valid: 1, send ready: 1, mode: 111, length: 00000100
# Msg send type:     data_ack   Msg send data_size: 000, cache_type: 1, mesi: 01, l2_miss: 1, mshrid: 00000001, subline_vector: 0000
# Msg from mshr: 1
# P1S4 addr: 0x0080000040
# P1S4 valid: l2_hit: 1, l2_evict: 0
# Data data: 0x83970200009382020922000023a9a2b6ddbf
# State:mesi: 00, vd: 10, subline: 0000, cache_type: 0, owner: 000000
# Msg send: addr: 0x0080000040, dst_x: 00000000, dst_y: 00000000, dst_fbits: 0000
# Msg send data: 0x9702000093820209000023a9a2b6ddbf
# src x: 00000000, src y: 00000000
# sdid:    0, lsid:  0
#             34897500
# TILE0 noc2 flit raw: 0x0000000001074058
#             34898500
# TILE0 noc2 flit raw: 0x73a002308542fe02
#             34899500
# TILE0 noc2 flit raw: 0x63d8020005459712
#             34900500
# TILE0 noc2 flit raw: 0x000023a9a2b6ddbf
#             34901500
# TILE0 noc2 flit raw: 0x9702000093820209
# 34905000 TILE0 L1.5: Received NOC2                                                MSG_TYPE_DATA_ACK   mshrid 1, l2miss 1, f4b 0, ackstate 1, address 0xa002308542
#    Data1: 0x73a002308542fe02
#    Data2: 0x63d8020005459712
#    Data3: 0x000023a9a2b6ddbf
#    Data4: 0x9702000093820209
# 
#             34905000 L15 TILE0:
# NoC1 credit:  8
# NoC1 reserved credit:  0
# TILE0 Pipeline: *  X  X 
# Stage 1 status:    Operation: L15_REQTYPE_ACKDT_IFILL
#    TILE0 S1 Address: 0x0000000000
# L15_MON_END
# 
# 
#             34906000 L15 TILE0:
# NoC1 credit:  8
# NoC1 reserved credit:  0
# TILE0 Pipeline: X  *  X 
# Stage 2 status:    Operation: L15_REQTYPE_ACKDT_IFILL
#    TILE0 S2 Address: 0x0000000000
#    TILE0 S2 Cache index:   0
# L15_MON_END
# 
# 34907000 TILE0 L1.5 th0: Sent CPX IFILL_RET   l2miss 1, nc 0, atomic 0, threadid 0, pf 0, f4b 0, iia 0, dia 0, dinval 0, iinval 0, invalway 0, blkinit 0
#    Data0: 0x73a002308542fe02
#    Data1: 0x63d8020005459712
#    Data2: 0x000023a9a2b6ddbf
#    Data3: 0x9702000093820209
# 
#             34907000 L15 TILE0:
# NoC1 credit:  8
# NoC1 reserved credit:  0
# TILE0 Pipeline: X  X  * 
# Stage 3 status:    Operation: L15_REQTYPE_ACKDT_IFILL
#    TILE0 S3 Address: 0x0000000000
# L15_MON_END
# 
# 34927000 TILE0 L1.5 th0: Received PCX PCX_REQTYPE_IFILL   Addr 0x0080000060, nc 0, size 6, invalall 0, pf 0, bs 0, bsi 0, l1way 0
#    Data: 0x0000000000000000
#    CSM HDID:    0, HD_SIZE:  0, SDID:    0, LSID:  0
#    CSM Data: 0x000000000
# 
#             34927000 L15 TILE0:
# NoC1 credit:  8
# NoC1 reserved credit:  0
# TILE0 Pipeline: *  X  X 
# Stage 1 status:    Operation: L15_REQTYPE_IFILL
#    TILE0 S1 Address: 0x0080000060
# L15_MON_END
# 
# 
#             34928000 L15 TILE0:
# NoC1 credit:  7
# NoC1 reserved credit:  0
# TILE0 Pipeline: X  *  X 
# Stage 2 status:    Operation: L15_REQTYPE_IFILL
#    TILE0 S2 Address: 0x0080000060
#    TILE0 S2 Cache index:   6
#    CSM op:  1
#       CSM read ticket: 0x1
# L15_MON_END
# 
#             34928000: TILE0 L15_CSM REQ MON:
# L15 CSM req addr: 0x0080000060
# L15 CSM req ticket: 1
# L15 CSM req type: 0
# L15 CSM req data: 0x00000000000000000000000000000000
# L15 CSM req pcx data: 0x000000000
# 
#             34929000 L15 TILE0:
# NoC1 credit:  7
# NoC1 reserved credit:  0
# TILE0 Pipeline: X  X  * 
# Stage 3 status:    Operation: L15_REQTYPE_IFILL
#    TILE0 S3 Address: 0x0080000060
# L15_MON_END
# 
#             34929000: TILE0 L15_CSM RES MON:
# L15 CSM res data: 0x0000000000000000
#             34930000
# TILE0 noc1 flit raw: 0x000000000087c040
#    srcX:   0, srcY:   0
#    destX:   0, destY:   0
#             34931000
# TILE0 noc1 flit raw: 0x0000800000600e00
#    srcX:   0, srcY:   0
#    destX:   0, destY:   0
#             34932000
# TILE0 noc1 flit raw: 0x0000000000000000
#    srcX:   0, srcY:   0
#    destX:   0, destY:   0
# 34932000 TILE0 L1.5: Sending NOC1                                   L15_NOC1_REQTYPE_IFILL_REQUEST   mshrid 1, nc 0, size 6, pf 0, address 80000060
#    Data0: 0x0000000000000000
#    Data1: 0x0000000000000000
#    Destination X:   0 Y:   0
# TILE0-------------------------------------
#             34936500
#             34936500 P1S1 msg type:     ld_req     addr: 0x0080000060, Data_size: 110, cache_type: 1
# P1S1 valid: stall: 0, stall_pre: 0, stall_hazard: 0, stall_mshr: 0, stall_msg: 0, stall_global: 0
# Control signals: 111
# CSM enable: 0
# Special addr type: 0
# Msg from mshr: 0
# P1S1 addr: 0x0080000060
# Mshr_addr: 0x01
# Tag_addr: 0x01
# Tag data in: 0x00000000000000000000000000
# Tag data mask in: 0x00000000000000000003ffffff
# State_rd_addr: 0x01
# Msg data: 0x0000000000000000
# Msg length: 00000010
# src x: 00000000, src y: 00000000
# sdid:    0, lsid:  0
# TILE0-------------------------------------
#             34937500
#             34937500 P1S2 msg type:     ld_req     addr: 0x0080000060, Data_size: 110, cache_type: 1
# P1S2 valid: recycle: 0, stall: 1, stall_pre: 0, stall_real: 0, stall_load: 1, stall_msg: 0, stall_global: 0
# Control signals: 000010001100001010000000011
# CSM enable: 0
# Special addr type: 0
# Msg from mshr: 0
# P1S2 addr: 0x0080000060
# P1S2 valid: l2_way_sel: 00, l2_hit: 1, l2_evict: 0, l2_wb: 0
# State VD bits: 00 00 00 10
# State: rb: 00, lru: 0001, mesi: 01, vd: 10, subline: 0011, cache_type: 1, owner: 000000
# Msg data valid: 0
# Msg data ready: 0
# Msg data: 0x0000000000000000
# Return data: 0x0000000000000000
# State data: 0x010000000000034c0
# Tag data: 0x00000000000000000000020000
# Dir addr: 0x004
# Dir data: 0xffffffffffffffff
# Dir data mask: 0x0000000000000001
# Data addr: 0x012
# Data data: 0x000000000000000000000000000000000000
# Data data mask: 0xffffffffffffffffffffffffffffffffffff
# State data in: 0x114f809f013e027c0
# State data mask in: 0x0f0000000000003c0
# src x: 00000000, src y: 00000000
# sdid:    0, lsid:  0
# TILE0-------------------------------------
#             34938500
#             34938500 P1S2 msg type:     ld_req     addr: 0x0080000060, Data_size: 110, cache_type: 1
# P1S2 valid: recycle: 0, stall: 0, stall_pre: 0, stall_real: 0, stall_load: 0, stall_msg: 0, stall_global: 0
# Control signals: 000010001100001010000000011
# CSM enable: 0
# Special addr type: 0
# Msg from mshr: 0
# P1S2 addr: 0x0080000060
# P1S2 valid: l2_way_sel: 00, l2_hit: 1, l2_evict: 0, l2_wb: 0
# State VD bits: 00 00 00 10
# State: rb: 00, lru: 0001, mesi: 01, vd: 10, subline: 0011, cache_type: 1, owner: 000000
# Msg data valid: 0
# Msg data ready: 0
# Msg data: 0x0000000000000000
# Return data: 0x0000000000000000
# State data: 0x010000000000034c0
# Tag data: 0x00000000000000000000020000
# Dir addr: 0x004
# Dir data: 0xffffffffffffffff
# Dir data mask: 0x0000000000000001
# Data addr: 0x013
# Data data: 0x000000000000000000000000000000000000
# Data data mask: 0xffffffffffffffffffffffffffffffffffff
# State data in: 0x114f809f013e027c0
# State data mask in: 0x0f0000000000003c0
# src x: 00000000, src y: 00000000
# sdid:    0, lsid:  0
# TILE0-------------------------------------
#             34938500
#             34938500 P1S3 msg type:     ld_req     addr: 0x0080000060, Data_size: 110, cache_type: 1
# P1S3 valid: recycle: 0, stall: 0
# State wr en: 0
# Dir data: 0xxxxxxxxxxxxxxxxx
# CSM enable: 0
# Msg from mshr: 0
# P1S3 addr: 0x0080000060
# P1S3 valid: l2_hit: 1, l2_evict: 0
# Data data: 0x5d530000f0d30000f0357390523073103000
# State:mesi: 01, vd: 10, subline: 0011, cache_type: 1, owner: 000000
# sdid:    0, lsid:  0
# TILE0-------------------------------------
#             34939500
#             34939500 P1S3 msg type:     ld_req     addr: 0x0080000060, Data_size: 110, cache_type: 1
# P1S3 valid: recycle: 0, stall: 0
# State wr en: 1
# Dir data: 0xxxxxxxxxxxxxxxxx
# CSM enable: 0
# Msg from mshr: 0
# P1S3 addr: 0x0080000060
# P1S3 valid: l2_hit: 1, l2_evict: 0
# Data data: 0xf2530200f0d30200f07c530100f0d30100f0
# State:mesi: 01, vd: 10, subline: 0011, cache_type: 1, owner: 000000
# sdid:    0, lsid:  0
# TILE0-------------------------------------
#             34939500
#             34939500 P1S4 msg type:     ld_req     addr: 0x0080000060, Data_size: 110, cache_type: 1
# P1S4 valid: recycle: 0, stall: 0, msg_stall: 0, dir_data_stall: 0, stall_inv_counter: 0, stall_smc_buf: 0, smc_stall: 0, global_stall: 0, broadcast_stall: 0
# Control signals: 0100011101000011110
# CSM enable: 0
# broadcast coreid: (    0,   0,   0)
# broadcast state: 0, broadcast op val: 0
# Special addr type: 0
# MSHR state wr en: 0
# MSHR data wr en: 0
# MSHR data wr : 0x000000000000000000007f4040080000060
# MSHR inv counter :  0
# State wr en: 0
# Dir data: 0xxxxxxxxxxxxxxxxx
# Dir sharer counter:  1
# State data in: 0x010000000000003c0
# State data mask in: 0x0f0000000000003c0
# State wr addr: 0x01
# Msg data: 0x0000000000000000
# SMC miss: 0
# SMC data out: 0x00000000
# SMC tag out: 0x0000
# SMC valid out: 0x0
# Msg send valid: 1, send ready: 1, mode: 011, length: 00000100
# Msg send type:     data_ack   Msg send data_size: 000, cache_type: 1, mesi: 01, l2_miss: 0, mshrid: 00000001, subline_vector: 0011
# Msg from mshr: 0
# P1S4 addr: 0x0080000060
# P1S4 valid: l2_hit: 1, l2_evict: 0
# Data data: 0x5d530000f0d30000f0357390523073103000
# State:mesi: 01, vd: 10, subline: 0011, cache_type: 1, owner: 000000
# Msg send: addr: 0x0080000060, dst_x: 00000000, dst_y: 00000000, dst_fbits: 0000
# Msg send data: 0x530000f0d30000f07390523073103000
# src x: 00000000, src y: 00000000
# sdid:    0, lsid:  0
# TILE0-------------------------------------
#             34940500
#             34940500 P1S4 msg type:     ld_req     addr: 0x0080000060, Data_size: 110, cache_type: 1
# P1S4 valid: recycle: 0, stall: 0, msg_stall: 0, dir_data_stall: 0, stall_inv_counter: 0, stall_smc_buf: 0, smc_stall: 0, global_stall: 0, broadcast_stall: 0
# Control signals: 0100011101000011110
# CSM enable: 0
# broadcast coreid: (    0,   0,   0)
# broadcast state: 0, broadcast op val: 0
# Special addr type: 0
# MSHR state wr en: 0
# MSHR data wr en: 0
# MSHR data wr : 0x000000000000000000007f4040080000060
# MSHR inv counter :  0
# State wr en: 1
# Dir data: 0xxxxxxxxxxxxxxxxx
# Dir sharer counter:  1
# State data in: 0x010000000000003c0
# State data mask in: 0x0f0000000000003c0
# State wr addr: 0x01
# Msg data: 0x0000000000000000
# SMC miss: 0
# SMC data out: 0x00000000
# SMC tag out: 0x0000
# SMC valid out: 0x0
# Msg send valid: 1, send ready: 1, mode: 111, length: 00000100
# Msg send type:     data_ack   Msg send data_size: 000, cache_type: 1, mesi: 01, l2_miss: 0, mshrid: 00000001, subline_vector: 0011
# Msg from mshr: 0
# P1S4 addr: 0x0080000060
# P1S4 valid: l2_hit: 1, l2_evict: 0
# Data data: 0xf2530200f0d30200f07c530100f0d30100f0
# State:mesi: 01, vd: 10, subline: 0011, cache_type: 1, owner: 000000
# Msg send: addr: 0x0080000060, dst_x: 00000000, dst_y: 00000000, dst_fbits: 0000
# Msg send data: 0x530200f0d30200f0530100f0d30100f0
# src x: 00000000, src y: 00000000
# sdid:    0, lsid:  0
#             34940500
# TILE0 noc2 flit raw: 0x0000000001074050
#             34941500
# TILE0 noc2 flit raw: 0x7390523073103000
#             34942500
# TILE0 noc2 flit raw: 0x530000f0d30000f0
#             34943500
# TILE0 noc2 flit raw: 0x530100f0d30100f0
#             34944500
# TILE0 noc2 flit raw: 0x530200f0d30200f0
# 34948000 TILE0 L1.5: Received NOC2                                                MSG_TYPE_DATA_ACK   mshrid 1, l2miss 0, f4b 0, ackstate 1, address 0x9052307310
#    Data1: 0x7390523073103000
#    Data2: 0x530000f0d30000f0
#    Data3: 0x530100f0d30100f0
#    Data4: 0x530200f0d30200f0
# 
#             34948000 L15 TILE0:
# NoC1 credit:  8
# NoC1 reserved credit:  0
# TILE0 Pipeline: *  X  X 
# Stage 1 status:    Operation: L15_REQTYPE_ACKDT_IFILL
#    TILE0 S1 Address: 0x0000000000
# L15_MON_END
# 
# 
#             34949000 L15 TILE0:
# NoC1 credit:  8
# NoC1 reserved credit:  0
# TILE0 Pipeline: X  *  X 
# Stage 2 status:    Operation: L15_REQTYPE_ACKDT_IFILL
#    TILE0 S2 Address: 0x0000000000
#    TILE0 S2 Cache index:   0
# L15_MON_END
# 
# 34950000 TILE0 L1.5 th0: Sent CPX IFILL_RET   l2miss 0, nc 0, atomic 0, threadid 0, pf 0, f4b 0, iia 0, dia 0, dinval 0, iinval 0, invalway 0, blkinit 0
#    Data0: 0x7390523073103000
#    Data1: 0x530000f0d30000f0
#    Data2: 0x530100f0d30100f0
#    Data3: 0x530200f0d30200f0
# 
#             34950000 L15 TILE0:
# NoC1 credit:  8
# NoC1 reserved credit:  0
# TILE0 Pipeline: X  X  * 
# Stage 3 status:    Operation: L15_REQTYPE_ACKDT_IFILL
#    TILE0 S3 Address: 0x0000000000
# L15_MON_END
# 
# 34967000 TILE0 L1.5 th0: Received PCX PCX_REQTYPE_IFILL   Addr 0x0080000080, nc 0, size 6, invalall 0, pf 0, bs 0, bsi 0, l1way 0
#    Data: 0x0000000000000000
#    CSM HDID:    0, HD_SIZE:  0, SDID:    0, LSID:  0
#    CSM Data: 0x000000000
# 
#             34967000 L15 TILE0:
# NoC1 credit:  8
# NoC1 reserved credit:  0
# TILE0 Pipeline: *  X  X 
# Stage 1 status:    Operation: L15_REQTYPE_IFILL
#    TILE0 S1 Address: 0x0080000080
# L15_MON_END
# 
# 
#             34968000 L15 TILE0:
# NoC1 credit:  7
# NoC1 reserved credit:  0
# TILE0 Pipeline: X  *  X 
# Stage 2 status:    Operation: L15_REQTYPE_IFILL
#    TILE0 S2 Address: 0x0080000080
#    TILE0 S2 Cache index:   8
#    CSM op:  1
#       CSM read ticket: 0x1
# L15_MON_END
# 
#             34968000: TILE0 L15_CSM REQ MON:
# L15 CSM req addr: 0x0080000080
# L15 CSM req ticket: 1
# L15 CSM req type: 0
# L15 CSM req data: 0x00000000000000000000000000000000
# L15 CSM req pcx data: 0x000000000
# 
#             34969000 L15 TILE0:
# NoC1 credit:  7
# NoC1 reserved credit:  0
# TILE0 Pipeline: X  X  * 
# Stage 3 status:    Operation: L15_REQTYPE_IFILL
#    TILE0 S3 Address: 0x0080000080
# L15_MON_END
# 
#             34969000: TILE0 L15_CSM RES MON:
# L15 CSM res data: 0x0000000000000000
#             34970000
# TILE0 noc1 flit raw: 0x000000000087c040
#    srcX:   0, srcY:   0
#    destX:   0, destY:   0
#             34971000
# TILE0 noc1 flit raw: 0x0000800000800e00
#    srcX:   0, srcY:   0
#    destX:   0, destY:   0
#             34972000
# TILE0 noc1 flit raw: 0x0000000000000000
#    srcX:   0, srcY:   0
#    destX:   0, destY:   0
# 34972000 TILE0 L1.5: Sending NOC1                                   L15_NOC1_REQTYPE_IFILL_REQUEST   mshrid 1, nc 0, size 6, pf 0, address 80000080
#    Data0: 0x0000000000000000
#    Data1: 0x0000000000000000
#    Destination X:   0 Y:   0
# TILE0-------------------------------------
#             34976500
#             34976500 P1S1 msg type:     ld_req     addr: 0x0080000080, Data_size: 110, cache_type: 1
# P1S1 valid: stall: 0, stall_pre: 0, stall_hazard: 0, stall_mshr: 0, stall_msg: 0, stall_global: 0
# Control signals: 111
# CSM enable: 0
# Special addr type: 0
# Msg from mshr: 0
# P1S1 addr: 0x0080000080
# Mshr_addr: 0x02
# Tag_addr: 0x02
# Tag data in: 0x00000000000000000000000000
# Tag data mask in: 0x00000000000000000003ffffff
# State_rd_addr: 0x02
# Msg data: 0x0000000000000000
# Msg length: 00000010
# src x: 00000000, src y: 00000000
# sdid:    0, lsid:  0
# TILE0-------------------------------------
#             34977500
#             34977500 P1S2 msg type:     ld_req     addr: 0x0080000080, Data_size: 110, cache_type: 1
# P1S2 valid: recycle: 0, stall: 0, stall_pre: 0, stall_real: 0, stall_load: 0, stall_msg: 0, stall_global: 0
# Control signals: 000001000110000000000000000
# CSM enable: 0
# Special addr type: 0
# Msg from mshr: 0
# P1S2 addr: 0x0080000080
# P1S2 valid: l2_way_sel: 00, l2_hit: 0, l2_evict: 0, l2_wb: 0
# State VD bits: 00 00 00 00
# State: rb: 00, lru: 0000, mesi: 00, vd: 00, subline: 0000, cache_type: 0, owner: 000000
# Msg data valid: 0
# Msg data ready: 0
# Msg data: 0x0000000000000000
# Return data: 0x0000000000000000
# State data: 0x00000000000000000
# Tag data: 0x00000000000000000000000000
# Dir addr: 0x008
# Dir data: 0xffffffffffffffff
# Dir data mask: 0x0000000000000001
# Data addr: 0x020
# Data data: 0x000000000000000000000000000000000000
# Data data mask: 0xffffffffffffffffffffffffffffffffffff
# State data in: 0x10080010002000400
# State data mask in: 0x00000000000000000
# src x: 00000000, src y: 00000000
# sdid:    0, lsid:  0
# TILE0-------------------------------------
#             34978500
#             34978500 P1S3 msg type:     ld_req     addr: 0x0080000080, Data_size: 110, cache_type: 1
# P1S3 valid: recycle: 0, stall: 0
# State wr en: 0
# Dir data: 0xxxxxxxxxxxxxxxxx
# CSM enable: 0
# Msg from mshr: 0
# P1S3 addr: 0x0080000080
# P1S3 valid: l2_hit: 0, l2_evict: 0
# Data data: 0xf2530200f0d30200f07c530100f0d30100f0
# State:mesi: 00, vd: 00, subline: 0000, cache_type: 0, owner: 000000
# sdid:    0, lsid:  0
# TILE0-------------------------------------
#             34979500
#             34979500 P1S4 msg type:     ld_req     addr: 0x0080000080, Data_size: 110, cache_type: 1
# P1S4 valid: recycle: 0, stall: 0, msg_stall: 0, dir_data_stall: 0, stall_inv_counter: 0, stall_smc_buf: 0, smc_stall: 0, global_stall: 0, broadcast_stall: 0
# Control signals: 0100010011000011110
# CSM enable: 0
# broadcast coreid: (    0,   0,   0)
# broadcast state: 0, broadcast op val: 0
# Special addr type: 0
# MSHR state wr en: 1
# MSHR data wr en: 1
# MSHR data wr : 0x000000000000000000047f4040080000080
# MSHR inv counter :  0
# State wr en: 0
# Dir data: 0xxxxxxxxxxxxxxxxx
# Dir sharer counter:  1
# State data in: 0x00000000000000000
# State data mask in: 0x00000000000000000
# State wr addr: 0x02
# Msg data: 0x0000000000000000
# SMC miss: 0
# SMC data out: 0x00000000
# SMC tag out: 0x0000
# SMC valid out: 0x0
# Msg send valid: 1, send ready: 1, mode: 100, length: 00000010
# Msg send type:      ld_mem    Msg send data_size: 110, cache_type: 0, mesi: 00, l2_miss: 1, mshrid: 00000000, subline_vector: 0000
# Msg from mshr: 0
# P1S4 addr: 0x0080000080
# P1S4 valid: l2_hit: 0, l2_evict: 0
# Data data: 0xf2530200f0d30200f07c530100f0d30100f0
# State:mesi: 00, vd: 00, subline: 0000, cache_type: 0, owner: 000000
# Msg send: addr: 0x0080000080, dst_x: 00000000, dst_y: 00000000, dst_fbits: 0010
# Msg send data: 0x530200f0d30200f0530100f0d30100f0
# src x: 00000000, src y: 00000000
# sdid:    0, lsid:  0
#             34980500
# TILE0 noc2 flit raw: 0x800000008084c008
#             34981500
# TILE0 noc2 flit raw: 0x0000800000800600
#             34982500
# TILE0 noc2 flit raw: 0x0000000000000000
# FakeMem: input: 800004008084c008            35057500
# FakeMem: input: 0000800000800600            35062500
# FakeMem: input: 0000000000000000            35067500
# MemRead: 0000000080000080 : 530300f0d30300f0
# MemRead: 0000000080000088 : 530400f0d30400f0
# MemRead: 0000000080000090 : 530500f0d30500f0
# MemRead: 0000000080000098 : 530600f0d30600f0
# MemRead: 00000000800000a0 : 530700f0d30700f0
# MemRead: 00000000800000a8 : 530800f0d30800f0
# MemRead: 00000000800000b0 : 530900f0d30900f0
# MemRead: 00000000800000b8 : 530a00f0d30a00f0
# FakeMem: output 0000000002060001            35077500
# FakeMem: output 530300f0d30300f0            35082500
# FakeMem: output 530400f0d30400f0            35087500
# FakeMem: output 530500f0d30500f0            35107500
# FakeMem: output 530600f0d30600f0            35112500
# FakeMem: output 530700f0d30700f0            35117500
#             35123500
# TILE0 noc3 flit raw: 0x0000000002060001
# TILE0-------------------------------------
#             35124500
# P2S1 msg type:    ld_mem_ack  Data_size: 110, cache_type: 1, last_subline: 1
# P2S1 valid: stall: 0, stall_pre: 0, stall_hazard: 0
# Control signals: 100
# CSM enable: 0
# SMC miss: 0
# Msg from mshr: 1
# Msg length: 00001000
# P2S1 addr: 0x0080000080
# Mshr_rd_index: 000
# Tag_addr: 0x02
# Tag_data_in: 0x00800000200000080000020000
# Tag_data_mask_in: 0x00000000000000000003ffffff
# State_rd_addr: 0x02
# src x: 00000000, src y: 00000000
#             35127500
# TILE0 noc3 flit raw: 0x530300f0d30300f0
# FakeMem: output 530800f0d30800f0            35132500
#             35133500
# TILE0 noc3 flit raw: 0x530400f0d30400f0
# TILE0-------------------------------------
#             35134500
# P2S2 msg type:    ld_mem_ack  Data_size: 110, cache_type: 1, last_subline: 1
# P2S2 valid: stall: 1, stall_real: 0, stall_load: 1
# Control signals: 1101000100011000000
# CSM enable: 0
# broadcast coreid: (    0,   0,   0)
# broadcast op val: 0
# SMC miss: 0
# Msg from mshr: 1
# P2S2 addr: 0x0080000080
# P2S2 valid: l2_way_sel: 00, l2_hit: 0, l2_wb: 0
# state: mesi: 00, vd: 00, subline: 0000, cache_type: 0, owner: 000000
# State data: 0x00000000000000000
# Tag data: 0x00000000000000000000000000
# Dir addr: 0x008
# Dir data: 0x0000000000000000
# Dir data mask: 0xffffffffffffffff
# Data addr: 0x020
# Data data: 0x7c530400f0d30400f0d3530300f0d30300f0
# Data data mask: 0xffffffffffffffffffffffffffffffffffff
# State data in: 0x1028005000a001400
# State data mask: 0x00000000000000000
# src x: 00000000, src y: 00000000
# FakeMem: output 530900f0d30900f0            35137500
# FakeMem: output 530a00f0d30a00f0            35142500
#             35147500
# TILE0 noc3 flit raw: 0x530500f0d30500f0
#             35153500
# TILE0 noc3 flit raw: 0x530600f0d30600f0
# TILE0-------------------------------------
#             35154500
# P2S2 msg type:    ld_mem_ack  Data_size: 110, cache_type: 1, last_subline: 1
# P2S2 valid: stall: 1, stall_real: 0, stall_load: 1
# Control signals: 1101000100011000000
# CSM enable: 0
# broadcast coreid: (    0,   0,   0)
# broadcast op val: 0
# SMC miss: 0
# Msg from mshr: 1
# P2S2 addr: 0x0080000080
# P2S2 valid: l2_way_sel: 00, l2_hit: 0, l2_wb: 0
# state: mesi: 00, vd: 00, subline: 0000, cache_type: 0, owner: 000000
# State data: 0x00000000000000000
# Tag data: 0x00000000000000000000000000
# Dir addr: 0x008
# Dir data: 0x0000000000000000
# Dir data mask: 0xffffffffffffffff
# Data addr: 0x021
# Data data: 0xd3530600f0d30600f05d530500f0d30500f0
# Data data mask: 0xffffffffffffffffffffffffffffffffffff
# State data in: 0x1028005000a001400
# State data mask: 0x00000000000000000
# src x: 00000000, src y: 00000000
#             35159500
# TILE0 noc3 flit raw: 0x530700f0d30700f0
#             35173500
# TILE0 noc3 flit raw: 0x530800f0d30800f0
# TILE0-------------------------------------
#             35174500
# P2S2 msg type:    ld_mem_ack  Data_size: 110, cache_type: 1, last_subline: 1
# P2S2 valid: stall: 1, stall_real: 0, stall_load: 1
# Control signals: 1101000100011000000
# CSM enable: 0
# broadcast coreid: (    0,   0,   0)
# broadcast op val: 0
# SMC miss: 0
# Msg from mshr: 1
# P2S2 addr: 0x0080000080
# P2S2 valid: l2_way_sel: 00, l2_hit: 0, l2_wb: 0
# state: mesi: 00, vd: 00, subline: 0000, cache_type: 0, owner: 000000
# State data: 0x00000000000000000
# Tag data: 0x00000000000000000000000000
# Dir addr: 0x008
# Dir data: 0x0000000000000000
# Dir data mask: 0xffffffffffffffff
# Data addr: 0x022
# Data data: 0xfe530800f0d30800f0f2530700f0d30700f0
# Data data mask: 0xffffffffffffffffffffffffffffffffffff
# State data in: 0x1028005000a001400
# State data mask: 0x00000000000000000
# src x: 00000000, src y: 00000000
#             35179500
# TILE0 noc3 flit raw: 0x530900f0d30900f0
#             35185500
# TILE0 noc3 flit raw: 0x530a00f0d30a00f0
# TILE0-------------------------------------
#             35186500
# P2S2 msg type:    ld_mem_ack  Data_size: 110, cache_type: 1, last_subline: 1
# P2S2 valid: stall: 0, stall_real: 0, stall_load: 0
# Control signals: 1101000100011000000
# CSM enable: 0
# broadcast coreid: (    0,   0,   0)
# broadcast op val: 0
# SMC miss: 0
# Msg from mshr: 1
# P2S2 addr: 0x0080000080
# P2S2 valid: l2_way_sel: 00, l2_hit: 0, l2_wb: 0
# state: mesi: 00, vd: 00, subline: 0000, cache_type: 0, owner: 000000
# State data: 0x00000000000000000
# Tag data: 0x00000000000000000000000000
# Dir addr: 0x008
# Dir data: 0x0000000000000000
# Dir data mask: 0xffffffffffffffff
# Data addr: 0x023
# Data data: 0x51530a00f0d30a00f0df530900f0d30900f0
# Data data mask: 0xffffffffffffffffffffffffffffffffffff
# State data in: 0x1028005000a001400
# State data mask: 0x00000000000001bc0
# src x: 00000000, src y: 00000000
# TILE0-------------------------------------
#             35187500
# SMC miss: 0
# CSM enable: 0
# P2S3 State wr addr: 0x02
# Mshr wr index: 000
# MSHR state wr en: 1
# MSHR inc inv counter en: 0
# State wr en: 1
# TILE0-------------------------------------
#             35188500
#             35188500 P1S1 msg type:     ld_req     addr: 0x0080000080, Data_size: 110, cache_type: 1
# P1S1 valid: stall: 0, stall_pre: 0, stall_hazard: 0, stall_mshr: 0, stall_msg: 0, stall_global: 0
# Control signals: 111
# CSM enable: 0
# Special addr type: 0
# Msg from mshr: 1
# P1S1 addr: 0x0080000080
# Mshr_addr: 0x00
# Tag_addr: 0x02
# Tag data in: 0x00000000000000000000000000
# Tag data mask in: 0x00000000000000000003ffffff
# State_rd_addr: 0x02
# Msg data: 0x0000000000000000
# Msg length: 00000001
# src x: 00000000, src y: 00000000
# sdid:    0, lsid:  0
# TILE0-------------------------------------
#             35189500
#             35189500 P1S2 msg type:     ld_req     addr: 0x0080000080, Data_size: 110, cache_type: 1
# P1S2 valid: recycle: 0, stall: 1, stall_pre: 0, stall_real: 0, stall_load: 1, stall_msg: 0, stall_global: 0
# Control signals: 000010001101001010100010111
# CSM enable: 0
# Special addr type: 0
# Msg from mshr: 1
# P1S2 addr: 0x0080000080
# P1S2 valid: l2_way_sel: 00, l2_hit: 1, l2_evict: 0, l2_wb: 0
# State VD bits: 00 00 00 10
# State: rb: 00, lru: 0000, mesi: 00, vd: 10, subline: 0000, cache_type: 0, owner: 000000
# Msg data valid: 0
# Msg data ready: 0
# Msg data: 0x0000000000000000
# Return data: 0x0000000000000000
# State data: 0x00000000000001000
# Tag data: 0x00000000000000000000020000
# Dir addr: 0x008
# Dir data: 0xffffffffffffffff
# Dir data mask: 0x0000000000000001
# Data addr: 0x020
# Data data: 0x000000000000000000000000000000000000
# Data data mask: 0xffffffffffffffffffffffffffffffffffff
# State data in: 0x114980930126024c0
# State data mask in: 0x0f0000000000067ff
# src x: 00000000, src y: 00000000
# sdid:    0, lsid:  0
# TILE0-------------------------------------
#             35190500
#             35190500 P1S2 msg type:     ld_req     addr: 0x0080000080, Data_size: 110, cache_type: 1
# P1S2 valid: recycle: 0, stall: 0, stall_pre: 0, stall_real: 0, stall_load: 0, stall_msg: 0, stall_global: 0
# Control signals: 000010001101001010100010111
# CSM enable: 0
# Special addr type: 0
# Msg from mshr: 1
# P1S2 addr: 0x0080000080
# P1S2 valid: l2_way_sel: 00, l2_hit: 1, l2_evict: 0, l2_wb: 0
# State VD bits: 00 00 00 10
# State: rb: 00, lru: 0000, mesi: 00, vd: 10, subline: 0000, cache_type: 0, owner: 000000
# Msg data valid: 0
# Msg data ready: 0
# Msg data: 0x0000000000000000
# Return data: 0x0000000000000000
# State data: 0x00000000000001000
# Tag data: 0x00000000000000000000020000
# Dir addr: 0x008
# Dir data: 0xffffffffffffffff
# Dir data mask: 0x0000000000000001
# Data addr: 0x021
# Data data: 0x000000000000000000000000000000000000
# Data data mask: 0xffffffffffffffffffffffffffffffffffff
# State data in: 0x114980930126024c0
# State data mask in: 0x0f0000000000067ff
# src x: 00000000, src y: 00000000
# sdid:    0, lsid:  0
# TILE0-------------------------------------
#             35190500
#             35190500 P1S3 msg type:     ld_req     addr: 0x0080000080, Data_size: 110, cache_type: 1
# P1S3 valid: recycle: 0, stall: 0
# State wr en: 0
# Dir data: 0xxxxxxxxxxxxxxxxx
# CSM enable: 0
# Msg from mshr: 1
# P1S3 addr: 0x0080000080
# P1S3 valid: l2_hit: 1, l2_evict: 0
# Data data: 0x7c530400f0d30400f0d3530300f0d30300f0
# State:mesi: 00, vd: 10, subline: 0000, cache_type: 0, owner: 000000
# sdid:    0, lsid:  0
# TILE0-------------------------------------
#             35191500
#             35191500 P1S3 msg type:     ld_req     addr: 0x0080000080, Data_size: 110, cache_type: 1
# P1S3 valid: recycle: 0, stall: 0
# State wr en: 1
# Dir data: 0xxxxxxxxxxxxxxxxx
# CSM enable: 0
# Msg from mshr: 1
# P1S3 addr: 0x0080000080
# P1S3 valid: l2_hit: 1, l2_evict: 0
# Data data: 0xd3530600f0d30600f05d530500f0d30500f0
# State:mesi: 00, vd: 10, subline: 0000, cache_type: 0, owner: 000000
# sdid:    0, lsid:  0
# TILE0-------------------------------------
#             35191500
#             35191500 P1S4 msg type:     ld_req     addr: 0x0080000080, Data_size: 110, cache_type: 1
# P1S4 valid: recycle: 0, stall: 0, msg_stall: 0, dir_data_stall: 0, stall_inv_counter: 0, stall_smc_buf: 0, smc_stall: 0, global_stall: 0, broadcast_stall: 0
# Control signals: 0100011101000011110
# CSM enable: 0
# broadcast coreid: (    0,   0,   0)
# broadcast state: 0, broadcast op val: 0
# Special addr type: 0
# MSHR state wr en: 0
# MSHR data wr en: 0
# MSHR data wr : 0x000000000000000000047f4040080000080
# MSHR inv counter :  0
# State wr en: 0
# Dir data: 0xxxxxxxxxxxxxxxxx
# Dir sharer counter:  1
# State data in: 0x010000000000024c0
# State data mask in: 0x0f0000000000067ff
# State wr addr: 0x02
# Msg data: 0x0000000000000000
# SMC miss: 0
# SMC data out: 0x00000000
# SMC tag out: 0x0000
# SMC valid out: 0x0
# Msg send valid: 1, send ready: 1, mode: 011, length: 00000100
# Msg send type:     data_ack   Msg send data_size: 000, cache_type: 1, mesi: 01, l2_miss: 1, mshrid: 00000001, subline_vector: 0000
# Msg from mshr: 1
# P1S4 addr: 0x0080000080
# P1S4 valid: l2_hit: 1, l2_evict: 0
# Data data: 0x7c530400f0d30400f0d3530300f0d30300f0
# State:mesi: 00, vd: 10, subline: 0000, cache_type: 0, owner: 000000
# Msg send: addr: 0x0080000080, dst_x: 00000000, dst_y: 00000000, dst_fbits: 0000
# Msg send data: 0x530400f0d30400f0530300f0d30300f0
# src x: 00000000, src y: 00000000
# sdid:    0, lsid:  0
# TILE0-------------------------------------
#             35192500
#             35192500 P1S4 msg type:     ld_req     addr: 0x0080000080, Data_size: 110, cache_type: 1
# P1S4 valid: recycle: 0, stall: 0, msg_stall: 0, dir_data_stall: 0, stall_inv_counter: 0, stall_smc_buf: 0, smc_stall: 0, global_stall: 0, broadcast_stall: 0
# Control signals: 0100011101000011110
# CSM enable: 0
# broadcast coreid: (    0,   0,   0)
# broadcast state: 0, broadcast op val: 0
# Special addr type: 0
# MSHR state wr en: 0
# MSHR data wr en: 0
# MSHR data wr : 0x000000000000000000047f4040080000080
# MSHR inv counter :  0
# State wr en: 1
# Dir data: 0xxxxxxxxxxxxxxxxx
# Dir sharer counter:  1
# State data in: 0x010000000000024c0
# State data mask in: 0x0f0000000000067ff
# State wr addr: 0x02
# Msg data: 0x0000000000000000
# SMC miss: 0
# SMC data out: 0x00000000
# SMC tag out: 0x0000
# SMC valid out: 0x0
# Msg send valid: 1, send ready: 1, mode: 111, length: 00000100
# Msg send type:     data_ack   Msg send data_size: 000, cache_type: 1, mesi: 01, l2_miss: 1, mshrid: 00000001, subline_vector: 0000
# Msg from mshr: 1
# P1S4 addr: 0x0080000080
# P1S4 valid: l2_hit: 1, l2_evict: 0
# Data data: 0xd3530600f0d30600f05d530500f0d30500f0
# State:mesi: 00, vd: 10, subline: 0000, cache_type: 0, owner: 000000
# Msg send: addr: 0x0080000080, dst_x: 00000000, dst_y: 00000000, dst_fbits: 0000
# Msg send data: 0x530600f0d30600f0530500f0d30500f0
# src x: 00000000, src y: 00000000
# sdid:    0, lsid:  0
#             35192500
# TILE0 noc2 flit raw: 0x0000000001074058
#             35193500
# TILE0 noc2 flit raw: 0x530300f0d30300f0
#             35194500
# TILE0 noc2 flit raw: 0x530400f0d30400f0
#             35195500
# TILE0 noc2 flit raw: 0x530500f0d30500f0
#             35196500
# TILE0 noc2 flit raw: 0x530600f0d30600f0
# 35200000 TILE0 L1.5: Received NOC2                                                MSG_TYPE_DATA_ACK   mshrid 1, l2miss 1, f4b 0, ackstate 1, address 0x0300f0d303
#    Data1: 0x530300f0d30300f0
#    Data2: 0x530400f0d30400f0
#    Data3: 0x530500f0d30500f0
#    Data4: 0x530600f0d30600f0
# 
#             35200000 L15 TILE0:
# NoC1 credit:  8
# NoC1 reserved credit:  0
# TILE0 Pipeline: *  X  X 
# Stage 1 status:    Operation: L15_REQTYPE_ACKDT_IFILL
#    TILE0 S1 Address: 0x0000000000
# L15_MON_END
# 
# 
#             35201000 L15 TILE0:
# NoC1 credit:  8
# NoC1 reserved credit:  0
# TILE0 Pipeline: X  *  X 
# Stage 2 status:    Operation: L15_REQTYPE_ACKDT_IFILL
#    TILE0 S2 Address: 0x0000000000
#    TILE0 S2 Cache index:   0
# L15_MON_END
# 
# 35202000 TILE0 L1.5 th0: Sent CPX IFILL_RET   l2miss 1, nc 0, atomic 0, threadid 0, pf 0, f4b 0, iia 0, dia 0, dinval 0, iinval 0, invalway 0, blkinit 0
#    Data0: 0x530300f0d30300f0
#    Data1: 0x530400f0d30400f0
#    Data2: 0x530500f0d30500f0
#    Data3: 0x530600f0d30600f0
# 
#             35202000 L15 TILE0:
# NoC1 credit:  8
# NoC1 reserved credit:  0
# TILE0 Pipeline: X  X  * 
# Stage 3 status:    Operation: L15_REQTYPE_ACKDT_IFILL
#    TILE0 S3 Address: 0x0000000000
# L15_MON_END
# 
# 35213000 TILE0 L1.5 th0: Received PCX PCX_REQTYPE_IFILL   Addr 0x00800000a0, nc 0, size 6, invalall 0, pf 0, bs 0, bsi 0, l1way 0
#    Data: 0x0000000000000000
#    CSM HDID:    0, HD_SIZE:  0, SDID:    0, LSID:  0
#    CSM Data: 0x000000000
# 
#             35213000 L15 TILE0:
# NoC1 credit:  8
# NoC1 reserved credit:  0
# TILE0 Pipeline: *  X  X 
# Stage 1 status:    Operation: L15_REQTYPE_IFILL
#    TILE0 S1 Address: 0x00800000a0
# L15_MON_END
# 
# 
#             35214000 L15 TILE0:
# NoC1 credit:  7
# NoC1 reserved credit:  0
# TILE0 Pipeline: X  *  X 
# Stage 2 status:    Operation: L15_REQTYPE_IFILL
#    TILE0 S2 Address: 0x00800000a0
#    TILE0 S2 Cache index:  10
#    CSM op:  1
#       CSM read ticket: 0x1
# L15_MON_END
# 
#             35214000: TILE0 L15_CSM REQ MON:
# L15 CSM req addr: 0x00800000a0
# L15 CSM req ticket: 1
# L15 CSM req type: 0
# L15 CSM req data: 0x00000000000000000000000000000000
# L15 CSM req pcx data: 0x000000000
# 
#             35215000 L15 TILE0:
# NoC1 credit:  7
# NoC1 reserved credit:  0
# TILE0 Pipeline: X  X  * 
# Stage 3 status:    Operation: L15_REQTYPE_IFILL
#    TILE0 S3 Address: 0x00800000a0
# L15_MON_END
# 
#             35215000: TILE0 L15_CSM RES MON:
# L15 CSM res data: 0x0000000000000000
#             35216000
# TILE0 noc1 flit raw: 0x000000000087c040
#    srcX:   0, srcY:   0
#    destX:   0, destY:   0
#             35217000
# TILE0 noc1 flit raw: 0x0000800000a00e00
#    srcX:   0, srcY:   0
#    destX:   0, destY:   0
#             35218000
# TILE0 noc1 flit raw: 0x0000000000000000
#    srcX:   0, srcY:   0
#    destX:   0, destY:   0
# 35218000 TILE0 L1.5: Sending NOC1                                   L15_NOC1_REQTYPE_IFILL_REQUEST   mshrid 1, nc 0, size 6, pf 0, address 800000a0
#    Data0: 0x0000000000000000
#    Data1: 0x0000000000000000
#    Destination X:   0 Y:   0
# TILE0-------------------------------------
#             35222500
#             35222500 P1S1 msg type:     ld_req     addr: 0x00800000a0, Data_size: 110, cache_type: 1
# P1S1 valid: stall: 0, stall_pre: 0, stall_hazard: 0, stall_mshr: 0, stall_msg: 0, stall_global: 0
# Control signals: 111
# CSM enable: 0
# Special addr type: 0
# Msg from mshr: 0
# P1S1 addr: 0x00800000a0
# Mshr_addr: 0x02
# Tag_addr: 0x02
# Tag data in: 0x00000000000000000000000000
# Tag data mask in: 0x00000000000000000003ffffff
# State_rd_addr: 0x02
# Msg data: 0x0000000000000000
# Msg length: 00000010
# src x: 00000000, src y: 00000000
# sdid:    0, lsid:  0
# TILE0-------------------------------------
#             35223500
#             35223500 P1S2 msg type:     ld_req     addr: 0x00800000a0, Data_size: 110, cache_type: 1
# P1S2 valid: recycle: 0, stall: 1, stall_pre: 0, stall_real: 0, stall_load: 1, stall_msg: 0, stall_global: 0
# Control signals: 000010001100001010000000011
# CSM enable: 0
# Special addr type: 0
# Msg from mshr: 0
# P1S2 addr: 0x00800000a0
# P1S2 valid: l2_way_sel: 00, l2_hit: 1, l2_evict: 0, l2_wb: 0
# State VD bits: 00 00 00 10
# State: rb: 00, lru: 0001, mesi: 01, vd: 10, subline: 0011, cache_type: 1, owner: 000000
# Msg data valid: 0
# Msg data ready: 0
# Msg data: 0x0000000000000000
# Return data: 0x0000000000000000
# State data: 0x010000000000034c0
# Tag data: 0x00000000000000000000020000
# Dir addr: 0x008
# Dir data: 0xffffffffffffffff
# Dir data mask: 0x0000000000000001
# Data addr: 0x022
# Data data: 0x000000000000000000000000000000000000
# Data data mask: 0xffffffffffffffffffffffffffffffffffff
# State data in: 0x114f809f013e027c0
# State data mask in: 0x0f0000000000003c0
# src x: 00000000, src y: 00000000
# sdid:    0, lsid:  0
# TILE0-------------------------------------
#             35224500
#             35224500 P1S2 msg type:     ld_req     addr: 0x00800000a0, Data_size: 110, cache_type: 1
# P1S2 valid: recycle: 0, stall: 0, stall_pre: 0, stall_real: 0, stall_load: 0, stall_msg: 0, stall_global: 0
# Control signals: 000010001100001010000000011
# CSM enable: 0
# Special addr type: 0
# Msg from mshr: 0
# P1S2 addr: 0x00800000a0
# P1S2 valid: l2_way_sel: 00, l2_hit: 1, l2_evict: 0, l2_wb: 0
# State VD bits: 00 00 00 10
# State: rb: 00, lru: 0001, mesi: 01, vd: 10, subline: 0011, cache_type: 1, owner: 000000
# Msg data valid: 0
# Msg data ready: 0
# Msg data: 0x0000000000000000
# Return data: 0x0000000000000000
# State data: 0x010000000000034c0
# Tag data: 0x00000000000000000000020000
# Dir addr: 0x008
# Dir data: 0xffffffffffffffff
# Dir data mask: 0x0000000000000001
# Data addr: 0x023
# Data data: 0x000000000000000000000000000000000000
# Data data mask: 0xffffffffffffffffffffffffffffffffffff
# State data in: 0x114f809f013e027c0
# State data mask in: 0x0f0000000000003c0
# src x: 00000000, src y: 00000000
# sdid:    0, lsid:  0
# TILE0-------------------------------------
#             35224500
#             35224500 P1S3 msg type:     ld_req     addr: 0x00800000a0, Data_size: 110, cache_type: 1
# P1S3 valid: recycle: 0, stall: 0
# State wr en: 0
# Dir data: 0xxxxxxxxxxxxxxxxx
# CSM enable: 0
# Msg from mshr: 0
# P1S3 addr: 0x00800000a0
# P1S3 valid: l2_hit: 1, l2_evict: 0
# Data data: 0xfe530800f0d30800f0f2530700f0d30700f0
# State:mesi: 01, vd: 10, subline: 0011, cache_type: 1, owner: 000000
# sdid:    0, lsid:  0
# TILE0-------------------------------------
#             35225500
#             35225500 P1S3 msg type:     ld_req     addr: 0x00800000a0, Data_size: 110, cache_type: 1
# P1S3 valid: recycle: 0, stall: 0
# State wr en: 1
# Dir data: 0xxxxxxxxxxxxxxxxx
# CSM enable: 0
# Msg from mshr: 0
# P1S3 addr: 0x00800000a0
# P1S3 valid: l2_hit: 1, l2_evict: 0
# Data data: 0x51530a00f0d30a00f0df530900f0d30900f0
# State:mesi: 01, vd: 10, subline: 0011, cache_type: 1, owner: 000000
# sdid:    0, lsid:  0
# TILE0-------------------------------------
#             35225500
#             35225500 P1S4 msg type:     ld_req     addr: 0x00800000a0, Data_size: 110, cache_type: 1
# P1S4 valid: recycle: 0, stall: 0, msg_stall: 0, dir_data_stall: 0, stall_inv_counter: 0, stall_smc_buf: 0, smc_stall: 0, global_stall: 0, broadcast_stall: 0
# Control signals: 0100011101000011110
# CSM enable: 0
# broadcast coreid: (    0,   0,   0)
# broadcast state: 0, broadcast op val: 0
# Special addr type: 0
# MSHR state wr en: 0
# MSHR data wr en: 0
# MSHR data wr : 0x000000000000000000007f40400800000a0
# MSHR inv counter :  0
# State wr en: 0
# Dir data: 0xxxxxxxxxxxxxxxxx
# Dir sharer counter:  1
# State data in: 0x010000000000003c0
# State data mask in: 0x0f0000000000003c0
# State wr addr: 0x02
# Msg data: 0x0000000000000000
# SMC miss: 0
# SMC data out: 0x00000000
# SMC tag out: 0x0000
# SMC valid out: 0x0
# Msg send valid: 1, send ready: 1, mode: 011, length: 00000100
# Msg send type:     data_ack   Msg send data_size: 000, cache_type: 1, mesi: 01, l2_miss: 0, mshrid: 00000001, subline_vector: 0011
# Msg from mshr: 0
# P1S4 addr: 0x00800000a0
# P1S4 valid: l2_hit: 1, l2_evict: 0
# Data data: 0xfe530800f0d30800f0f2530700f0d30700f0
# State:mesi: 01, vd: 10, subline: 0011, cache_type: 1, owner: 000000
# Msg send: addr: 0x00800000a0, dst_x: 00000000, dst_y: 00000000, dst_fbits: 0000
# Msg send data: 0x530800f0d30800f0530700f0d30700f0
# src x: 00000000, src y: 00000000
# sdid:    0, lsid:  0
# TILE0-------------------------------------
#             35226500
#             35226500 P1S4 msg type:     ld_req     addr: 0x00800000a0, Data_size: 110, cache_type: 1
# P1S4 valid: recycle: 0, stall: 0, msg_stall: 0, dir_data_stall: 0, stall_inv_counter: 0, stall_smc_buf: 0, smc_stall: 0, global_stall: 0, broadcast_stall: 0
# Control signals: 0100011101000011110
# CSM enable: 0
# broadcast coreid: (    0,   0,   0)
# broadcast state: 0, broadcast op val: 0
# Special addr type: 0
# MSHR state wr en: 0
# MSHR data wr en: 0
# MSHR data wr : 0x000000000000000000007f40400800000a0
# MSHR inv counter :  0
# State wr en: 1
# Dir data: 0xxxxxxxxxxxxxxxxx
# Dir sharer counter:  1
# State data in: 0x010000000000003c0
# State data mask in: 0x0f0000000000003c0
# State wr addr: 0x02
# Msg data: 0x0000000000000000
# SMC miss: 0
# SMC data out: 0x00000000
# SMC tag out: 0x0000
# SMC valid out: 0x0
# Msg send valid: 1, send ready: 1, mode: 111, length: 00000100
# Msg send type:     data_ack   Msg send data_size: 000, cache_type: 1, mesi: 01, l2_miss: 0, mshrid: 00000001, subline_vector: 0011
# Msg from mshr: 0
# P1S4 addr: 0x00800000a0
# P1S4 valid: l2_hit: 1, l2_evict: 0
# Data data: 0x51530a00f0d30a00f0df530900f0d30900f0
# State:mesi: 01, vd: 10, subline: 0011, cache_type: 1, owner: 000000
# Msg send: addr: 0x00800000a0, dst_x: 00000000, dst_y: 00000000, dst_fbits: 0000
# Msg send data: 0x530a00f0d30a00f0530900f0d30900f0
# src x: 00000000, src y: 00000000
# sdid:    0, lsid:  0
#             35226500
# TILE0 noc2 flit raw: 0x0000000001074050
#             35227500
# TILE0 noc2 flit raw: 0x530700f0d30700f0
#             35228500
# TILE0 noc2 flit raw: 0x530800f0d30800f0
#             35229500
# TILE0 noc2 flit raw: 0x530900f0d30900f0
#             35230500
# TILE0 noc2 flit raw: 0x530a00f0d30a00f0
# 35234000 TILE0 L1.5: Received NOC2                                                MSG_TYPE_DATA_ACK   mshrid 1, l2miss 0, f4b 0, ackstate 1, address 0x0700f0d307
#    Data1: 0x530700f0d30700f0
#    Data2: 0x530800f0d30800f0
#    Data3: 0x530900f0d30900f0
#    Data4: 0x530a00f0d30a00f0
# 
#             35234000 L15 TILE0:
# NoC1 credit:  8
# NoC1 reserved credit:  0
# TILE0 Pipeline: *  X  X 
# Stage 1 status:    Operation: L15_REQTYPE_ACKDT_IFILL
#    TILE0 S1 Address: 0x0000000000
# L15_MON_END
# 
# 
#             35235000 L15 TILE0:
# NoC1 credit:  8
# NoC1 reserved credit:  0
# TILE0 Pipeline: X  *  X 
# Stage 2 status:    Operation: L15_REQTYPE_ACKDT_IFILL
#    TILE0 S2 Address: 0x0000000000
#    TILE0 S2 Cache index:   0
# L15_MON_END
# 
# 35238000 TILE0 L1.5 th0: Sent CPX IFILL_RET   l2miss 0, nc 0, atomic 0, threadid 0, pf 0, f4b 0, iia 0, dia 0, dinval 0, iinval 0, invalway 0, blkinit 0
#    Data0: 0x530700f0d30700f0
#    Data1: 0x530800f0d30800f0
#    Data2: 0x530900f0d30900f0
#    Data3: 0x530a00f0d30a00f0
# 
#             35238000 L15 TILE0:
# NoC1 credit:  8
# NoC1 reserved credit:  0
# TILE0 Pipeline: X  X  * 
# Stage 3 status:    Operation: L15_REQTYPE_ACKDT_IFILL
#    TILE0 S3 Address: 0x0000000000
# L15_MON_END
# 
# 35249000 TILE0 L1.5 th0: Received PCX PCX_REQTYPE_IFILL   Addr 0x00800000c0, nc 0, size 6, invalall 0, pf 0, bs 0, bsi 0, l1way 0
#    Data: 0x0000000000000000
#    CSM HDID:    0, HD_SIZE:  0, SDID:    0, LSID:  0
#    CSM Data: 0x000000000
# 
#             35249000 L15 TILE0:
# NoC1 credit:  8
# NoC1 reserved credit:  0
# TILE0 Pipeline: *  X  X 
# Stage 1 status:    Operation: L15_REQTYPE_IFILL
#    TILE0 S1 Address: 0x00800000c0
# L15_MON_END
# 
# 
#             35250000 L15 TILE0:
# NoC1 credit:  7
# NoC1 reserved credit:  0
# TILE0 Pipeline: X  *  X 
# Stage 2 status:    Operation: L15_REQTYPE_IFILL
#    TILE0 S2 Address: 0x00800000c0
#    TILE0 S2 Cache index:  12
#    CSM op:  1
#       CSM read ticket: 0x1
# L15_MON_END
# 
#             35250000: TILE0 L15_CSM REQ MON:
# L15 CSM req addr: 0x00800000c0
# L15 CSM req ticket: 1
# L15 CSM req type: 0
# L15 CSM req data: 0x00000000000000000000000000000000
# L15 CSM req pcx data: 0x000000000
# 
#             35251000 L15 TILE0:
# NoC1 credit:  7
# NoC1 reserved credit:  0
# TILE0 Pipeline: X  X  * 
# Stage 3 status:    Operation: L15_REQTYPE_IFILL
#    TILE0 S3 Address: 0x00800000c0
# L15_MON_END
# 
#             35251000: TILE0 L15_CSM RES MON:
# L15 CSM res data: 0x0000000000000000
#             35252000
# TILE0 noc1 flit raw: 0x000000000087c040
#    srcX:   0, srcY:   0
#    destX:   0, destY:   0
#             35253000
# TILE0 noc1 flit raw: 0x0000800000c00e00
#    srcX:   0, srcY:   0
#    destX:   0, destY:   0
#             35254000
# TILE0 noc1 flit raw: 0x0000000000000000
#    srcX:   0, srcY:   0
#    destX:   0, destY:   0
# 35254000 TILE0 L1.5: Sending NOC1                                   L15_NOC1_REQTYPE_IFILL_REQUEST   mshrid 1, nc 0, size 6, pf 0, address 800000c0
#    Data0: 0x0000000000000000
#    Data1: 0x0000000000000000
#    Destination X:   0 Y:   0
# TILE0-------------------------------------
#             35258500
#             35258500 P1S1 msg type:     ld_req     addr: 0x00800000c0, Data_size: 110, cache_type: 1
# P1S1 valid: stall: 0, stall_pre: 0, stall_hazard: 0, stall_mshr: 0, stall_msg: 0, stall_global: 0
# Control signals: 111
# CSM enable: 0
# Special addr type: 0
# Msg from mshr: 0
# P1S1 addr: 0x00800000c0
# Mshr_addr: 0x03
# Tag_addr: 0x03
# Tag data in: 0x00000000000000000000000000
# Tag data mask in: 0x00000000000000000003ffffff
# State_rd_addr: 0x03
# Msg data: 0x0000000000000000
# Msg length: 00000010
# src x: 00000000, src y: 00000000
# sdid:    0, lsid:  0
# TILE0-------------------------------------
#             35259500
#             35259500 P1S2 msg type:     ld_req     addr: 0x00800000c0, Data_size: 110, cache_type: 1
# P1S2 valid: recycle: 0, stall: 0, stall_pre: 0, stall_real: 0, stall_load: 0, stall_msg: 0, stall_global: 0
# Control signals: 000001000110000000000000000
# CSM enable: 0
# Special addr type: 0
# Msg from mshr: 0
# P1S2 addr: 0x00800000c0
# P1S2 valid: l2_way_sel: 00, l2_hit: 0, l2_evict: 0, l2_wb: 0
# State VD bits: 00 00 00 00
# State: rb: 00, lru: 0000, mesi: 00, vd: 00, subline: 0000, cache_type: 0, owner: 000000
# Msg data valid: 0
# Msg data ready: 0
# Msg data: 0x0000000000000000
# Return data: 0x0000000000000000
# State data: 0x00000000000000000
# Tag data: 0x00000000000000000000000000
# Dir addr: 0x00c
# Dir data: 0xffffffffffffffff
# Dir data mask: 0x0000000000000001
# Data addr: 0x030
# Data data: 0x000000000000000000000000000000000000
# Data data mask: 0xffffffffffffffffffffffffffffffffffff
# State data in: 0x10080010002000400
# State data mask in: 0x00000000000000000
# src x: 00000000, src y: 00000000
# sdid:    0, lsid:  0
# TILE0-------------------------------------
#             35260500
#             35260500 P1S3 msg type:     ld_req     addr: 0x00800000c0, Data_size: 110, cache_type: 1
# P1S3 valid: recycle: 0, stall: 0
# State wr en: 0
# Dir data: 0xxxxxxxxxxxxxxxxx
# CSM enable: 0
# Msg from mshr: 0
# P1S3 addr: 0x00800000c0
# P1S3 valid: l2_hit: 0, l2_evict: 0
# Data data: 0x51530a00f0d30a00f0df530900f0d30900f0
# State:mesi: 00, vd: 00, subline: 0000, cache_type: 0, owner: 000000
# sdid:    0, lsid:  0
# TILE0-------------------------------------
#             35261500
#             35261500 P1S4 msg type:     ld_req     addr: 0x00800000c0, Data_size: 110, cache_type: 1
# P1S4 valid: recycle: 0, stall: 0, msg_stall: 0, dir_data_stall: 0, stall_inv_counter: 0, stall_smc_buf: 0, smc_stall: 0, global_stall: 0, broadcast_stall: 0
# Control signals: 0100010011000011110
# CSM enable: 0
# broadcast coreid: (    0,   0,   0)
# broadcast state: 0, broadcast op val: 0
# Special addr type: 0
# MSHR state wr en: 1
# MSHR data wr en: 1
# MSHR data wr : 0x000000000000000000047f40400800000c0
# MSHR inv counter :  0
# State wr en: 0
# Dir data: 0xxxxxxxxxxxxxxxxx
# Dir sharer counter:  1
# State data in: 0x00000000000000000
# State data mask in: 0x00000000000000000
# State wr addr: 0x03
# Msg data: 0x0000000000000000
# SMC miss: 0
# SMC data out: 0x00000000
# SMC tag out: 0x0000
# SMC valid out: 0x0
# Msg send valid: 1, send ready: 1, mode: 100, length: 00000010
# Msg send type:      ld_mem    Msg send data_size: 110, cache_type: 0, mesi: 00, l2_miss: 1, mshrid: 00000000, subline_vector: 0000
# Msg from mshr: 0
# P1S4 addr: 0x00800000c0
# P1S4 valid: l2_hit: 0, l2_evict: 0
# Data data: 0x51530a00f0d30a00f0df530900f0d30900f0
# State:mesi: 00, vd: 00, subline: 0000, cache_type: 0, owner: 000000
# Msg send: addr: 0x00800000c0, dst_x: 00000000, dst_y: 00000000, dst_fbits: 0010
# Msg send data: 0x530a00f0d30a00f0530900f0d30900f0
# src x: 00000000, src y: 00000000
# sdid:    0, lsid:  0
#             35262500
# TILE0 noc2 flit raw: 0x800000008084c008
#             35263500
# TILE0 noc2 flit raw: 0x0000800000c00600
#             35264500
# TILE0 noc2 flit raw: 0x0000000000000000
# FakeMem: input: 800004008084c008            35337500
# FakeMem: input: 0000800000c00600            35342500
# FakeMem: input: 0000000000000000            35347500
# MemRead: 00000000800000c0 : 530b00f0d30b00f0
# MemRead: 00000000800000c8 : 530c00f0d30c00f0
# MemRead: 00000000800000d0 : 530d00f0d30d00f0
# MemRead: 00000000800000d8 : 530e00f0d30e00f0
# MemRead: 00000000800000e0 : 530f00f0d30f00f0
# MemRead: 00000000800000e8 : 970200009382c203
# MemRead: 00000000800000f0 : 7390523097110000
# MemRead: 00000000800000f8 : 9381413117120000
# FakeMem: output 0000000002060001            35357500
# FakeMem: output 530b00f0d30b00f0            35362500
# FakeMem: output 530c00f0d30c00f0            35367500
# FakeMem: output 530d00f0d30d00f0            35387500
# FakeMem: output 530e00f0d30e00f0            35392500
# FakeMem: output 530f00f0d30f00f0            35397500
#             35403500
# TILE0 noc3 flit raw: 0x0000000002060001
# TILE0-------------------------------------
#             35404500
# P2S1 msg type:    ld_mem_ack  Data_size: 110, cache_type: 1, last_subline: 1
# P2S1 valid: stall: 0, stall_pre: 0, stall_hazard: 0
# Control signals: 100
# CSM enable: 0
# SMC miss: 0
# Msg from mshr: 1
# Msg length: 00001000
# P2S1 addr: 0x00800000c0
# Mshr_rd_index: 000
# Tag_addr: 0x03
# Tag_data_in: 0x00800000200000080000020000
# Tag_data_mask_in: 0x00000000000000000003ffffff
# State_rd_addr: 0x03
# src x: 00000000, src y: 00000000
#             35407500
# TILE0 noc3 flit raw: 0x530b00f0d30b00f0
# FakeMem: output 970200009382c203            35412500
#             35413500
# TILE0 noc3 flit raw: 0x530c00f0d30c00f0
# TILE0-------------------------------------
#             35414500
# P2S2 msg type:    ld_mem_ack  Data_size: 110, cache_type: 1, last_subline: 1
# P2S2 valid: stall: 1, stall_real: 0, stall_load: 1
# Control signals: 1101000100011000000
# CSM enable: 0
# broadcast coreid: (    0,   0,   0)
# broadcast op val: 0
# SMC miss: 0
# Msg from mshr: 1
# P2S2 addr: 0x00800000c0
# P2S2 valid: l2_way_sel: 00, l2_hit: 0, l2_wb: 0
# state: mesi: 00, vd: 00, subline: 0000, cache_type: 0, owner: 000000
# State data: 0x00000000000000000
# Tag data: 0x00000000000000000000000000
# Dir addr: 0x00c
# Dir data: 0x0000000000000000
# Dir data mask: 0xffffffffffffffff
# Data addr: 0x030
# Data data: 0xdf530c00f0d30c00f070530b00f0d30b00f0
# Data data mask: 0xffffffffffffffffffffffffffffffffffff
# State data in: 0x1028005000a001400
# State data mask: 0x00000000000000000
# src x: 00000000, src y: 00000000
# FakeMem: output 7390523097110000            35417500
# FakeMem: output 9381413117120000            35422500
#             35427500
# TILE0 noc3 flit raw: 0x530d00f0d30d00f0
#             35433500
# TILE0 noc3 flit raw: 0x530e00f0d30e00f0
# TILE0-------------------------------------
#             35434500
# P2S2 msg type:    ld_mem_ack  Data_size: 110, cache_type: 1, last_subline: 1
# P2S2 valid: stall: 1, stall_real: 0, stall_load: 1
# Control signals: 1101000100011000000
# CSM enable: 0
# broadcast coreid: (    0,   0,   0)
# broadcast op val: 0
# SMC miss: 0
# Msg from mshr: 1
# P2S2 addr: 0x00800000c0
# P2S2 valid: l2_way_sel: 00, l2_hit: 0, l2_wb: 0
# state: mesi: 00, vd: 00, subline: 0000, cache_type: 0, owner: 000000
# State data: 0x00000000000000000
# Tag data: 0x00000000000000000000000000
# Dir addr: 0x00c
# Dir data: 0x0000000000000000
# Dir data mask: 0xffffffffffffffff
# Data addr: 0x031
# Data data: 0x70530e00f0d30e00f0fe530d00f0d30d00f0
# Data data mask: 0xffffffffffffffffffffffffffffffffffff
# State data in: 0x1028005000a001400
# State data mask: 0x00000000000000000
# src x: 00000000, src y: 00000000
#             35439500
# TILE0 noc3 flit raw: 0x530f00f0d30f00f0
#             35453500
# TILE0 noc3 flit raw: 0x970200009382c203
# TILE0-------------------------------------
#             35454500
# P2S2 msg type:    ld_mem_ack  Data_size: 110, cache_type: 1, last_subline: 1
# P2S2 valid: stall: 1, stall_real: 0, stall_load: 1
# Control signals: 1101000100011000000
# CSM enable: 0
# broadcast coreid: (    0,   0,   0)
# broadcast op val: 0
# SMC miss: 0
# Msg from mshr: 1
# P2S2 addr: 0x00800000c0
# P2S2 valid: l2_way_sel: 00, l2_hit: 0, l2_wb: 0
# state: mesi: 00, vd: 00, subline: 0000, cache_type: 0, owner: 000000
# State data: 0x00000000000000000
# Tag data: 0x00000000000000000000000000
# Dir addr: 0x00c
# Dir data: 0x0000000000000000
# Dir data mask: 0xffffffffffffffff
# Data addr: 0x032
# Data data: 0x80970200009382c20351530f00f0d30f00f0
# Data data mask: 0xffffffffffffffffffffffffffffffffffff
# State data in: 0x1028005000a001400
# State data mask: 0x00000000000000000
# src x: 00000000, src y: 00000000
#             35459500
# TILE0 noc3 flit raw: 0x7390523097110000
#             35465500
# TILE0 noc3 flit raw: 0x9381413117120000
# TILE0-------------------------------------
#             35466500
# P2S2 msg type:    ld_mem_ack  Data_size: 110, cache_type: 1, last_subline: 1
# P2S2 valid: stall: 0, stall_real: 0, stall_load: 0
# Control signals: 1101000100011000000
# CSM enable: 0
# broadcast coreid: (    0,   0,   0)
# broadcast op val: 0
# SMC miss: 0
# Msg from mshr: 1
# P2S2 addr: 0x00800000c0
# P2S2 valid: l2_way_sel: 00, l2_hit: 0, l2_wb: 0
# state: mesi: 00, vd: 00, subline: 0000, cache_type: 0, owner: 000000
# State data: 0x00000000000000000
# Tag data: 0x00000000000000000000000000
# Dir addr: 0x00c
# Dir data: 0x0000000000000000
# Dir data mask: 0xffffffffffffffff
# Data addr: 0x033
# Data data: 0x409381413117120000a47390523097110000
# Data data mask: 0xffffffffffffffffffffffffffffffffffff
# State data in: 0x1028005000a001400
# State data mask: 0x00000000000001bc0
# src x: 00000000, src y: 00000000
# TILE0-------------------------------------
#             35467500
# SMC miss: 0
# CSM enable: 0
# P2S3 State wr addr: 0x03
# Mshr wr index: 000
# MSHR state wr en: 1
# MSHR inc inv counter en: 0
# State wr en: 1
# TILE0-------------------------------------
#             35468500
#             35468500 P1S1 msg type:     ld_req     addr: 0x00800000c0, Data_size: 110, cache_type: 1
# P1S1 valid: stall: 0, stall_pre: 0, stall_hazard: 0, stall_mshr: 0, stall_msg: 0, stall_global: 0
# Control signals: 111
# CSM enable: 0
# Special addr type: 0
# Msg from mshr: 1
# P1S1 addr: 0x00800000c0
# Mshr_addr: 0x00
# Tag_addr: 0x03
# Tag data in: 0x00000000000000000000000000
# Tag data mask in: 0x00000000000000000003ffffff
# State_rd_addr: 0x03
# Msg data: 0x0000000000000000
# Msg length: 00000010
# src x: 00000000, src y: 00000000
# sdid:    0, lsid:  0
# TILE0-------------------------------------
#             35469500
#             35469500 P1S2 msg type:     ld_req     addr: 0x00800000c0, Data_size: 110, cache_type: 1
# P1S2 valid: recycle: 0, stall: 1, stall_pre: 0, stall_real: 0, stall_load: 1, stall_msg: 0, stall_global: 0
# Control signals: 000010001101001010100010111
# CSM enable: 0
# Special addr type: 0
# Msg from mshr: 1
# P1S2 addr: 0x00800000c0
# P1S2 valid: l2_way_sel: 00, l2_hit: 1, l2_evict: 0, l2_wb: 0
# State VD bits: 00 00 00 10
# State: rb: 00, lru: 0000, mesi: 00, vd: 10, subline: 0000, cache_type: 0, owner: 000000
# Msg data valid: 0
# Msg data ready: 0
# Msg data: 0x0000000000000000
# Return data: 0x0000000000000000
# State data: 0x00000000000001000
# Tag data: 0x00000000000000000000020000
# Dir addr: 0x00c
# Dir data: 0xffffffffffffffff
# Dir data mask: 0x0000000000000001
# Data addr: 0x030
# Data data: 0x000000000000000000000000000000000000
# Data data mask: 0xffffffffffffffffffffffffffffffffffff
# State data in: 0x114980930126024c0
# State data mask in: 0x0f0000000000067ff
# src x: 00000000, src y: 00000000
# sdid:    0, lsid:  0
# TILE0-------------------------------------
#             35470500
#             35470500 P1S2 msg type:     ld_req     addr: 0x00800000c0, Data_size: 110, cache_type: 1
# P1S2 valid: recycle: 0, stall: 0, stall_pre: 0, stall_real: 0, stall_load: 0, stall_msg: 0, stall_global: 0
# Control signals: 000010001101001010100010111
# CSM enable: 0
# Special addr type: 0
# Msg from mshr: 1
# P1S2 addr: 0x00800000c0
# P1S2 valid: l2_way_sel: 00, l2_hit: 1, l2_evict: 0, l2_wb: 0
# State VD bits: 00 00 00 10
# State: rb: 00, lru: 0000, mesi: 00, vd: 10, subline: 0000, cache_type: 0, owner: 000000
# Msg data valid: 0
# Msg data ready: 0
# Msg data: 0x0000000000000000
# Return data: 0x0000000000000000
# State data: 0x00000000000001000
# Tag data: 0x00000000000000000000020000
# Dir addr: 0x00c
# Dir data: 0xffffffffffffffff
# Dir data mask: 0x0000000000000001
# Data addr: 0x031
# Data data: 0x000000000000000000000000000000000000
# Data data mask: 0xffffffffffffffffffffffffffffffffffff
# State data in: 0x114980930126024c0
# State data mask in: 0x0f0000000000067ff
# src x: 00000000, src y: 00000000
# sdid:    0, lsid:  0
# TILE0-------------------------------------
#             35470500
#             35470500 P1S3 msg type:     ld_req     addr: 0x00800000c0, Data_size: 110, cache_type: 1
# P1S3 valid: recycle: 0, stall: 0
# State wr en: 0
# Dir data: 0xxxxxxxxxxxxxxxxx
# CSM enable: 0
# Msg from mshr: 1
# P1S3 addr: 0x00800000c0
# P1S3 valid: l2_hit: 1, l2_evict: 0
# Data data: 0xdf530c00f0d30c00f070530b00f0d30b00f0
# State:mesi: 00, vd: 10, subline: 0000, cache_type: 0, owner: 000000
# sdid:    0, lsid:  0
# TILE0-------------------------------------
#             35471500
#             35471500 P1S3 msg type:     ld_req     addr: 0x00800000c0, Data_size: 110, cache_type: 1
# P1S3 valid: recycle: 0, stall: 0
# State wr en: 1
# Dir data: 0xxxxxxxxxxxxxxxxx
# CSM enable: 0
# Msg from mshr: 1
# P1S3 addr: 0x00800000c0
# P1S3 valid: l2_hit: 1, l2_evict: 0
# Data data: 0x70530e00f0d30e00f0fe530d00f0d30d00f0
# State:mesi: 00, vd: 10, subline: 0000, cache_type: 0, owner: 000000
# sdid:    0, lsid:  0
# TILE0-------------------------------------
#             35471500
#             35471500 P1S4 msg type:     ld_req     addr: 0x00800000c0, Data_size: 110, cache_type: 1
# P1S4 valid: recycle: 0, stall: 0, msg_stall: 0, dir_data_stall: 0, stall_inv_counter: 0, stall_smc_buf: 0, smc_stall: 0, global_stall: 0, broadcast_stall: 0
# Control signals: 0100011101000011110
# CSM enable: 0
# broadcast coreid: (    0,   0,   0)
# broadcast state: 0, broadcast op val: 0
# Special addr type: 0
# MSHR state wr en: 0
# MSHR data wr en: 0
# MSHR data wr : 0x000000000000000000047f40400800000c0
# MSHR inv counter :  0
# State wr en: 0
# Dir data: 0xxxxxxxxxxxxxxxxx
# Dir sharer counter:  1
# State data in: 0x010000000000024c0
# State data mask in: 0x0f0000000000067ff
# State wr addr: 0x03
# Msg data: 0x0000000000000000
# SMC miss: 0
# SMC data out: 0x00000000
# SMC tag out: 0x0000
# SMC valid out: 0x0
# Msg send valid: 1, send ready: 1, mode: 011, length: 00000100
# Msg send type:     data_ack   Msg send data_size: 000, cache_type: 1, mesi: 01, l2_miss: 1, mshrid: 00000001, subline_vector: 0000
# Msg from mshr: 1
# P1S4 addr: 0x00800000c0
# P1S4 valid: l2_hit: 1, l2_evict: 0
# Data data: 0xdf530c00f0d30c00f070530b00f0d30b00f0
# State:mesi: 00, vd: 10, subline: 0000, cache_type: 0, owner: 000000
# Msg send: addr: 0x00800000c0, dst_x: 00000000, dst_y: 00000000, dst_fbits: 0000
# Msg send data: 0x530c00f0d30c00f0530b00f0d30b00f0
# src x: 00000000, src y: 00000000
# sdid:    0, lsid:  0
# TILE0-------------------------------------
#             35472500
#             35472500 P1S4 msg type:     ld_req     addr: 0x00800000c0, Data_size: 110, cache_type: 1
# P1S4 valid: recycle: 0, stall: 0, msg_stall: 0, dir_data_stall: 0, stall_inv_counter: 0, stall_smc_buf: 0, smc_stall: 0, global_stall: 0, broadcast_stall: 0
# Control signals: 0100011101000011110
# CSM enable: 0
# broadcast coreid: (    0,   0,   0)
# broadcast state: 0, broadcast op val: 0
# Special addr type: 0
# MSHR state wr en: 0
# MSHR data wr en: 0
# MSHR data wr : 0x000000000000000000047f40400800000c0
# MSHR inv counter :  0
# State wr en: 1
# Dir data: 0xxxxxxxxxxxxxxxxx
# Dir sharer counter:  1
# State data in: 0x010000000000024c0
# State data mask in: 0x0f0000000000067ff
# State wr addr: 0x03
# Msg data: 0x0000000000000000
# SMC miss: 0
# SMC data out: 0x00000000
# SMC tag out: 0x0000
# SMC valid out: 0x0
# Msg send valid: 1, send ready: 1, mode: 111, length: 00000100
# Msg send type:     data_ack   Msg send data_size: 000, cache_type: 1, mesi: 01, l2_miss: 1, mshrid: 00000001, subline_vector: 0000
# Msg from mshr: 1
# P1S4 addr: 0x00800000c0
# P1S4 valid: l2_hit: 1, l2_evict: 0
# Data data: 0x70530e00f0d30e00f0fe530d00f0d30d00f0
# State:mesi: 00, vd: 10, subline: 0000, cache_type: 0, owner: 000000
# Msg send: addr: 0x00800000c0, dst_x: 00000000, dst_y: 00000000, dst_fbits: 0000
# Msg send data: 0x530e00f0d30e00f0530d00f0d30d00f0
# src x: 00000000, src y: 00000000
# sdid:    0, lsid:  0
#             35472500
# TILE0 noc2 flit raw: 0x0000000001074058
#             35473500
# TILE0 noc2 flit raw: 0x530b00f0d30b00f0
#             35474500
# TILE0 noc2 flit raw: 0x530c00f0d30c00f0
#             35475500
# TILE0 noc2 flit raw: 0x530d00f0d30d00f0
#             35476500
# TILE0 noc2 flit raw: 0x530e00f0d30e00f0
# 35480000 TILE0 L1.5: Received NOC2                                                MSG_TYPE_DATA_ACK   mshrid 1, l2miss 1, f4b 0, ackstate 1, address 0x0b00f0d30b
#    Data1: 0x530b00f0d30b00f0
#    Data2: 0x530c00f0d30c00f0
#    Data3: 0x530d00f0d30d00f0
#    Data4: 0x530e00f0d30e00f0
# 
#             35480000 L15 TILE0:
# NoC1 credit:  8
# NoC1 reserved credit:  0
# TILE0 Pipeline: *  X  X 
# Stage 1 status:    Operation: L15_REQTYPE_ACKDT_IFILL
#    TILE0 S1 Address: 0x0000000000
# L15_MON_END
# 
# 
#             35481000 L15 TILE0:
# NoC1 credit:  8
# NoC1 reserved credit:  0
# TILE0 Pipeline: X  *  X 
# Stage 2 status:    Operation: L15_REQTYPE_ACKDT_IFILL
#    TILE0 S2 Address: 0x0000000000
#    TILE0 S2 Cache index:   0
# L15_MON_END
# 
# 35482000 TILE0 L1.5 th0: Sent CPX IFILL_RET   l2miss 1, nc 0, atomic 0, threadid 0, pf 0, f4b 0, iia 0, dia 0, dinval 0, iinval 0, invalway 0, blkinit 0
#    Data0: 0x530b00f0d30b00f0
#    Data1: 0x530c00f0d30c00f0
#    Data2: 0x530d00f0d30d00f0
#    Data3: 0x530e00f0d30e00f0
# 
#             35482000 L15 TILE0:
# NoC1 credit:  8
# NoC1 reserved credit:  0
# TILE0 Pipeline: X  X  * 
# Stage 3 status:    Operation: L15_REQTYPE_ACKDT_IFILL
#    TILE0 S3 Address: 0x0000000000
# L15_MON_END
# 
# 35493000 TILE0 L1.5 th0: Received PCX PCX_REQTYPE_IFILL   Addr 0x00800000e0, nc 0, size 6, invalall 0, pf 0, bs 0, bsi 0, l1way 0
#    Data: 0x0000000000000000
#    CSM HDID:    0, HD_SIZE:  0, SDID:    0, LSID:  0
#    CSM Data: 0x000000000
# 
#             35493000 L15 TILE0:
# NoC1 credit:  8
# NoC1 reserved credit:  0
# TILE0 Pipeline: *  X  X 
# Stage 1 status:    Operation: L15_REQTYPE_IFILL
#    TILE0 S1 Address: 0x00800000e0
# L15_MON_END
# 
# 
#             35494000 L15 TILE0:
# NoC1 credit:  7
# NoC1 reserved credit:  0
# TILE0 Pipeline: X  *  X 
# Stage 2 status:    Operation: L15_REQTYPE_IFILL
#    TILE0 S2 Address: 0x00800000e0
#    TILE0 S2 Cache index:  14
#    CSM op:  1
#       CSM read ticket: 0x1
# L15_MON_END
# 
#             35494000: TILE0 L15_CSM REQ MON:
# L15 CSM req addr: 0x00800000e0
# L15 CSM req ticket: 1
# L15 CSM req type: 0
# L15 CSM req data: 0x00000000000000000000000000000000
# L15 CSM req pcx data: 0x000000000
# 
#             35495000 L15 TILE0:
# NoC1 credit:  7
# NoC1 reserved credit:  0
# TILE0 Pipeline: X  X  * 
# Stage 3 status:    Operation: L15_REQTYPE_IFILL
#    TILE0 S3 Address: 0x00800000e0
# L15_MON_END
# 
#             35495000: TILE0 L15_CSM RES MON:
# L15 CSM res data: 0x0000000000000000
#             35496000
# TILE0 noc1 flit raw: 0x000000000087c040
#    srcX:   0, srcY:   0
#    destX:   0, destY:   0
#             35497000
# TILE0 noc1 flit raw: 0x0000800000e00e00
#    srcX:   0, srcY:   0
#    destX:   0, destY:   0
#             35498000
# TILE0 noc1 flit raw: 0x0000000000000000
#    srcX:   0, srcY:   0
#    destX:   0, destY:   0
# 35498000 TILE0 L1.5: Sending NOC1                                   L15_NOC1_REQTYPE_IFILL_REQUEST   mshrid 1, nc 0, size 6, pf 0, address 800000e0
#    Data0: 0x0000000000000000
#    Data1: 0x0000000000000000
#    Destination X:   0 Y:   0
# TILE0-------------------------------------
#             35502500
#             35502500 P1S1 msg type:     ld_req     addr: 0x00800000e0, Data_size: 110, cache_type: 1
# P1S1 valid: stall: 0, stall_pre: 0, stall_hazard: 0, stall_mshr: 0, stall_msg: 0, stall_global: 0
# Control signals: 111
# CSM enable: 0
# Special addr type: 0
# Msg from mshr: 0
# P1S1 addr: 0x00800000e0
# Mshr_addr: 0x03
# Tag_addr: 0x03
# Tag data in: 0x00000000000000000000000000
# Tag data mask in: 0x00000000000000000003ffffff
# State_rd_addr: 0x03
# Msg data: 0x0000000000000000
# Msg length: 00000010
# src x: 00000000, src y: 00000000
# sdid:    0, lsid:  0
# TILE0-------------------------------------
#             35503500
#             35503500 P1S2 msg type:     ld_req     addr: 0x00800000e0, Data_size: 110, cache_type: 1
# P1S2 valid: recycle: 0, stall: 1, stall_pre: 0, stall_real: 0, stall_load: 1, stall_msg: 0, stall_global: 0
# Control signals: 000010001100001010000000011
# CSM enable: 0
# Special addr type: 0
# Msg from mshr: 0
# P1S2 addr: 0x00800000e0
# P1S2 valid: l2_way_sel: 00, l2_hit: 1, l2_evict: 0, l2_wb: 0
# State VD bits: 00 00 00 10
# State: rb: 00, lru: 0001, mesi: 01, vd: 10, subline: 0011, cache_type: 1, owner: 000000
# Msg data valid: 0
# Msg data ready: 0
# Msg data: 0x0000000000000000
# Return data: 0x0000000000000000
# State data: 0x010000000000034c0
# Tag data: 0x00000000000000000000020000
# Dir addr: 0x00c
# Dir data: 0xffffffffffffffff
# Dir data mask: 0x0000000000000001
# Data addr: 0x032
# Data data: 0x000000000000000000000000000000000000
# Data data mask: 0xffffffffffffffffffffffffffffffffffff
# State data in: 0x114f809f013e027c0
# State data mask in: 0x0f0000000000003c0
# src x: 00000000, src y: 00000000
# sdid:    0, lsid:  0
# TILE0-------------------------------------
#             35504500
#             35504500 P1S2 msg type:     ld_req     addr: 0x00800000e0, Data_size: 110, cache_type: 1
# P1S2 valid: recycle: 0, stall: 0, stall_pre: 0, stall_real: 0, stall_load: 0, stall_msg: 0, stall_global: 0
# Control signals: 000010001100001010000000011
# CSM enable: 0
# Special addr type: 0
# Msg from mshr: 0
# P1S2 addr: 0x00800000e0
# P1S2 valid: l2_way_sel: 00, l2_hit: 1, l2_evict: 0, l2_wb: 0
# State VD bits: 00 00 00 10
# State: rb: 00, lru: 0001, mesi: 01, vd: 10, subline: 0011, cache_type: 1, owner: 000000
# Msg data valid: 0
# Msg data ready: 0
# Msg data: 0x0000000000000000
# Return data: 0x0000000000000000
# State data: 0x010000000000034c0
# Tag data: 0x00000000000000000000020000
# Dir addr: 0x00c
# Dir data: 0xffffffffffffffff
# Dir data mask: 0x0000000000000001
# Data addr: 0x033
# Data data: 0x000000000000000000000000000000000000
# Data data mask: 0xffffffffffffffffffffffffffffffffffff
# State data in: 0x114f809f013e027c0
# State data mask in: 0x0f0000000000003c0
# src x: 00000000, src y: 00000000
# sdid:    0, lsid:  0
# TILE0-------------------------------------
#             35504500
#             35504500 P1S3 msg type:     ld_req     addr: 0x00800000e0, Data_size: 110, cache_type: 1
# P1S3 valid: recycle: 0, stall: 0
# State wr en: 0
# Dir data: 0xxxxxxxxxxxxxxxxx
# CSM enable: 0
# Msg from mshr: 0
# P1S3 addr: 0x00800000e0
# P1S3 valid: l2_hit: 1, l2_evict: 0
# Data data: 0x80970200009382c20351530f00f0d30f00f0
# State:mesi: 01, vd: 10, subline: 0011, cache_type: 1, owner: 000000
# sdid:    0, lsid:  0
# TILE0-------------------------------------
#             35505500
#             35505500 P1S3 msg type:     ld_req     addr: 0x00800000e0, Data_size: 110, cache_type: 1
# P1S3 valid: recycle: 0, stall: 0
# State wr en: 1
# Dir data: 0xxxxxxxxxxxxxxxxx
# CSM enable: 0
# Msg from mshr: 0
# P1S3 addr: 0x00800000e0
# P1S3 valid: l2_hit: 1, l2_evict: 0
# Data data: 0x409381413117120000a47390523097110000
# State:mesi: 01, vd: 10, subline: 0011, cache_type: 1, owner: 000000
# sdid:    0, lsid:  0
# TILE0-------------------------------------
#             35505500
#             35505500 P1S4 msg type:     ld_req     addr: 0x00800000e0, Data_size: 110, cache_type: 1
# P1S4 valid: recycle: 0, stall: 0, msg_stall: 0, dir_data_stall: 0, stall_inv_counter: 0, stall_smc_buf: 0, smc_stall: 0, global_stall: 0, broadcast_stall: 0
# Control signals: 0100011101000011110
# CSM enable: 0
# broadcast coreid: (    0,   0,   0)
# broadcast state: 0, broadcast op val: 0
# Special addr type: 0
# MSHR state wr en: 0
# MSHR data wr en: 0
# MSHR data wr : 0x000000000000000000007f40400800000e0
# MSHR inv counter :  0
# State wr en: 0
# Dir data: 0xxxxxxxxxxxxxxxxx
# Dir sharer counter:  1
# State data in: 0x010000000000003c0
# State data mask in: 0x0f0000000000003c0
# State wr addr: 0x03
# Msg data: 0x0000000000000000
# SMC miss: 0
# SMC data out: 0x00000000
# SMC tag out: 0x0000
# SMC valid out: 0x0
# Msg send valid: 1, send ready: 1, mode: 011, length: 00000100
# Msg send type:     data_ack   Msg send data_size: 000, cache_type: 1, mesi: 01, l2_miss: 0, mshrid: 00000001, subline_vector: 0011
# Msg from mshr: 0
# P1S4 addr: 0x00800000e0
# P1S4 valid: l2_hit: 1, l2_evict: 0
# Data data: 0x80970200009382c20351530f00f0d30f00f0
# State:mesi: 01, vd: 10, subline: 0011, cache_type: 1, owner: 000000
# Msg send: addr: 0x00800000e0, dst_x: 00000000, dst_y: 00000000, dst_fbits: 0000
# Msg send data: 0x970200009382c203530f00f0d30f00f0
# src x: 00000000, src y: 00000000
# sdid:    0, lsid:  0
# TILE0-------------------------------------
#             35506500
#             35506500 P1S4 msg type:     ld_req     addr: 0x00800000e0, Data_size: 110, cache_type: 1
# P1S4 valid: recycle: 0, stall: 0, msg_stall: 0, dir_data_stall: 0, stall_inv_counter: 0, stall_smc_buf: 0, smc_stall: 0, global_stall: 0, broadcast_stall: 0
# Control signals: 0100011101000011110
# CSM enable: 0
# broadcast coreid: (    0,   0,   0)
# broadcast state: 0, broadcast op val: 0
# Special addr type: 0
# MSHR state wr en: 0
# MSHR data wr en: 0
# MSHR data wr : 0x000000000000000000007f40400800000e0
# MSHR inv counter :  0
# State wr en: 1
# Dir data: 0xxxxxxxxxxxxxxxxx
# Dir sharer counter:  1
# State data in: 0x010000000000003c0
# State data mask in: 0x0f0000000000003c0
# State wr addr: 0x03
# Msg data: 0x0000000000000000
# SMC miss: 0
# SMC data out: 0x00000000
# SMC tag out: 0x0000
# SMC valid out: 0x0
# Msg send valid: 1, send ready: 1, mode: 111, length: 00000100
# Msg send type:     data_ack   Msg send data_size: 000, cache_type: 1, mesi: 01, l2_miss: 0, mshrid: 00000001, subline_vector: 0011
# Msg from mshr: 0
# P1S4 addr: 0x00800000e0
# P1S4 valid: l2_hit: 1, l2_evict: 0
# Data data: 0x409381413117120000a47390523097110000
# State:mesi: 01, vd: 10, subline: 0011, cache_type: 1, owner: 000000
# Msg send: addr: 0x00800000e0, dst_x: 00000000, dst_y: 00000000, dst_fbits: 0000
# Msg send data: 0x93814131171200007390523097110000
# src x: 00000000, src y: 00000000
# sdid:    0, lsid:  0
#             35506500
# TILE0 noc2 flit raw: 0x0000000001074050
#             35507500
# TILE0 noc2 flit raw: 0x530f00f0d30f00f0
#             35508500
# TILE0 noc2 flit raw: 0x970200009382c203
#             35509500
# TILE0 noc2 flit raw: 0x7390523097110000
#             35510500
# TILE0 noc2 flit raw: 0x9381413117120000
# 35514000 TILE0 L1.5: Received NOC2                                                MSG_TYPE_DATA_ACK   mshrid 1, l2miss 0, f4b 0, ackstate 1, address 0x0f00f0d30f
#    Data1: 0x530f00f0d30f00f0
#    Data2: 0x970200009382c203
#    Data3: 0x7390523097110000
#    Data4: 0x9381413117120000
# 
#             35514000 L15 TILE0:
# NoC1 credit:  8
# NoC1 reserved credit:  0
# TILE0 Pipeline: *  X  X 
# Stage 1 status:    Operation: L15_REQTYPE_ACKDT_IFILL
#    TILE0 S1 Address: 0x0000000000
# L15_MON_END
# 
# 
#             35515000 L15 TILE0:
# NoC1 credit:  8
# NoC1 reserved credit:  0
# TILE0 Pipeline: X  *  X 
# Stage 2 status:    Operation: L15_REQTYPE_ACKDT_IFILL
#    TILE0 S2 Address: 0x0000000000
#    TILE0 S2 Cache index:   0
# L15_MON_END
# 
# 35517000 TILE0 L1.5 th0: Sent CPX IFILL_RET   l2miss 0, nc 0, atomic 0, threadid 0, pf 0, f4b 0, iia 0, dia 0, dinval 0, iinval 0, invalway 0, blkinit 0
#    Data0: 0x530f00f0d30f00f0
#    Data1: 0x970200009382c203
#    Data2: 0x7390523097110000
#    Data3: 0x9381413117120000
# 
#             35517000 L15 TILE0:
# NoC1 credit:  8
# NoC1 reserved credit:  0
# TILE0 Pipeline: X  X  * 
# Stage 3 status:    Operation: L15_REQTYPE_ACKDT_IFILL
#    TILE0 S3 Address: 0x0000000000
# L15_MON_END
# 
# 35528000 TILE0 L1.5 th0: Received PCX PCX_REQTYPE_IFILL   Addr 0x0080000100, nc 0, size 6, invalall 0, pf 0, bs 0, bsi 0, l1way 0
#    Data: 0x0000000000000000
#    CSM HDID:    0, HD_SIZE:  0, SDID:    0, LSID:  0
#    CSM Data: 0x000000000
# 
#             35528000 L15 TILE0:
# NoC1 credit:  8
# NoC1 reserved credit:  0
# TILE0 Pipeline: *  X  X 
# Stage 1 status:    Operation: L15_REQTYPE_IFILL
#    TILE0 S1 Address: 0x0080000100
# L15_MON_END
# 
# 
#             35529000 L15 TILE0:
# NoC1 credit:  7
# NoC1 reserved credit:  0
# TILE0 Pipeline: X  *  X 
# Stage 2 status:    Operation: L15_REQTYPE_IFILL
#    TILE0 S2 Address: 0x0080000100
#    TILE0 S2 Cache index:  16
#    CSM op:  1
#       CSM read ticket: 0x1
# L15_MON_END
# 
#             35529000: TILE0 L15_CSM REQ MON:
# L15 CSM req addr: 0x0080000100
# L15 CSM req ticket: 1
# L15 CSM req type: 0
# L15 CSM req data: 0x00000000000000000000000000000000
# L15 CSM req pcx data: 0x000000000
# 
#             35530000 L15 TILE0:
# NoC1 credit:  7
# NoC1 reserved credit:  0
# TILE0 Pipeline: X  X  * 
# Stage 3 status:    Operation: L15_REQTYPE_IFILL
#    TILE0 S3 Address: 0x0080000100
# L15_MON_END
# 
#             35530000: TILE0 L15_CSM RES MON:
# L15 CSM res data: 0x0000000000000000
#             35531000
# TILE0 noc1 flit raw: 0x000000000087c040
#    srcX:   0, srcY:   0
#    destX:   0, destY:   0
#             35532000
# TILE0 noc1 flit raw: 0x0000800001000e00
#    srcX:   0, srcY:   0
#    destX:   0, destY:   0
#             35533000
# TILE0 noc1 flit raw: 0x0000000000000000
#    srcX:   0, srcY:   0
#    destX:   0, destY:   0
# 35533000 TILE0 L1.5: Sending NOC1                                   L15_NOC1_REQTYPE_IFILL_REQUEST   mshrid 1, nc 0, size 6, pf 0, address 80000100
#    Data0: 0x0000000000000000
#    Data1: 0x0000000000000000
#    Destination X:   0 Y:   0
# TILE0-------------------------------------
#             35537500
#             35537500 P1S1 msg type:     ld_req     addr: 0x0080000100, Data_size: 110, cache_type: 1
# P1S1 valid: stall: 0, stall_pre: 0, stall_hazard: 0, stall_mshr: 0, stall_msg: 0, stall_global: 0
# Control signals: 111
# CSM enable: 0
# Special addr type: 0
# Msg from mshr: 0
# P1S1 addr: 0x0080000100
# Mshr_addr: 0x04
# Tag_addr: 0x04
# Tag data in: 0x00000000000000000000000000
# Tag data mask in: 0x00000000000000000003ffffff
# State_rd_addr: 0x04
# Msg data: 0x0000000000000000
# Msg length: 00000010
# src x: 00000000, src y: 00000000
# sdid:    0, lsid:  0
# TILE0-------------------------------------
#             35538500
#             35538500 P1S2 msg type:     ld_req     addr: 0x0080000100, Data_size: 110, cache_type: 1
# P1S2 valid: recycle: 0, stall: 0, stall_pre: 0, stall_real: 0, stall_load: 0, stall_msg: 0, stall_global: 0
# Control signals: 000001000110000000000000000
# CSM enable: 0
# Special addr type: 0
# Msg from mshr: 0
# P1S2 addr: 0x0080000100
# P1S2 valid: l2_way_sel: 00, l2_hit: 0, l2_evict: 0, l2_wb: 0
# State VD bits: 00 00 00 00
# State: rb: 00, lru: 0000, mesi: 00, vd: 00, subline: 0000, cache_type: 0, owner: 000000
# Msg data valid: 0
# Msg data ready: 0
# Msg data: 0x0000000000000000
# Return data: 0x0000000000000000
# State data: 0x00000000000000000
# Tag data: 0x00000000000000000000000000
# Dir addr: 0x010
# Dir data: 0xffffffffffffffff
# Dir data mask: 0x0000000000000001
# Data addr: 0x040
# Data data: 0x000000000000000000000000000000000000
# Data data mask: 0xffffffffffffffffffffffffffffffffffff
# State data in: 0x10080010002000400
# State data mask in: 0x00000000000000000
# src x: 00000000, src y: 00000000
# sdid:    0, lsid:  0
# TILE0-------------------------------------
#             35539500
#             35539500 P1S3 msg type:     ld_req     addr: 0x0080000100, Data_size: 110, cache_type: 1
# P1S3 valid: recycle: 0, stall: 0
# State wr en: 0
# Dir data: 0xxxxxxxxxxxxxxxxx
# CSM enable: 0
# Msg from mshr: 0
# P1S3 addr: 0x0080000100
# P1S3 valid: l2_hit: 0, l2_evict: 0
# Data data: 0x409381413117120000a47390523097110000
# State:mesi: 00, vd: 00, subline: 0000, cache_type: 0, owner: 000000
# sdid:    0, lsid:  0
# TILE0-------------------------------------
#             35540500
#             35540500 P1S4 msg type:     ld_req     addr: 0x0080000100, Data_size: 110, cache_type: 1
# P1S4 valid: recycle: 0, stall: 0, msg_stall: 0, dir_data_stall: 0, stall_inv_counter: 0, stall_smc_buf: 0, smc_stall: 0, global_stall: 0, broadcast_stall: 0
# Control signals: 0100010011000011110
# CSM enable: 0
# broadcast coreid: (    0,   0,   0)
# broadcast state: 0, broadcast op val: 0
# Special addr type: 0
# MSHR state wr en: 1
# MSHR data wr en: 1
# MSHR data wr : 0x000000000000000000047f4040080000100
# MSHR inv counter :  0
# State wr en: 0
# Dir data: 0xxxxxxxxxxxxxxxxx
# Dir sharer counter:  1
# State data in: 0x00000000000000000
# State data mask in: 0x00000000000000000
# State wr addr: 0x04
# Msg data: 0x0000000000000000
# SMC miss: 0
# SMC data out: 0x00000000
# SMC tag out: 0x0000
# SMC valid out: 0x0
# Msg send valid: 1, send ready: 1, mode: 100, length: 00000010
# Msg send type:      ld_mem    Msg send data_size: 110, cache_type: 0, mesi: 00, l2_miss: 1, mshrid: 00000000, subline_vector: 0000
# Msg from mshr: 0
# P1S4 addr: 0x0080000100
# P1S4 valid: l2_hit: 0, l2_evict: 0
# Data data: 0x409381413117120000a47390523097110000
# State:mesi: 00, vd: 00, subline: 0000, cache_type: 0, owner: 000000
# Msg send: addr: 0x0080000100, dst_x: 00000000, dst_y: 00000000, dst_fbits: 0010
# Msg send data: 0x93814131171200007390523097110000
# src x: 00000000, src y: 00000000
# sdid:    0, lsid:  0
#             35541500
# TILE0 noc2 flit raw: 0x800000008084c008
#             35542500
# TILE0 noc2 flit raw: 0x0000800001000600
#             35543500
# TILE0 noc2 flit raw: 0x0000000000000000
# FakeMem: input: 800004008084c008            35617500
# FakeMem: input: 0000800001000600            35622500
# FakeMem: input: 0000000000000000            35627500
# MemRead: 0000000080000100 : 130232b8137202fc
# MemRead: 0000000080000108 : 732540f185456370
# MemRead: 0000000080000110 : b500131615013292
# MemRead: 0000000080000118 : 1301150046011291
# MemRead: 0000000080000120 : 6f00a05f6d7106e4
# MemRead: 0000000080000128 : 0ae80eec12f016f4
# MemRead: 0000000080000130 : 1af81efca2e0a6e4
# MemRead: 0000000080000138 : aae8aeecb2f0b6f4
# FakeMem: output 0000000002060001            35637500
# FakeMem: output 130232b8137202fc            35642500
# FakeMem: output 732540f185456370            35647500
# FakeMem: output b500131615013292            35667500
# FakeMem: output 1301150046011291            35672500
# FakeMem: output 6f00a05f6d7106e4            35677500
#             35683500
# TILE0 noc3 flit raw: 0x0000000002060001
# TILE0-------------------------------------
#             35684500
# P2S1 msg type:    ld_mem_ack  Data_size: 110, cache_type: 1, last_subline: 1
# P2S1 valid: stall: 0, stall_pre: 0, stall_hazard: 0
# Control signals: 100
# CSM enable: 0
# SMC miss: 0
# Msg from mshr: 1
# Msg length: 00001000
# P2S1 addr: 0x0080000100
# Mshr_rd_index: 000
# Tag_addr: 0x04
# Tag_data_in: 0x00800000200000080000020000
# Tag_data_mask_in: 0x00000000000000000003ffffff
# State_rd_addr: 0x04
# src x: 00000000, src y: 00000000
#             35688500
# TILE0 noc3 flit raw: 0x130232b8137202fc
# FakeMem: output 0ae80eec12f016f4            35692500
#             35693500
# TILE0 noc3 flit raw: 0x732540f185456370
# TILE0-------------------------------------
#             35694500
# P2S2 msg type:    ld_mem_ack  Data_size: 110, cache_type: 1, last_subline: 1
# P2S2 valid: stall: 1, stall_real: 0, stall_load: 1
# Control signals: 1101000100011000000
# CSM enable: 0
# broadcast coreid: (    0,   0,   0)
# broadcast op val: 0
# SMC miss: 0
# Msg from mshr: 1
# P2S2 addr: 0x0080000100
# P2S2 valid: l2_way_sel: 00, l2_hit: 0, l2_wb: 0
# state: mesi: 00, vd: 00, subline: 0000, cache_type: 0, owner: 000000
# State data: 0x00000000000000000
# Tag data: 0x00000000000000000000000000
# Dir addr: 0x010
# Dir data: 0x0000000000000000
# Dir data mask: 0xffffffffffffffff
# Data addr: 0x040
# Data data: 0x1a732540f18545637015130232b8137202fc
# Data data mask: 0xffffffffffffffffffffffffffffffffffff
# State data in: 0x1028005000a001400
# State data mask: 0x00000000000000000
# src x: 00000000, src y: 00000000
# FakeMem: output 1af81efca2e0a6e4            35697500
# FakeMem: output aae8aeecb2f0b6f4            35702500
#             35708500
# TILE0 noc3 flit raw: 0xb500131615013292
#             35713500
# TILE0 noc3 flit raw: 0x1301150046011291
# TILE0-------------------------------------
#             35714500
# P2S2 msg type:    ld_mem_ack  Data_size: 110, cache_type: 1, last_subline: 1
# P2S2 valid: stall: 1, stall_real: 0, stall_load: 1
# Control signals: 1101000100011000000
# CSM enable: 0
# broadcast coreid: (    0,   0,   0)
# broadcast op val: 0
# SMC miss: 0
# Msg from mshr: 1
# P2S2 addr: 0x0080000100
# P2S2 valid: l2_way_sel: 00, l2_hit: 0, l2_wb: 0
# state: mesi: 00, vd: 00, subline: 0000, cache_type: 0, owner: 000000
# State data: 0x00000000000000000
# Tag data: 0x00000000000000000000000000
# Dir addr: 0x010
# Dir data: 0x0000000000000000
# Dir data mask: 0xffffffffffffffff
# Data addr: 0x041
# Data data: 0xb7130115004601129138b500131615013292
# Data data mask: 0xffffffffffffffffffffffffffffffffffff
# State data in: 0x1028005000a001400
# State data mask: 0x00000000000000000
# src x: 00000000, src y: 00000000
#             35719500
# TILE0 noc3 flit raw: 0x6f00a05f6d7106e4
#             35733500
# TILE0 noc3 flit raw: 0x0ae80eec12f016f4
# TILE0-------------------------------------
#             35734500
# P2S2 msg type:    ld_mem_ack  Data_size: 110, cache_type: 1, last_subline: 1
# P2S2 valid: stall: 1, stall_real: 0, stall_load: 1
# Control signals: 1101000100011000000
# CSM enable: 0
# broadcast coreid: (    0,   0,   0)
# broadcast op val: 0
# SMC miss: 0
# Msg from mshr: 1
# P2S2 addr: 0x0080000100
# P2S2 valid: l2_way_sel: 00, l2_hit: 0, l2_wb: 0
# state: mesi: 00, vd: 00, subline: 0000, cache_type: 0, owner: 000000
# State data: 0x00000000000000000
# Tag data: 0x00000000000000000000000000
# Dir addr: 0x010
# Dir data: 0x0000000000000000
# Dir data mask: 0xffffffffffffffff
# Data addr: 0x042
# Data data: 0x350ae80eec12f016f4e96f00a05f6d7106e4
# Data data mask: 0xffffffffffffffffffffffffffffffffffff
# State data in: 0x1028005000a001400
# State data mask: 0x00000000000000000
# src x: 00000000, src y: 00000000
#             35739500
# TILE0 noc3 flit raw: 0x1af81efca2e0a6e4
#             35745500
# TILE0 noc3 flit raw: 0xaae8aeecb2f0b6f4
# TILE0-------------------------------------
#             35746500
# P2S2 msg type:    ld_mem_ack  Data_size: 110, cache_type: 1, last_subline: 1
# P2S2 valid: stall: 0, stall_real: 0, stall_load: 0
# Control signals: 1101000100011000000
# CSM enable: 0
# broadcast coreid: (    0,   0,   0)
# broadcast op val: 0
# SMC miss: 0
# Msg from mshr: 1
# P2S2 addr: 0x0080000100
# P2S2 valid: l2_way_sel: 00, l2_hit: 0, l2_wb: 0
# state: mesi: 00, vd: 00, subline: 0000, cache_type: 0, owner: 000000
# State data: 0x00000000000000000
# Tag data: 0x00000000000000000000000000
# Dir addr: 0x010
# Dir data: 0x0000000000000000
# Dir data mask: 0xffffffffffffffff
# Data addr: 0x043
# Data data: 0xb1aae8aeecb2f0b6f4741af81efca2e0a6e4
# Data data mask: 0xffffffffffffffffffffffffffffffffffff
# State data in: 0x1028005000a001400
# State data mask: 0x00000000000001bc0
# src x: 00000000, src y: 00000000
# TILE0-------------------------------------
#             35747500
# SMC miss: 0
# CSM enable: 0
# P2S3 State wr addr: 0x04
# Mshr wr index: 000
# MSHR state wr en: 1
# MSHR inc inv counter en: 0
# State wr en: 1
# TILE0-------------------------------------
#             35748500
#             35748500 P1S1 msg type:     ld_req     addr: 0x0080000100, Data_size: 110, cache_type: 1
# P1S1 valid: stall: 0, stall_pre: 0, stall_hazard: 0, stall_mshr: 0, stall_msg: 0, stall_global: 0
# Control signals: 111
# CSM enable: 0
# Special addr type: 0
# Msg from mshr: 1
# P1S1 addr: 0x0080000100
# Mshr_addr: 0x00
# Tag_addr: 0x04
# Tag data in: 0x00000000000000000000000000
# Tag data mask in: 0x00000000000000000003ffffff
# State_rd_addr: 0x04
# Msg data: 0x0000000000000000
# Msg length: 00000011
# src x: 00000000, src y: 00000000
# sdid:    0, lsid:  0
# TILE0-------------------------------------
#             35749500
#             35749500 P1S2 msg type:     ld_req     addr: 0x0080000100, Data_size: 110, cache_type: 1
# P1S2 valid: recycle: 0, stall: 1, stall_pre: 0, stall_real: 0, stall_load: 1, stall_msg: 0, stall_global: 0
# Control signals: 000010001101001010100010111
# CSM enable: 0
# Special addr type: 0
# Msg from mshr: 1
# P1S2 addr: 0x0080000100
# P1S2 valid: l2_way_sel: 00, l2_hit: 1, l2_evict: 0, l2_wb: 0
# State VD bits: 00 00 00 10
# State: rb: 00, lru: 0000, mesi: 00, vd: 10, subline: 0000, cache_type: 0, owner: 000000
# Msg data valid: 0
# Msg data ready: 0
# Msg data: 0x0000000000000000
# Return data: 0x0000000000000000
# State data: 0x00000000000001000
# Tag data: 0x00000000000000000000020000
# Dir addr: 0x010
# Dir data: 0xffffffffffffffff
# Dir data mask: 0x0000000000000001
# Data addr: 0x040
# Data data: 0x000000000000000000000000000000000000
# Data data mask: 0xffffffffffffffffffffffffffffffffffff
# State data in: 0x114980930126024c0
# State data mask in: 0x0f0000000000067ff
# src x: 00000000, src y: 00000000
# sdid:    0, lsid:  0
# TILE0-------------------------------------
#             35750500
#             35750500 P1S2 msg type:     ld_req     addr: 0x0080000100, Data_size: 110, cache_type: 1
# P1S2 valid: recycle: 0, stall: 0, stall_pre: 0, stall_real: 0, stall_load: 0, stall_msg: 0, stall_global: 0
# Control signals: 000010001101001010100010111
# CSM enable: 0
# Special addr type: 0
# Msg from mshr: 1
# P1S2 addr: 0x0080000100
# P1S2 valid: l2_way_sel: 00, l2_hit: 1, l2_evict: 0, l2_wb: 0
# State VD bits: 00 00 00 10
# State: rb: 00, lru: 0000, mesi: 00, vd: 10, subline: 0000, cache_type: 0, owner: 000000
# Msg data valid: 0
# Msg data ready: 0
# Msg data: 0x0000000000000000
# Return data: 0x0000000000000000
# State data: 0x00000000000001000
# Tag data: 0x00000000000000000000020000
# Dir addr: 0x010
# Dir data: 0xffffffffffffffff
# Dir data mask: 0x0000000000000001
# Data addr: 0x041
# Data data: 0x000000000000000000000000000000000000
# Data data mask: 0xffffffffffffffffffffffffffffffffffff
# State data in: 0x114980930126024c0
# State data mask in: 0x0f0000000000067ff
# src x: 00000000, src y: 00000000
# sdid:    0, lsid:  0
# TILE0-------------------------------------
#             35750500
#             35750500 P1S3 msg type:     ld_req     addr: 0x0080000100, Data_size: 110, cache_type: 1
# P1S3 valid: recycle: 0, stall: 0
# State wr en: 0
# Dir data: 0xxxxxxxxxxxxxxxxx
# CSM enable: 0
# Msg from mshr: 1
# P1S3 addr: 0x0080000100
# P1S3 valid: l2_hit: 1, l2_evict: 0
# Data data: 0x1a732540f18545637015130232b8137202fc
# State:mesi: 00, vd: 10, subline: 0000, cache_type: 0, owner: 000000
# sdid:    0, lsid:  0
# TILE0-------------------------------------
#             35751500
#             35751500 P1S3 msg type:     ld_req     addr: 0x0080000100, Data_size: 110, cache_type: 1
# P1S3 valid: recycle: 0, stall: 0
# State wr en: 1
# Dir data: 0xxxxxxxxxxxxxxxxx
# CSM enable: 0
# Msg from mshr: 1
# P1S3 addr: 0x0080000100
# P1S3 valid: l2_hit: 1, l2_evict: 0
# Data data: 0xb7130115004601129138b500131615013292
# State:mesi: 00, vd: 10, subline: 0000, cache_type: 0, owner: 000000
# sdid:    0, lsid:  0
# TILE0-------------------------------------
#             35751500
#             35751500 P1S4 msg type:     ld_req     addr: 0x0080000100, Data_size: 110, cache_type: 1
# P1S4 valid: recycle: 0, stall: 0, msg_stall: 0, dir_data_stall: 0, stall_inv_counter: 0, stall_smc_buf: 0, smc_stall: 0, global_stall: 0, broadcast_stall: 0
# Control signals: 0100011101000011110
# CSM enable: 0
# broadcast coreid: (    0,   0,   0)
# broadcast state: 0, broadcast op val: 0
# Special addr type: 0
# MSHR state wr en: 0
# MSHR data wr en: 0
# MSHR data wr : 0x000000000000000000047f4040080000100
# MSHR inv counter :  0
# State wr en: 0
# Dir data: 0xxxxxxxxxxxxxxxxx
# Dir sharer counter:  1
# State data in: 0x010000000000024c0
# State data mask in: 0x0f0000000000067ff
# State wr addr: 0x04
# Msg data: 0x0000000000000000
# SMC miss: 0
# SMC data out: 0x00000000
# SMC tag out: 0x0000
# SMC valid out: 0x0
# Msg send valid: 1, send ready: 1, mode: 011, length: 00000100
# Msg send type:     data_ack   Msg send data_size: 000, cache_type: 1, mesi: 01, l2_miss: 1, mshrid: 00000001, subline_vector: 0000
# Msg from mshr: 1
# P1S4 addr: 0x0080000100
# P1S4 valid: l2_hit: 1, l2_evict: 0
# Data data: 0x1a732540f18545637015130232b8137202fc
# State:mesi: 00, vd: 10, subline: 0000, cache_type: 0, owner: 000000
# Msg send: addr: 0x0080000100, dst_x: 00000000, dst_y: 00000000, dst_fbits: 0000
# Msg send data: 0x732540f185456370130232b8137202fc
# src x: 00000000, src y: 00000000
# sdid:    0, lsid:  0
# TILE0-------------------------------------
#             35752500
#             35752500 P1S4 msg type:     ld_req     addr: 0x0080000100, Data_size: 110, cache_type: 1
# P1S4 valid: recycle: 0, stall: 0, msg_stall: 0, dir_data_stall: 0, stall_inv_counter: 0, stall_smc_buf: 0, smc_stall: 0, global_stall: 0, broadcast_stall: 0
# Control signals: 0100011101000011110
# CSM enable: 0
# broadcast coreid: (    0,   0,   0)
# broadcast state: 0, broadcast op val: 0
# Special addr type: 0
# MSHR state wr en: 0
# MSHR data wr en: 0
# MSHR data wr : 0x000000000000000000047f4040080000100
# MSHR inv counter :  0
# State wr en: 1
# Dir data: 0xxxxxxxxxxxxxxxxx
# Dir sharer counter:  1
# State data in: 0x010000000000024c0
# State data mask in: 0x0f0000000000067ff
# State wr addr: 0x04
# Msg data: 0x0000000000000000
# SMC miss: 0
# SMC data out: 0x00000000
# SMC tag out: 0x0000
# SMC valid out: 0x0
# Msg send valid: 1, send ready: 1, mode: 111, length: 00000100
# Msg send type:     data_ack   Msg send data_size: 000, cache_type: 1, mesi: 01, l2_miss: 1, mshrid: 00000001, subline_vector: 0000
# Msg from mshr: 1
# P1S4 addr: 0x0080000100
# P1S4 valid: l2_hit: 1, l2_evict: 0
# Data data: 0xb7130115004601129138b500131615013292
# State:mesi: 00, vd: 10, subline: 0000, cache_type: 0, owner: 000000
# Msg send: addr: 0x0080000100, dst_x: 00000000, dst_y: 00000000, dst_fbits: 0000
# Msg send data: 0x1301150046011291b500131615013292
# src x: 00000000, src y: 00000000
# sdid:    0, lsid:  0
#             35752500
# TILE0 noc2 flit raw: 0x0000000001074058
#             35753500
# TILE0 noc2 flit raw: 0x130232b8137202fc
#             35754500
# TILE0 noc2 flit raw: 0x732540f185456370
#             35755500
# TILE0 noc2 flit raw: 0xb500131615013292
#             35756500
# TILE0 noc2 flit raw: 0x1301150046011291
# 35760000 TILE0 L1.5: Received NOC2                                                MSG_TYPE_DATA_ACK   mshrid 1, l2miss 1, f4b 0, ackstate 1, address 0x0232b81372
#    Data1: 0x130232b8137202fc
#    Data2: 0x732540f185456370
#    Data3: 0xb500131615013292
#    Data4: 0x1301150046011291
# 
#             35760000 L15 TILE0:
# NoC1 credit:  8
# NoC1 reserved credit:  0
# TILE0 Pipeline: *  X  X 
# Stage 1 status:    Operation: L15_REQTYPE_ACKDT_IFILL
#    TILE0 S1 Address: 0x0000000000
# L15_MON_END
# 
# 
#             35761000 L15 TILE0:
# NoC1 credit:  8
# NoC1 reserved credit:  0
# TILE0 Pipeline: X  *  X 
# Stage 2 status:    Operation: L15_REQTYPE_ACKDT_IFILL
#    TILE0 S2 Address: 0x0000000000
#    TILE0 S2 Cache index:   0
# L15_MON_END
# 
# 35762000 TILE0 L1.5 th0: Sent CPX IFILL_RET   l2miss 1, nc 0, atomic 0, threadid 0, pf 0, f4b 0, iia 0, dia 0, dinval 0, iinval 0, invalway 0, blkinit 0
#    Data0: 0x130232b8137202fc
#    Data1: 0x732540f185456370
#    Data2: 0xb500131615013292
#    Data3: 0x1301150046011291
# 
#             35762000 L15 TILE0:
# NoC1 credit:  8
# NoC1 reserved credit:  0
# TILE0 Pipeline: X  X  * 
# Stage 3 status:    Operation: L15_REQTYPE_ACKDT_IFILL
#    TILE0 S3 Address: 0x0000000000
# L15_MON_END
# 
# 35773000 TILE0 L1.5 th0: Received PCX PCX_REQTYPE_IFILL   Addr 0x0080000120, nc 0, size 6, invalall 0, pf 0, bs 0, bsi 0, l1way 0
#    Data: 0x0000000000000000
#    CSM HDID:    0, HD_SIZE:  0, SDID:    0, LSID:  0
#    CSM Data: 0x000000000
# 
#             35773000 L15 TILE0:
# NoC1 credit:  8
# NoC1 reserved credit:  0
# TILE0 Pipeline: *  X  X 
# Stage 1 status:    Operation: L15_REQTYPE_IFILL
#    TILE0 S1 Address: 0x0080000120
# L15_MON_END
# 
# 
#             35774000 L15 TILE0:
# NoC1 credit:  7
# NoC1 reserved credit:  0
# TILE0 Pipeline: X  *  X 
# Stage 2 status:    Operation: L15_REQTYPE_IFILL
#    TILE0 S2 Address: 0x0080000120
#    TILE0 S2 Cache index:  18
#    CSM op:  1
#       CSM read ticket: 0x1
# L15_MON_END
# 
#             35774000: TILE0 L15_CSM REQ MON:
# L15 CSM req addr: 0x0080000120
# L15 CSM req ticket: 1
# L15 CSM req type: 0
# L15 CSM req data: 0x00000000000000000000000000000000
# L15 CSM req pcx data: 0x000000000
# 
#             35775000 L15 TILE0:
# NoC1 credit:  7
# NoC1 reserved credit:  0
# TILE0 Pipeline: X  X  * 
# Stage 3 status:    Operation: L15_REQTYPE_IFILL
#    TILE0 S3 Address: 0x0080000120
# L15_MON_END
# 
#             35775000: TILE0 L15_CSM RES MON:
# L15 CSM res data: 0x0000000000000000
#             35776000
# TILE0 noc1 flit raw: 0x000000000087c040
#    srcX:   0, srcY:   0
#    destX:   0, destY:   0
#             35777000
# TILE0 noc1 flit raw: 0x0000800001200e00
#    srcX:   0, srcY:   0
#    destX:   0, destY:   0
#             35778000
# TILE0 noc1 flit raw: 0x0000000000000000
#    srcX:   0, srcY:   0
#    destX:   0, destY:   0
# 35778000 TILE0 L1.5: Sending NOC1                                   L15_NOC1_REQTYPE_IFILL_REQUEST   mshrid 1, nc 0, size 6, pf 0, address 80000120
#    Data0: 0x0000000000000000
#    Data1: 0x0000000000000000
#    Destination X:   0 Y:   0
# TILE0-------------------------------------
#             35782500
#             35782500 P1S1 msg type:     ld_req     addr: 0x0080000120, Data_size: 110, cache_type: 1
# P1S1 valid: stall: 0, stall_pre: 0, stall_hazard: 0, stall_mshr: 0, stall_msg: 0, stall_global: 0
# Control signals: 111
# CSM enable: 0
# Special addr type: 0
# Msg from mshr: 0
# P1S1 addr: 0x0080000120
# Mshr_addr: 0x04
# Tag_addr: 0x04
# Tag data in: 0x00000000000000000000000000
# Tag data mask in: 0x00000000000000000003ffffff
# State_rd_addr: 0x04
# Msg data: 0x0000000000000000
# Msg length: 00000010
# src x: 00000000, src y: 00000000
# sdid:    0, lsid:  0
# TILE0-------------------------------------
#             35783500
#             35783500 P1S2 msg type:     ld_req     addr: 0x0080000120, Data_size: 110, cache_type: 1
# P1S2 valid: recycle: 0, stall: 1, stall_pre: 0, stall_real: 0, stall_load: 1, stall_msg: 0, stall_global: 0
# Control signals: 000010001100001010000000011
# CSM enable: 0
# Special addr type: 0
# Msg from mshr: 0
# P1S2 addr: 0x0080000120
# P1S2 valid: l2_way_sel: 00, l2_hit: 1, l2_evict: 0, l2_wb: 0
# State VD bits: 00 00 00 10
# State: rb: 00, lru: 0001, mesi: 01, vd: 10, subline: 0011, cache_type: 1, owner: 000000
# Msg data valid: 0
# Msg data ready: 0
# Msg data: 0x0000000000000000
# Return data: 0x0000000000000000
# State data: 0x010000000000034c0
# Tag data: 0x00000000000000000000020000
# Dir addr: 0x010
# Dir data: 0xffffffffffffffff
# Dir data mask: 0x0000000000000001
# Data addr: 0x042
# Data data: 0x000000000000000000000000000000000000
# Data data mask: 0xffffffffffffffffffffffffffffffffffff
# State data in: 0x114f809f013e027c0
# State data mask in: 0x0f0000000000003c0
# src x: 00000000, src y: 00000000
# sdid:    0, lsid:  0
# TILE0-------------------------------------
#             35784500
#             35784500 P1S2 msg type:     ld_req     addr: 0x0080000120, Data_size: 110, cache_type: 1
# P1S2 valid: recycle: 0, stall: 0, stall_pre: 0, stall_real: 0, stall_load: 0, stall_msg: 0, stall_global: 0
# Control signals: 000010001100001010000000011
# CSM enable: 0
# Special addr type: 0
# Msg from mshr: 0
# P1S2 addr: 0x0080000120
# P1S2 valid: l2_way_sel: 00, l2_hit: 1, l2_evict: 0, l2_wb: 0
# State VD bits: 00 00 00 10
# State: rb: 00, lru: 0001, mesi: 01, vd: 10, subline: 0011, cache_type: 1, owner: 000000
# Msg data valid: 0
# Msg data ready: 0
# Msg data: 0x0000000000000000
# Return data: 0x0000000000000000
# State data: 0x010000000000034c0
# Tag data: 0x00000000000000000000020000
# Dir addr: 0x010
# Dir data: 0xffffffffffffffff
# Dir data mask: 0x0000000000000001
# Data addr: 0x043
# Data data: 0x000000000000000000000000000000000000
# Data data mask: 0xffffffffffffffffffffffffffffffffffff
# State data in: 0x114f809f013e027c0
# State data mask in: 0x0f0000000000003c0
# src x: 00000000, src y: 00000000
# sdid:    0, lsid:  0
# TILE0-------------------------------------
#             35784500
#             35784500 P1S3 msg type:     ld_req     addr: 0x0080000120, Data_size: 110, cache_type: 1
# P1S3 valid: recycle: 0, stall: 0
# State wr en: 0
# Dir data: 0xxxxxxxxxxxxxxxxx
# CSM enable: 0
# Msg from mshr: 0
# P1S3 addr: 0x0080000120
# P1S3 valid: l2_hit: 1, l2_evict: 0
# Data data: 0x350ae80eec12f016f4e96f00a05f6d7106e4
# State:mesi: 01, vd: 10, subline: 0011, cache_type: 1, owner: 000000
# sdid:    0, lsid:  0
# TILE0-------------------------------------
#             35785500
#             35785500 P1S3 msg type:     ld_req     addr: 0x0080000120, Data_size: 110, cache_type: 1
# P1S3 valid: recycle: 0, stall: 0
# State wr en: 1
# Dir data: 0xxxxxxxxxxxxxxxxx
# CSM enable: 0
# Msg from mshr: 0
# P1S3 addr: 0x0080000120
# P1S3 valid: l2_hit: 1, l2_evict: 0
# Data data: 0xb1aae8aeecb2f0b6f4741af81efca2e0a6e4
# State:mesi: 01, vd: 10, subline: 0011, cache_type: 1, owner: 000000
# sdid:    0, lsid:  0
# TILE0-------------------------------------
#             35785500
#             35785500 P1S4 msg type:     ld_req     addr: 0x0080000120, Data_size: 110, cache_type: 1
# P1S4 valid: recycle: 0, stall: 0, msg_stall: 0, dir_data_stall: 0, stall_inv_counter: 0, stall_smc_buf: 0, smc_stall: 0, global_stall: 0, broadcast_stall: 0
# Control signals: 0100011101000011110
# CSM enable: 0
# broadcast coreid: (    0,   0,   0)
# broadcast state: 0, broadcast op val: 0
# Special addr type: 0
# MSHR state wr en: 0
# MSHR data wr en: 0
# MSHR data wr : 0x000000000000000000007f4040080000120
# MSHR inv counter :  0
# State wr en: 0
# Dir data: 0xxxxxxxxxxxxxxxxx
# Dir sharer counter:  1
# State data in: 0x010000000000003c0
# State data mask in: 0x0f0000000000003c0
# State wr addr: 0x04
# Msg data: 0x0000000000000000
# SMC miss: 0
# SMC data out: 0x00000000
# SMC tag out: 0x0000
# SMC valid out: 0x0
# Msg send valid: 1, send ready: 1, mode: 011, length: 00000100
# Msg send type:     data_ack   Msg send data_size: 000, cache_type: 1, mesi: 01, l2_miss: 0, mshrid: 00000001, subline_vector: 0011
# Msg from mshr: 0
# P1S4 addr: 0x0080000120
# P1S4 valid: l2_hit: 1, l2_evict: 0
# Data data: 0x350ae80eec12f016f4e96f00a05f6d7106e4
# State:mesi: 01, vd: 10, subline: 0011, cache_type: 1, owner: 000000
# Msg send: addr: 0x0080000120, dst_x: 00000000, dst_y: 00000000, dst_fbits: 0000
# Msg send data: 0x0ae80eec12f016f46f00a05f6d7106e4
# src x: 00000000, src y: 00000000
# sdid:    0, lsid:  0
# TILE0-------------------------------------
#             35786500
#             35786500 P1S4 msg type:     ld_req     addr: 0x0080000120, Data_size: 110, cache_type: 1
# P1S4 valid: recycle: 0, stall: 0, msg_stall: 0, dir_data_stall: 0, stall_inv_counter: 0, stall_smc_buf: 0, smc_stall: 0, global_stall: 0, broadcast_stall: 0
# Control signals: 0100011101000011110
# CSM enable: 0
# broadcast coreid: (    0,   0,   0)
# broadcast state: 0, broadcast op val: 0
# Special addr type: 0
# MSHR state wr en: 0
# MSHR data wr en: 0
# MSHR data wr : 0x000000000000000000007f4040080000120
# MSHR inv counter :  0
# State wr en: 1
# Dir data: 0xxxxxxxxxxxxxxxxx
# Dir sharer counter:  1
# State data in: 0x010000000000003c0
# State data mask in: 0x0f0000000000003c0
# State wr addr: 0x04
# Msg data: 0x0000000000000000
# SMC miss: 0
# SMC data out: 0x00000000
# SMC tag out: 0x0000
# SMC valid out: 0x0
# Msg send valid: 1, send ready: 1, mode: 111, length: 00000100
# Msg send type:     data_ack   Msg send data_size: 000, cache_type: 1, mesi: 01, l2_miss: 0, mshrid: 00000001, subline_vector: 0011
# Msg from mshr: 0
# P1S4 addr: 0x0080000120
# P1S4 valid: l2_hit: 1, l2_evict: 0
# Data data: 0xb1aae8aeecb2f0b6f4741af81efca2e0a6e4
# State:mesi: 01, vd: 10, subline: 0011, cache_type: 1, owner: 000000
# Msg send: addr: 0x0080000120, dst_x: 00000000, dst_y: 00000000, dst_fbits: 0000
# Msg send data: 0xaae8aeecb2f0b6f41af81efca2e0a6e4
# src x: 00000000, src y: 00000000
# sdid:    0, lsid:  0
#             35786500
# TILE0 noc2 flit raw: 0x0000000001074050
#             35787500
# TILE0 noc2 flit raw: 0x6f00a05f6d7106e4
#             35788500
# TILE0 noc2 flit raw: 0x0ae80eec12f016f4
#             35789500
# TILE0 noc2 flit raw: 0x1af81efca2e0a6e4
#             35790500
# TILE0 noc2 flit raw: 0xaae8aeecb2f0b6f4
# 35794000 TILE0 L1.5: Received NOC2                                                MSG_TYPE_DATA_ACK   mshrid 1, l2miss 0, f4b 0, ackstate 1, address 0x00a05f6d71
#    Data1: 0x6f00a05f6d7106e4
#    Data2: 0x0ae80eec12f016f4
#    Data3: 0x1af81efca2e0a6e4
#    Data4: 0xaae8aeecb2f0b6f4
# 
#             35794000 L15 TILE0:
# NoC1 credit:  8
# NoC1 reserved credit:  0
# TILE0 Pipeline: *  X  X 
# Stage 1 status:    Operation: L15_REQTYPE_ACKDT_IFILL
#    TILE0 S1 Address: 0x0000000000
# L15_MON_END
# 
# 
#             35795000 L15 TILE0:
# NoC1 credit:  8
# NoC1 reserved credit:  0
# TILE0 Pipeline: X  *  X 
# Stage 2 status:    Operation: L15_REQTYPE_ACKDT_IFILL
#    TILE0 S2 Address: 0x0000000000
#    TILE0 S2 Cache index:   0
# L15_MON_END
# 
# 35796000 TILE0 L1.5 th0: Sent CPX IFILL_RET   l2miss 0, nc 0, atomic 0, threadid 0, pf 0, f4b 0, iia 0, dia 0, dinval 0, iinval 0, invalway 0, blkinit 0
#    Data0: 0x6f00a05f6d7106e4
#    Data1: 0x0ae80eec12f016f4
#    Data2: 0x1af81efca2e0a6e4
#    Data3: 0xaae8aeecb2f0b6f4
# 
#             35796000 L15 TILE0:
# NoC1 credit:  8
# NoC1 reserved credit:  0
# TILE0 Pipeline: X  X  * 
# Stage 3 status:    Operation: L15_REQTYPE_ACKDT_IFILL
#    TILE0 S3 Address: 0x0000000000
# L15_MON_END
# 
# 35800000 TILE0 L1.5 th0: Received PCX PCX_REQTYPE_IFILL   Addr 0x0080000700, nc 0, size 6, invalall 0, pf 0, bs 0, bsi 0, l1way 0
#    Data: 0x0000000000000000
#    CSM HDID:    0, HD_SIZE:  0, SDID:    0, LSID:  0
#    CSM Data: 0x000000000
# 
#             35800000 L15 TILE0:
# NoC1 credit:  8
# NoC1 reserved credit:  0
# TILE0 Pipeline: *  X  X 
# Stage 1 status:    Operation: L15_REQTYPE_IFILL
#    TILE0 S1 Address: 0x0080000700
# L15_MON_END
# 
# 
#             35801000 L15 TILE0:
# NoC1 credit:  7
# NoC1 reserved credit:  0
# TILE0 Pipeline: X  *  X 
# Stage 2 status:    Operation: L15_REQTYPE_IFILL
#    TILE0 S2 Address: 0x0080000700
#    TILE0 S2 Cache index: 112
#    CSM op:  1
#       CSM read ticket: 0x1
# L15_MON_END
# 
#             35801000: TILE0 L15_CSM REQ MON:
# L15 CSM req addr: 0x0080000700
# L15 CSM req ticket: 1
# L15 CSM req type: 0
# L15 CSM req data: 0x00000000000000000000000000000000
# L15 CSM req pcx data: 0x000000000
# 
#             35802000 L15 TILE0:
# NoC1 credit:  7
# NoC1 reserved credit:  0
# TILE0 Pipeline: X  X  * 
# Stage 3 status:    Operation: L15_REQTYPE_IFILL
#    TILE0 S3 Address: 0x0080000700
# L15_MON_END
# 
#             35802000: TILE0 L15_CSM RES MON:
# L15 CSM res data: 0x0000000000000000
#             35803000
# TILE0 noc1 flit raw: 0x000000000087c040
#    srcX:   0, srcY:   0
#    destX:   0, destY:   0
#             35804000
# TILE0 noc1 flit raw: 0x0000800007000e00
#    srcX:   0, srcY:   0
#    destX:   0, destY:   0
#             35805000
# TILE0 noc1 flit raw: 0x0000000000000000
#    srcX:   0, srcY:   0
#    destX:   0, destY:   0
# 35805000 TILE0 L1.5: Sending NOC1                                   L15_NOC1_REQTYPE_IFILL_REQUEST   mshrid 1, nc 0, size 6, pf 0, address 80000700
#    Data0: 0x0000000000000000
#    Data1: 0x0000000000000000
#    Destination X:   0 Y:   0
# TILE0-------------------------------------
#             35809500
#             35809500 P1S1 msg type:     ld_req     addr: 0x0080000700, Data_size: 110, cache_type: 1
# P1S1 valid: stall: 0, stall_pre: 0, stall_hazard: 0, stall_mshr: 0, stall_msg: 0, stall_global: 0
# Control signals: 111
# CSM enable: 0
# Special addr type: 0
# Msg from mshr: 0
# P1S1 addr: 0x0080000700
# Mshr_addr: 0x1c
# Tag_addr: 0x1c
# Tag data in: 0x00000000000000000000000000
# Tag data mask in: 0x00000000000000000003ffffff
# State_rd_addr: 0x1c
# Msg data: 0x0000000000000000
# Msg length: 00000010
# src x: 00000000, src y: 00000000
# sdid:    0, lsid:  0
# TILE0-------------------------------------
#             35810500
#             35810500 P1S2 msg type:     ld_req     addr: 0x0080000700, Data_size: 110, cache_type: 1
# P1S2 valid: recycle: 0, stall: 0, stall_pre: 0, stall_real: 0, stall_load: 0, stall_msg: 0, stall_global: 0
# Control signals: 000001000110000000000000000
# CSM enable: 0
# Special addr type: 0
# Msg from mshr: 0
# P1S2 addr: 0x0080000700
# P1S2 valid: l2_way_sel: 00, l2_hit: 0, l2_evict: 0, l2_wb: 0
# State VD bits: 00 00 00 00
# State: rb: 00, lru: 0000, mesi: 00, vd: 00, subline: 0000, cache_type: 0, owner: 000000
# Msg data valid: 0
# Msg data ready: 0
# Msg data: 0x0000000000000000
# Return data: 0x0000000000000000
# State data: 0x00000000000000000
# Tag data: 0x00000000000000000000000000
# Dir addr: 0x070
# Dir data: 0xffffffffffffffff
# Dir data mask: 0x0000000000000001
# Data addr: 0x1c0
# Data data: 0x000000000000000000000000000000000000
# Data data mask: 0xffffffffffffffffffffffffffffffffffff
# State data in: 0x10080010002000400
# State data mask in: 0x00000000000000000
# src x: 00000000, src y: 00000000
# sdid:    0, lsid:  0
# TILE0-------------------------------------
#             35811500
#             35811500 P1S3 msg type:     ld_req     addr: 0x0080000700, Data_size: 110, cache_type: 1
# P1S3 valid: recycle: 0, stall: 0
# State wr en: 0
# Dir data: 0xxxxxxxxxxxxxxxxx
# CSM enable: 0
# Msg from mshr: 0
# P1S3 addr: 0x0080000700
# P1S3 valid: l2_hit: 0, l2_evict: 0
# Data data: 0xb1aae8aeecb2f0b6f4741af81efca2e0a6e4
# State:mesi: 00, vd: 00, subline: 0000, cache_type: 0, owner: 000000
# sdid:    0, lsid:  0
# TILE0-------------------------------------
#             35812500
#             35812500 P1S4 msg type:     ld_req     addr: 0x0080000700, Data_size: 110, cache_type: 1
# P1S4 valid: recycle: 0, stall: 0, msg_stall: 0, dir_data_stall: 0, stall_inv_counter: 0, stall_smc_buf: 0, smc_stall: 0, global_stall: 0, broadcast_stall: 0
# Control signals: 0100010011000011110
# CSM enable: 0
# broadcast coreid: (    0,   0,   0)
# broadcast state: 0, broadcast op val: 0
# Special addr type: 0
# MSHR state wr en: 1
# MSHR data wr en: 1
# MSHR data wr : 0x000000000000000000047f4040080000700
# MSHR inv counter :  0
# State wr en: 0
# Dir data: 0xxxxxxxxxxxxxxxxx
# Dir sharer counter:  1
# State data in: 0x00000000000000000
# State data mask in: 0x00000000000000000
# State wr addr: 0x1c
# Msg data: 0x0000000000000000
# SMC miss: 0
# SMC data out: 0x00000000
# SMC tag out: 0x0000
# SMC valid out: 0x0
# Msg send valid: 1, send ready: 1, mode: 100, length: 00000010
# Msg send type:      ld_mem    Msg send data_size: 110, cache_type: 0, mesi: 00, l2_miss: 1, mshrid: 00000000, subline_vector: 0000
# Msg from mshr: 0
# P1S4 addr: 0x0080000700
# P1S4 valid: l2_hit: 0, l2_evict: 0
# Data data: 0xb1aae8aeecb2f0b6f4741af81efca2e0a6e4
# State:mesi: 00, vd: 00, subline: 0000, cache_type: 0, owner: 000000
# Msg send: addr: 0x0080000700, dst_x: 00000000, dst_y: 00000000, dst_fbits: 0010
# Msg send data: 0xaae8aeecb2f0b6f41af81efca2e0a6e4
# src x: 00000000, src y: 00000000
# sdid:    0, lsid:  0
#             35813500
# TILE0 noc2 flit raw: 0x800000008084c008
#             35814500
# TILE0 noc2 flit raw: 0x0000800007000600
#             35815500
# TILE0 noc2 flit raw: 0x0000000000000000
# FakeMem: input: 800004008084c008            35882500
# FakeMem: input: 0000800007000600            35887500
# FakeMem: input: 0000000000000000            35892500
# MemRead: 0000000080000700 : c6ec1aeceff03fac
# MemRead: 0000000080000708 : a267238007002265
# MemRead: 0000000080000710 : a270019d02742561
# MemRead: 0000000080000718 : 8280317122f926f5
# MemRead: 0000000080000720 : 2a84ae8409452c00
# MemRead: 0000000080000728 : 4eed5ae106fd4af1
# MemRead: 0000000080000730 : 52e956e59309f104
# MemRead: 0000000080000738 : 0ae423008100a300
# FakeMem: output 0000000002060001            35902500
# FakeMem: output c6ec1aeceff03fac            35907500
# FakeMem: output a267238007002265            35912500
# FakeMem: output a270019d02742561            35932500
# FakeMem: output 8280317122f926f5            35937500
# FakeMem: output 2a84ae8409452c00            35942500
#             35949500
# TILE0 noc3 flit raw: 0x0000000002060001
# TILE0-------------------------------------
#             35950500
# P2S1 msg type:    ld_mem_ack  Data_size: 110, cache_type: 1, last_subline: 1
# P2S1 valid: stall: 0, stall_pre: 0, stall_hazard: 0
# Control signals: 100
# CSM enable: 0
# SMC miss: 0
# Msg from mshr: 1
# Msg length: 00001000
# P2S1 addr: 0x0080000700
# Mshr_rd_index: 000
# Tag_addr: 0x1c
# Tag_data_in: 0x00800000200000080000020000
# Tag_data_mask_in: 0x00000000000000000003ffffff
# State_rd_addr: 0x1c
# src x: 00000000, src y: 00000000
#             35953500
# TILE0 noc3 flit raw: 0xc6ec1aeceff03fac
# FakeMem: output 4eed5ae106fd4af1            35957500
#             35959500
# TILE0 noc3 flit raw: 0xa267238007002265
# TILE0-------------------------------------
#             35960500
# P2S2 msg type:    ld_mem_ack  Data_size: 110, cache_type: 1, last_subline: 1
# P2S2 valid: stall: 1, stall_real: 0, stall_load: 1
# Control signals: 1101000100011000000
# CSM enable: 0
# broadcast coreid: (    0,   0,   0)
# broadcast op val: 0
# SMC miss: 0
# Msg from mshr: 1
# P2S2 addr: 0x0080000700
# P2S2 valid: l2_way_sel: 00, l2_hit: 0, l2_wb: 0
# state: mesi: 00, vd: 00, subline: 0000, cache_type: 0, owner: 000000
# State data: 0x00000000000000000
# Tag data: 0x00000000000000000000000000
# Dir addr: 0x070
# Dir data: 0x0000000000000000
# Dir data mask: 0xffffffffffffffff
# Data addr: 0x1c0
# Data data: 0xc8a2672380070022651dc6ec1aeceff03fac
# Data data mask: 0xffffffffffffffffffffffffffffffffffff
# State data in: 0x1028005000a001400
# State data mask: 0x00000000000000000
# src x: 00000000, src y: 00000000
# FakeMem: output 52e956e59309f104            35962500
# FakeMem: output 0ae423008100a300            35967500
#             35973500
# TILE0 noc3 flit raw: 0xa270019d02742561
#             35979500
# TILE0 noc3 flit raw: 0x8280317122f926f5
# TILE0-------------------------------------
#             35980500
# P2S2 msg type:    ld_mem_ack  Data_size: 110, cache_type: 1, last_subline: 1
# P2S2 valid: stall: 1, stall_real: 0, stall_load: 1
# Control signals: 1101000100011000000
# CSM enable: 0
# broadcast coreid: (    0,   0,   0)
# broadcast op val: 0
# SMC miss: 0
# Msg from mshr: 1
# P2S2 addr: 0x0080000700
# P2S2 valid: l2_way_sel: 00, l2_hit: 0, l2_wb: 0
# state: mesi: 00, vd: 00, subline: 0000, cache_type: 0, owner: 000000
# State data: 0x00000000000000000
# Tag data: 0x00000000000000000000000000
# Dir addr: 0x070
# Dir data: 0x0000000000000000
# Dir data mask: 0xffffffffffffffff
# Data addr: 0x1c1
# Data data: 0xba8280317122f926f5fea270019d02742561
# Data data mask: 0xffffffffffffffffffffffffffffffffffff
# State data in: 0x1028005000a001400
# State data mask: 0x00000000000000000
# src x: 00000000, src y: 00000000
#             35985500
# TILE0 noc3 flit raw: 0x2a84ae8409452c00
#             35999500
# TILE0 noc3 flit raw: 0x4eed5ae106fd4af1
# TILE0-------------------------------------
#             36000500
# P2S2 msg type:    ld_mem_ack  Data_size: 110, cache_type: 1, last_subline: 1
# P2S2 valid: stall: 1, stall_real: 0, stall_load: 1
# Control signals: 1101000100011000000
# CSM enable: 0
# broadcast coreid: (    0,   0,   0)
# broadcast op val: 0
# SMC miss: 0
# Msg from mshr: 1
# P2S2 addr: 0x0080000700
# P2S2 valid: l2_way_sel: 00, l2_hit: 0, l2_wb: 0
# state: mesi: 00, vd: 00, subline: 0000, cache_type: 0, owner: 000000
# State data: 0x00000000000000000
# Tag data: 0x00000000000000000000000000
# Dir addr: 0x070
# Dir data: 0x0000000000000000
# Dir data mask: 0xffffffffffffffff
# Data addr: 0x1c2
# Data data: 0xa44eed5ae106fd4af1552a84ae8409452c00
# Data data mask: 0xffffffffffffffffffffffffffffffffffff
# State data in: 0x1028005000a001400
# State data mask: 0x00000000000000000
# src x: 00000000, src y: 00000000
#             36005500
# TILE0 noc3 flit raw: 0x52e956e59309f104
#             36011500
# TILE0 noc3 flit raw: 0x0ae423008100a300
# TILE0-------------------------------------
#             36012500
# P2S2 msg type:    ld_mem_ack  Data_size: 110, cache_type: 1, last_subline: 1
# P2S2 valid: stall: 0, stall_real: 0, stall_load: 0
# Control signals: 1101000100011000000
# CSM enable: 0
# broadcast coreid: (    0,   0,   0)
# broadcast op val: 0
# SMC miss: 0
# Msg from mshr: 1
# P2S2 addr: 0x0080000700
# P2S2 valid: l2_way_sel: 00, l2_hit: 0, l2_wb: 0
# state: mesi: 00, vd: 00, subline: 0000, cache_type: 0, owner: 000000
# State data: 0x00000000000000000
# Tag data: 0x00000000000000000000000000
# Dir addr: 0x070
# Dir data: 0x0000000000000000
# Dir data mask: 0xffffffffffffffff
# Data addr: 0x1c3
# Data data: 0x920ae423008100a3005752e956e59309f104
# Data data mask: 0xffffffffffffffffffffffffffffffffffff
# State data in: 0x1028005000a001400
# State data mask: 0x00000000000001bc0
# src x: 00000000, src y: 00000000
# TILE0-------------------------------------
#             36013500
# SMC miss: 0
# CSM enable: 0
# P2S3 State wr addr: 0x1c
# Mshr wr index: 000
# MSHR state wr en: 1
# MSHR inc inv counter en: 0
# State wr en: 1
# TILE0-------------------------------------
#             36014500
#             36014500 P1S1 msg type:     ld_req     addr: 0x0080000700, Data_size: 110, cache_type: 1
# P1S1 valid: stall: 0, stall_pre: 0, stall_hazard: 0, stall_mshr: 0, stall_msg: 0, stall_global: 0
# Control signals: 111
# CSM enable: 0
# Special addr type: 0
# Msg from mshr: 1
# P1S1 addr: 0x0080000700
# Mshr_addr: 0x00
# Tag_addr: 0x1c
# Tag data in: 0x00000000000000000000000000
# Tag data mask in: 0x00000000000000000003ffffff
# State_rd_addr: 0x1c
# Msg data: 0x0000000000000000
# Msg length: 00000100
# src x: 00000000, src y: 00000000
# sdid:    0, lsid:  0
# TILE0-------------------------------------
#             36015500
#             36015500 P1S2 msg type:     ld_req     addr: 0x0080000700, Data_size: 110, cache_type: 1
# P1S2 valid: recycle: 0, stall: 1, stall_pre: 0, stall_real: 0, stall_load: 1, stall_msg: 0, stall_global: 0
# Control signals: 000010001101001010100010111
# CSM enable: 0
# Special addr type: 0
# Msg from mshr: 1
# P1S2 addr: 0x0080000700
# P1S2 valid: l2_way_sel: 00, l2_hit: 1, l2_evict: 0, l2_wb: 0
# State VD bits: 00 00 00 10
# State: rb: 00, lru: 0000, mesi: 00, vd: 10, subline: 0000, cache_type: 0, owner: 000000
# Msg data valid: 0
# Msg data ready: 0
# Msg data: 0x0000000000000000
# Return data: 0x0000000000000000
# State data: 0x00000000000001000
# Tag data: 0x00000000000000000000020000
# Dir addr: 0x070
# Dir data: 0xffffffffffffffff
# Dir data mask: 0x0000000000000001
# Data addr: 0x1c0
# Data data: 0x000000000000000000000000000000000000
# Data data mask: 0xffffffffffffffffffffffffffffffffffff
# State data in: 0x114980930126024c0
# State data mask in: 0x0f0000000000067ff
# src x: 00000000, src y: 00000000
# sdid:    0, lsid:  0
# TILE0-------------------------------------
#             36016500
#             36016500 P1S2 msg type:     ld_req     addr: 0x0080000700, Data_size: 110, cache_type: 1
# P1S2 valid: recycle: 0, stall: 0, stall_pre: 0, stall_real: 0, stall_load: 0, stall_msg: 0, stall_global: 0
# Control signals: 000010001101001010100010111
# CSM enable: 0
# Special addr type: 0
# Msg from mshr: 1
# P1S2 addr: 0x0080000700
# P1S2 valid: l2_way_sel: 00, l2_hit: 1, l2_evict: 0, l2_wb: 0
# State VD bits: 00 00 00 10
# State: rb: 00, lru: 0000, mesi: 00, vd: 10, subline: 0000, cache_type: 0, owner: 000000
# Msg data valid: 0
# Msg data ready: 0
# Msg data: 0x0000000000000000
# Return data: 0x0000000000000000
# State data: 0x00000000000001000
# Tag data: 0x00000000000000000000020000
# Dir addr: 0x070
# Dir data: 0xffffffffffffffff
# Dir data mask: 0x0000000000000001
# Data addr: 0x1c1
# Data data: 0x000000000000000000000000000000000000
# Data data mask: 0xffffffffffffffffffffffffffffffffffff
# State data in: 0x114980930126024c0
# State data mask in: 0x0f0000000000067ff
# src x: 00000000, src y: 00000000
# sdid:    0, lsid:  0
# TILE0-------------------------------------
#             36016500
#             36016500 P1S3 msg type:     ld_req     addr: 0x0080000700, Data_size: 110, cache_type: 1
# P1S3 valid: recycle: 0, stall: 0
# State wr en: 0
# Dir data: 0xxxxxxxxxxxxxxxxx
# CSM enable: 0
# Msg from mshr: 1
# P1S3 addr: 0x0080000700
# P1S3 valid: l2_hit: 1, l2_evict: 0
# Data data: 0xc8a2672380070022651dc6ec1aeceff03fac
# State:mesi: 00, vd: 10, subline: 0000, cache_type: 0, owner: 000000
# sdid:    0, lsid:  0
# TILE0-------------------------------------
#             36017500
#             36017500 P1S3 msg type:     ld_req     addr: 0x0080000700, Data_size: 110, cache_type: 1
# P1S3 valid: recycle: 0, stall: 0
# State wr en: 1
# Dir data: 0xxxxxxxxxxxxxxxxx
# CSM enable: 0
# Msg from mshr: 1
# P1S3 addr: 0x0080000700
# P1S3 valid: l2_hit: 1, l2_evict: 0
# Data data: 0xba8280317122f926f5fea270019d02742561
# State:mesi: 00, vd: 10, subline: 0000, cache_type: 0, owner: 000000
# sdid:    0, lsid:  0
# TILE0-------------------------------------
#             36017500
#             36017500 P1S4 msg type:     ld_req     addr: 0x0080000700, Data_size: 110, cache_type: 1
# P1S4 valid: recycle: 0, stall: 0, msg_stall: 0, dir_data_stall: 0, stall_inv_counter: 0, stall_smc_buf: 0, smc_stall: 0, global_stall: 0, broadcast_stall: 0
# Control signals: 0100011101000011110
# CSM enable: 0
# broadcast coreid: (    0,   0,   0)
# broadcast state: 0, broadcast op val: 0
# Special addr type: 0
# MSHR state wr en: 0
# MSHR data wr en: 0
# MSHR data wr : 0x000000000000000000047f4040080000700
# MSHR inv counter :  0
# State wr en: 0
# Dir data: 0xxxxxxxxxxxxxxxxx
# Dir sharer counter:  1
# State data in: 0x010000000000024c0
# State data mask in: 0x0f0000000000067ff
# State wr addr: 0x1c
# Msg data: 0x0000000000000000
# SMC miss: 0
# SMC data out: 0x00000000
# SMC tag out: 0x0000
# SMC valid out: 0x0
# Msg send valid: 1, send ready: 1, mode: 011, length: 00000100
# Msg send type:     data_ack   Msg send data_size: 000, cache_type: 1, mesi: 01, l2_miss: 1, mshrid: 00000001, subline_vector: 0000
# Msg from mshr: 1
# P1S4 addr: 0x0080000700
# P1S4 valid: l2_hit: 1, l2_evict: 0
# Data data: 0xc8a2672380070022651dc6ec1aeceff03fac
# State:mesi: 00, vd: 10, subline: 0000, cache_type: 0, owner: 000000
# Msg send: addr: 0x0080000700, dst_x: 00000000, dst_y: 00000000, dst_fbits: 0000
# Msg send data: 0xa267238007002265c6ec1aeceff03fac
# src x: 00000000, src y: 00000000
# sdid:    0, lsid:  0
# TILE0-------------------------------------
#             36018500
#             36018500 P1S4 msg type:     ld_req     addr: 0x0080000700, Data_size: 110, cache_type: 1
# P1S4 valid: recycle: 0, stall: 0, msg_stall: 0, dir_data_stall: 0, stall_inv_counter: 0, stall_smc_buf: 0, smc_stall: 0, global_stall: 0, broadcast_stall: 0
# Control signals: 0100011101000011110
# CSM enable: 0
# broadcast coreid: (    0,   0,   0)
# broadcast state: 0, broadcast op val: 0
# Special addr type: 0
# MSHR state wr en: 0
# MSHR data wr en: 0
# MSHR data wr : 0x000000000000000000047f4040080000700
# MSHR inv counter :  0
# State wr en: 1
# Dir data: 0xxxxxxxxxxxxxxxxx
# Dir sharer counter:  1
# State data in: 0x010000000000024c0
# State data mask in: 0x0f0000000000067ff
# State wr addr: 0x1c
# Msg data: 0x0000000000000000
# SMC miss: 0
# SMC data out: 0x00000000
# SMC tag out: 0x0000
# SMC valid out: 0x0
# Msg send valid: 1, send ready: 1, mode: 111, length: 00000100
# Msg send type:     data_ack   Msg send data_size: 000, cache_type: 1, mesi: 01, l2_miss: 1, mshrid: 00000001, subline_vector: 0000
# Msg from mshr: 1
# P1S4 addr: 0x0080000700
# P1S4 valid: l2_hit: 1, l2_evict: 0
# Data data: 0xba8280317122f926f5fea270019d02742561
# State:mesi: 00, vd: 10, subline: 0000, cache_type: 0, owner: 000000
# Msg send: addr: 0x0080000700, dst_x: 00000000, dst_y: 00000000, dst_fbits: 0000
# Msg send data: 0x8280317122f926f5a270019d02742561
# src x: 00000000, src y: 00000000
# sdid:    0, lsid:  0
#             36018500
# TILE0 noc2 flit raw: 0x0000000001074058
#             36019500
# TILE0 noc2 flit raw: 0xc6ec1aeceff03fac
#             36020500
# TILE0 noc2 flit raw: 0xa267238007002265
#             36021500
# TILE0 noc2 flit raw: 0xa270019d02742561
#             36022500
# TILE0 noc2 flit raw: 0x8280317122f926f5
# 36026000 TILE0 L1.5: Received NOC2                                                MSG_TYPE_DATA_ACK   mshrid 1, l2miss 1, f4b 0, ackstate 1, address 0xec1aeceff0
#    Data1: 0xc6ec1aeceff03fac
#    Data2: 0xa267238007002265
#    Data3: 0xa270019d02742561
#    Data4: 0x8280317122f926f5
# 
#             36026000 L15 TILE0:
# NoC1 credit:  8
# NoC1 reserved credit:  0
# TILE0 Pipeline: *  X  X 
# Stage 1 status:    Operation: L15_REQTYPE_ACKDT_IFILL
#    TILE0 S1 Address: 0x0000000000
# L15_MON_END
# 
# 
#             36027000 L15 TILE0:
# NoC1 credit:  8
# NoC1 reserved credit:  0
# TILE0 Pipeline: X  *  X 
# Stage 2 status:    Operation: L15_REQTYPE_ACKDT_IFILL
#    TILE0 S2 Address: 0x0000000000
#    TILE0 S2 Cache index:   0
# L15_MON_END
# 
# 36028000 TILE0 L1.5 th0: Sent CPX IFILL_RET   l2miss 1, nc 0, atomic 0, threadid 0, pf 0, f4b 0, iia 0, dia 0, dinval 0, iinval 0, invalway 0, blkinit 0
#    Data0: 0xc6ec1aeceff03fac
#    Data1: 0xa267238007002265
#    Data2: 0xa270019d02742561
#    Data3: 0x8280317122f926f5
# 
#             36028000 L15 TILE0:
# NoC1 credit:  8
# NoC1 reserved credit:  0
# TILE0 Pipeline: X  X  * 
# Stage 3 status:    Operation: L15_REQTYPE_ACKDT_IFILL
#    TILE0 S3 Address: 0x0000000000
# L15_MON_END
# 
# 36033000 TILE0 L1.5 th0: Received PCX PCX_REQTYPE_IFILL   Addr 0x0080000720, nc 0, size 6, invalall 0, pf 0, bs 0, bsi 0, l1way 0
#    Data: 0x0000000000000000
#    CSM HDID:    0, HD_SIZE:  0, SDID:    0, LSID:  0
#    CSM Data: 0x000000000
# 
#             36033000 L15 TILE0:
# NoC1 credit:  8
# NoC1 reserved credit:  0
# TILE0 Pipeline: *  X  X 
# Stage 1 status:    Operation: L15_REQTYPE_IFILL
#    TILE0 S1 Address: 0x0080000720
# L15_MON_END
# 
# 
#             36034000 L15 TILE0:
# NoC1 credit:  7
# NoC1 reserved credit:  0
# TILE0 Pipeline: X  *  X 
# Stage 2 status:    Operation: L15_REQTYPE_IFILL
#    TILE0 S2 Address: 0x0080000720
#    TILE0 S2 Cache index: 114
#    CSM op:  1
#       CSM read ticket: 0x1
# L15_MON_END
# 
#             36034000: TILE0 L15_CSM REQ MON:
# L15 CSM req addr: 0x0080000720
# L15 CSM req ticket: 1
# L15 CSM req type: 0
# L15 CSM req data: 0x00000000000000000000000000000000
# L15 CSM req pcx data: 0x000000000
# 
#             36035000 L15 TILE0:
# NoC1 credit:  7
# NoC1 reserved credit:  0
# TILE0 Pipeline: X  X  * 
# Stage 3 status:    Operation: L15_REQTYPE_IFILL
#    TILE0 S3 Address: 0x0080000720
# L15_MON_END
# 
#             36035000: TILE0 L15_CSM RES MON:
# L15 CSM res data: 0x0000000000000000
#             36036000
# TILE0 noc1 flit raw: 0x000000000087c040
#    srcX:   0, srcY:   0
#    destX:   0, destY:   0
#             36037000
# TILE0 noc1 flit raw: 0x0000800007200e00
#    srcX:   0, srcY:   0
#    destX:   0, destY:   0
#             36038000
# TILE0 noc1 flit raw: 0x0000000000000000
#    srcX:   0, srcY:   0
#    destX:   0, destY:   0
# 36038000 TILE0 L1.5: Sending NOC1                                   L15_NOC1_REQTYPE_IFILL_REQUEST   mshrid 1, nc 0, size 6, pf 0, address 80000720
#    Data0: 0x0000000000000000
#    Data1: 0x0000000000000000
#    Destination X:   0 Y:   0
# 36040000 TILE0 L1.5 th0: Received PCX PCX_REQTYPE_STORE   Addr 0x0080020c30, nc 0, size 4, invalall 0, pf 0, bs 0, bsi 0, l1way 0
#    Data: 0x0000000000000000
#    CSM HDID:    0, HD_SIZE:  0, SDID:    0, LSID:  0
#    CSM Data: 0x000000000
# 
#             36040000 L15 TILE0:
# NoC1 credit:  8
# NoC1 reserved credit:  0
# TILE0 Pipeline: *  X  X 
# Stage 1 status:    Operation: L15_REQTYPE_STORE
#    TILE0 S1 Address: 0x0080020c30
# L15_MON_END
# 
# 36041000 TILE0 L1.5 th1: Received PCX PCX_REQTYPE_STORE   Addr 0x0080020c28, nc 0, size 4, invalall 0, pf 0, bs 0, bsi 0, l1way 0
#    Data: 0x0000000000000000
#    CSM HDID:    0, HD_SIZE:  0, SDID:    0, LSID:  0
#    CSM Data: 0x000000000
# 
#             36041000 L15 TILE0:
# NoC1 credit:  7
# NoC1 reserved credit:  0
# TILE0 Pipeline: *  *  X 
# Stage 1 status:    Operation: L15_REQTYPE_STORE
#    TILE0 S1 Address: 0x0080020c28
# Stage 2 status:    Operation: L15_REQTYPE_STORE
#    TILE0 S2 Address: 0x0080020c30
#    TILE0 S2 Cache index:  67
#    CSM op:  2
#       CSM read ticket: 0x3
#    DTAG way0 state: 0x0
#    DTAG way0 data: 0x0000000000000000
#    DTAG way1 state: 0x0
#    DTAG way1 data: 0x0000000000000000
#    DTAG way2 state: 0x0
#    DTAG way2 data: 0x0000000000000000
#    DTAG way3 state: 0x0
#    DTAG way3 data: 0x0000000000000000
# L15_MON_END
# 
#             36041000: TILE0 L15_CSM REQ MON:
# L15 CSM req addr: 0x0080020c30
# L15 CSM req ticket: 3
# L15 CSM req type: 0
# L15 CSM req data: 0x00000000000000000000000000000000
# L15 CSM req pcx data: 0x000000000
# 
#             36042000 L15 TILE0:
# NoC1 credit:  6
# NoC1 reserved credit:  0
# TILE0 Pipeline: X  *  * 
# Stage 2 status:    Operation: L15_REQTYPE_STORE
#    TILE0 S2 Address: 0x0080020c28
#    TILE0 S2 Cache index:  66
#    CSM op:  2
#       CSM read ticket: 0x7
#    DTAG way0 state: 0x0
#    DTAG way0 data: 0x0000000000000000
#    DTAG way1 state: 0x0
#    DTAG way1 data: 0x0000000000000000
#    DTAG way2 state: 0x0
#    DTAG way2 data: 0x0000000000000000
#    DTAG way3 state: 0x0
#    DTAG way3 data: 0x0000000000000000
# Stage 3 status:    Operation: L15_REQTYPE_STORE
#    TILE0 S3 Address: 0x0080020c30
#    TILE0 WMT read index: 43
#    WMT way          0: 0 0xx
#    WMT way          1: 0 0xx
#    WMT way          2: 0 0xx
#    WMT way          3: 0 0xx
# L15_MON_END
# 
#             36042000: TILE0 L15_CSM REQ MON:
# L15 CSM req addr: 0x0080020c28
# L15 CSM req ticket: 7
# L15 CSM req type: 0
# L15 CSM req data: 0x00000000000000000000000000000000
# L15 CSM req pcx data: 0x000000000
#             36042000: TILE0 L15_CSM RES MON:
# L15 CSM res data: 0x0000000000000000
# TILE0-------------------------------------
#             36042500
#             36042500 P1S1 msg type:     ld_req     addr: 0x0080000720, Data_size: 110, cache_type: 1
# P1S1 valid: stall: 0, stall_pre: 0, stall_hazard: 0, stall_mshr: 0, stall_msg: 0, stall_global: 0
# Control signals: 111
# CSM enable: 0
# Special addr type: 0
# Msg from mshr: 0
# P1S1 addr: 0x0080000720
# Mshr_addr: 0x1c
# Tag_addr: 0x1c
# Tag data in: 0x00000000000000000000000000
# Tag data mask in: 0x00000000000000000003ffffff
# State_rd_addr: 0x1c
# Msg data: 0x0000000000000000
# Msg length: 00000010
# src x: 00000000, src y: 00000000
# sdid:    0, lsid:  0
#             36043000
# TILE0 noc1 flit raw: 0x00000000008080c0
#    srcX:   0, srcY:   0
#    destX:   0, destY:   0
# 
#             36043000 L15 TILE0:
# NoC1 credit:  6
# NoC1 reserved credit:  1
# TILE0 Pipeline: X  X  * 
# Stage 3 status:    Operation: L15_REQTYPE_STORE
#    TILE0 S3 Address: 0x0080020c28
#    TILE0 WMT read index: 42
#    WMT way          0: 0 0xx
#    WMT way          1: 0 0xx
#    WMT way          2: 0 0xx
#    WMT way          3: 0 0xx
# L15_MON_END
# 
#             36043000: TILE0 L15_CSM RES MON:
# L15 CSM res data: 0x0000000000000000
# TILE0-------------------------------------
#             36043500
#             36043500 P1S2 msg type:     ld_req     addr: 0x0080000720, Data_size: 110, cache_type: 1
# P1S2 valid: recycle: 0, stall: 1, stall_pre: 0, stall_real: 0, stall_load: 1, stall_msg: 0, stall_global: 0
# Control signals: 000010001100001010000000011
# CSM enable: 0
# Special addr type: 0
# Msg from mshr: 0
# P1S2 addr: 0x0080000720
# P1S2 valid: l2_way_sel: 00, l2_hit: 1, l2_evict: 0, l2_wb: 0
# State VD bits: 00 00 00 10
# State: rb: 00, lru: 0001, mesi: 01, vd: 10, subline: 0011, cache_type: 1, owner: 000000
# Msg data valid: 0
# Msg data ready: 0
# Msg data: 0x0000000000000000
# Return data: 0x0000000000000000
# State data: 0x010000000000034c0
# Tag data: 0x00000000000000000000020000
# Dir addr: 0x070
# Dir data: 0xffffffffffffffff
# Dir data mask: 0x0000000000000001
# Data addr: 0x1c2
# Data data: 0x000000000000000000000000000000000000
# Data data mask: 0xffffffffffffffffffffffffffffffffffff
# State data in: 0x114f809f013e027c0
# State data mask in: 0x0f0000000000003c0
# src x: 00000000, src y: 00000000
# sdid:    0, lsid:  0
#             36044000
# TILE0 noc1 flit raw: 0x000080020c300400
#    srcX:   0, srcY:   0
#    destX:   0, destY:   0
# TILE0-------------------------------------
#             36044500
#             36044500 P1S2 msg type:     ld_req     addr: 0x0080000720, Data_size: 110, cache_type: 1
# P1S2 valid: recycle: 0, stall: 0, stall_pre: 0, stall_real: 0, stall_load: 0, stall_msg: 0, stall_global: 0
# Control signals: 000010001100001010000000011
# CSM enable: 0
# Special addr type: 0
# Msg from mshr: 0
# P1S2 addr: 0x0080000720
# P1S2 valid: l2_way_sel: 00, l2_hit: 1, l2_evict: 0, l2_wb: 0
# State VD bits: 00 00 00 10
# State: rb: 00, lru: 0001, mesi: 01, vd: 10, subline: 0011, cache_type: 1, owner: 000000
# Msg data valid: 0
# Msg data ready: 0
# Msg data: 0x0000000000000000
# Return data: 0x0000000000000000
# State data: 0x010000000000034c0
# Tag data: 0x00000000000000000000020000
# Dir addr: 0x070
# Dir data: 0xffffffffffffffff
# Dir data mask: 0x0000000000000001
# Data addr: 0x1c3
# Data data: 0x000000000000000000000000000000000000
# Data data mask: 0xffffffffffffffffffffffffffffffffffff
# State data in: 0x114f809f013e027c0
# State data mask in: 0x0f0000000000003c0
# src x: 00000000, src y: 00000000
# sdid:    0, lsid:  0
# TILE0-------------------------------------
#             36044500
#             36044500 P1S3 msg type:     ld_req     addr: 0x0080000720, Data_size: 110, cache_type: 1
# P1S3 valid: recycle: 0, stall: 0
# State wr en: 0
# Dir data: 0xxxxxxxxxxxxxxxxx
# CSM enable: 0
# Msg from mshr: 0
# P1S3 addr: 0x0080000720
# P1S3 valid: l2_hit: 1, l2_evict: 0
# Data data: 0xa44eed5ae106fd4af1552a84ae8409452c00
# State:mesi: 01, vd: 10, subline: 0011, cache_type: 1, owner: 000000
# sdid:    0, lsid:  0
#             36045000
# TILE0 noc1 flit raw: 0x0000000000000000
#    srcX:   0, srcY:   0
#    destX:   0, destY:   0
# 36045000 TILE0 L1.5: Sending NOC1                                 L15_NOC1_REQTYPE_ST_FILL_REQUEST   mshrid 3, nc 0, size 4, pf 0, address 80020c30
#    Data0: 0x0000000000000000
#    Data1: 0x0000000000000000
#    Destination X:   0 Y:   0
# TILE0-------------------------------------
#             36045500
#             36045500 P1S3 msg type:     ld_req     addr: 0x0080000720, Data_size: 110, cache_type: 1
# P1S3 valid: recycle: 0, stall: 0
# State wr en: 1
# Dir data: 0xxxxxxxxxxxxxxxxx
# CSM enable: 0
# Msg from mshr: 0
# P1S3 addr: 0x0080000720
# P1S3 valid: l2_hit: 1, l2_evict: 0
# Data data: 0x920ae423008100a3005752e956e59309f104
# State:mesi: 01, vd: 10, subline: 0011, cache_type: 1, owner: 000000
# sdid:    0, lsid:  0
# TILE0-------------------------------------
#             36045500
#             36045500 P1S4 msg type:     ld_req     addr: 0x0080000720, Data_size: 110, cache_type: 1
# P1S4 valid: recycle: 0, stall: 0, msg_stall: 0, dir_data_stall: 0, stall_inv_counter: 0, stall_smc_buf: 0, smc_stall: 0, global_stall: 0, broadcast_stall: 0
# Control signals: 0100011101000011110
# CSM enable: 0
# broadcast coreid: (    0,   0,   0)
# broadcast state: 0, broadcast op val: 0
# Special addr type: 0
# MSHR state wr en: 0
# MSHR data wr en: 0
# MSHR data wr : 0x000000000000000000007f4040080000720
# MSHR inv counter :  0
# State wr en: 0
# Dir data: 0xxxxxxxxxxxxxxxxx
# Dir sharer counter:  1
# State data in: 0x010000000000003c0
# State data mask in: 0x0f0000000000003c0
# State wr addr: 0x1c
# Msg data: 0x0000000000000000
# SMC miss: 0
# SMC data out: 0x00000000
# SMC tag out: 0x0000
# SMC valid out: 0x0
# Msg send valid: 1, send ready: 1, mode: 011, length: 00000100
# Msg send type:     data_ack   Msg send data_size: 000, cache_type: 1, mesi: 01, l2_miss: 0, mshrid: 00000001, subline_vector: 0011
# Msg from mshr: 0
# P1S4 addr: 0x0080000720
# P1S4 valid: l2_hit: 1, l2_evict: 0
# Data data: 0xa44eed5ae106fd4af1552a84ae8409452c00
# State:mesi: 01, vd: 10, subline: 0011, cache_type: 1, owner: 000000
# Msg send: addr: 0x0080000720, dst_x: 00000000, dst_y: 00000000, dst_fbits: 0000
# Msg send data: 0x4eed5ae106fd4af12a84ae8409452c00
# src x: 00000000, src y: 00000000
# sdid:    0, lsid:  0
#             36046000
# TILE0 noc1 flit raw: 0x00000000008081c0
#    srcX:   0, srcY:   0
#    destX:   0, destY:   0
# TILE0-------------------------------------
#             36046500
#             36046500 P1S4 msg type:     ld_req     addr: 0x0080000720, Data_size: 110, cache_type: 1
# P1S4 valid: recycle: 0, stall: 0, msg_stall: 0, dir_data_stall: 0, stall_inv_counter: 0, stall_smc_buf: 0, smc_stall: 0, global_stall: 0, broadcast_stall: 0
# Control signals: 0100011101000011110
# CSM enable: 0
# broadcast coreid: (    0,   0,   0)
# broadcast state: 0, broadcast op val: 0
# Special addr type: 0
# MSHR state wr en: 0
# MSHR data wr en: 0
# MSHR data wr : 0x000000000000000000007f4040080000720
# MSHR inv counter :  0
# State wr en: 1
# Dir data: 0xxxxxxxxxxxxxxxxx
# Dir sharer counter:  1
# State data in: 0x010000000000003c0
# State data mask in: 0x0f0000000000003c0
# State wr addr: 0x1c
# Msg data: 0x0000000000000000
# SMC miss: 0
# SMC data out: 0x00000000
# SMC tag out: 0x0000
# SMC valid out: 0x0
# Msg send valid: 1, send ready: 1, mode: 111, length: 00000100
# Msg send type:     data_ack   Msg send data_size: 000, cache_type: 1, mesi: 01, l2_miss: 0, mshrid: 00000001, subline_vector: 0011
# Msg from mshr: 0
# P1S4 addr: 0x0080000720
# P1S4 valid: l2_hit: 1, l2_evict: 0
# Data data: 0x920ae423008100a3005752e956e59309f104
# State:mesi: 01, vd: 10, subline: 0011, cache_type: 1, owner: 000000
# Msg send: addr: 0x0080000720, dst_x: 00000000, dst_y: 00000000, dst_fbits: 0000
# Msg send data: 0x0ae423008100a30052e956e59309f104
# src x: 00000000, src y: 00000000
# sdid:    0, lsid:  0
#             36046500
# TILE0 noc2 flit raw: 0x0000000001074050
#             36047000
# TILE0 noc1 flit raw: 0x000080020c280400
#    srcX:   0, srcY:   0
#    destX:   0, destY:   0
#             36047500
# TILE0 noc2 flit raw: 0x2a84ae8409452c00
#             36048000
# TILE0 noc1 flit raw: 0x0000000000000000
#    srcX:   0, srcY:   0
#    destX:   0, destY:   0
# 36048000 TILE0 L1.5: Sending NOC1                                 L15_NOC1_REQTYPE_ST_FILL_REQUEST   mshrid 3, nc 0, size 4, pf 0, address 80020c28
#    Data0: 0x0000000000000000
#    Data1: 0x0000000000000000
#    Destination X:   0 Y:   0
#             36048500
# TILE0 noc2 flit raw: 0x4eed5ae106fd4af1
# TILE0-------------------------------------
#             36049500
#             36049500 P1S1 msg type:     st_req     addr: 0x0080020c30, Data_size: 100, cache_type: 0
# P1S1 valid: stall: 0, stall_pre: 0, stall_hazard: 0, stall_mshr: 0, stall_msg: 0, stall_global: 0
# Control signals: 111
# CSM enable: 0
# Special addr type: 0
# Msg from mshr: 0
# P1S1 addr: 0x0080020c30
# Mshr_addr: 0x30
# Tag_addr: 0x30
# Tag data in: 0x00000000000000000000000000
# Tag data mask in: 0x00000000000000000003ffffff
# State_rd_addr: 0x30
# Msg data: 0x0000000000000000
# Msg length: 00000010
# src x: 00000000, src y: 00000000
# sdid:    0, lsid:  0
#             36049500
# TILE0 noc2 flit raw: 0x52e956e59309f104
# TILE0-------------------------------------
#             36050500
#             36050500 P1S2 msg type:     st_req     addr: 0x0080020c30, Data_size: 100, cache_type: 0
# P1S2 valid: recycle: 0, stall: 0, stall_pre: 0, stall_real: 0, stall_load: 0, stall_msg: 0, stall_global: 0
# Control signals: 000001000110000000000000000
# CSM enable: 0
# Special addr type: 0
# Msg from mshr: 0
# P1S2 addr: 0x0080020c30
# P1S2 valid: l2_way_sel: 00, l2_hit: 0, l2_evict: 0, l2_wb: 0
# State VD bits: 00 00 00 00
# State: rb: 00, lru: 0000, mesi: 00, vd: 00, subline: 0000, cache_type: 0, owner: 000000
# Msg data valid: 0
# Msg data ready: 0
# Msg data: 0x0000000000000000
# Return data: 0x0000000000000000
# State data: 0x00000000000000000
# Tag data: 0x00000000000000000000000000
# Dir addr: 0x0c0
# Dir data: 0xffffffffffffffff
# Dir data mask: 0x0000000000000001
# Data addr: 0x303
# Data data: 0x000000000000000000000000000000000000
# Data data mask: 0x000000000000000000ffffffffffffffffff
# State data in: 0x10000000000000000
# State data mask in: 0x00000000000000000
# src x: 00000000, src y: 00000000
# sdid:    0, lsid:  0
#             36050500
# TILE0 noc2 flit raw: 0x0ae423008100a300
# TILE0-------------------------------------
#             36051500
#             36051500 P1S3 msg type:     st_req     addr: 0x0080020c30, Data_size: 100, cache_type: 0
# P1S3 valid: recycle: 0, stall: 0
# State wr en: 0
# Dir data: 0xxxxxxxxxxxxxxxxx
# CSM enable: 0
# Msg from mshr: 0
# P1S3 addr: 0x0080020c30
# P1S3 valid: l2_hit: 0, l2_evict: 0
# Data data: 0x920ae423008100a3005752e956e59309f104
# State:mesi: 00, vd: 00, subline: 0000, cache_type: 0, owner: 000000
# sdid:    0, lsid:  0
# TILE0-------------------------------------
#             36052500
#             36052500 P1S4 msg type:     st_req     addr: 0x0080020c30, Data_size: 100, cache_type: 0
# P1S4 valid: recycle: 0, stall: 0, msg_stall: 0, dir_data_stall: 0, stall_inv_counter: 0, stall_smc_buf: 0, smc_stall: 0, global_stall: 0, broadcast_stall: 0
# Control signals: 0100010011000011110
# CSM enable: 0
# broadcast coreid: (    0,   0,   0)
# broadcast state: 0, broadcast op val: 0
# Special addr type: 0
# MSHR state wr en: 1
# MSHR data wr en: 1
# MSHR data wr : 0x000000000000000000040a00c0080020c30
# MSHR inv counter :  0
# State wr en: 0
# Dir data: 0xxxxxxxxxxxxxxxxx
# Dir sharer counter:  1
# State data in: 0x00000000000000000
# State data mask in: 0x00000000000000000
# State wr addr: 0x30
# Msg data: 0x0000000000000000
# SMC miss: 0
# SMC data out: 0x00000000
# SMC tag out: 0x0000
# SMC valid out: 0x0
# Msg send valid: 1, send ready: 1, mode: 100, length: 00000010
# Msg send type:      ld_mem    Msg send data_size: 100, cache_type: 0, mesi: 00, l2_miss: 1, mshrid: 00000000, subline_vector: 0000
# Msg from mshr: 0
# P1S4 addr: 0x0080020c30
# P1S4 valid: l2_hit: 0, l2_evict: 0
# Data data: 0x920ae423008100a3005752e956e59309f104
# State:mesi: 00, vd: 00, subline: 0000, cache_type: 0, owner: 000000
# Msg send: addr: 0x0080020c30, dst_x: 00000000, dst_y: 00000000, dst_fbits: 0010
# Msg send data: 0x0ae423008100a30052e956e59309f104
# src x: 00000000, src y: 00000000
# sdid:    0, lsid:  0
#             36053500
# TILE0 noc2 flit raw: 0x800000008084c008
# 36054000 TILE0 L1.5: Received NOC2                                                MSG_TYPE_DATA_ACK   mshrid 1, l2miss 0, f4b 0, ackstate 1, address 0x84ae840945
#    Data1: 0x2a84ae8409452c00
#    Data2: 0x4eed5ae106fd4af1
#    Data3: 0x52e956e59309f104
#    Data4: 0x0ae423008100a300
# 
#             36054000 L15 TILE0:
# NoC1 credit:  8
# NoC1 reserved credit:  2
# TILE0 Pipeline: *  X  X 
# Stage 1 status:    Operation: L15_REQTYPE_ACKDT_IFILL
#    TILE0 S1 Address: 0x0000000000
# L15_MON_END
# 
#             36054500
# TILE0 noc2 flit raw: 0x000080020c300400
# 
#             36055000 L15 TILE0:
# NoC1 credit:  8
# NoC1 reserved credit:  2
# TILE0 Pipeline: X  *  X 
# Stage 2 status:    Operation: L15_REQTYPE_ACKDT_IFILL
#    TILE0 S2 Address: 0x0000000000
#    TILE0 S2 Cache index:   0
# L15_MON_END
# 
#             36055500
# TILE0 noc2 flit raw: 0x0000000000000000
# 36056000 TILE0 L1.5 th0: Sent CPX IFILL_RET   l2miss 0, nc 0, atomic 0, threadid 0, pf 0, f4b 0, iia 0, dia 0, dinval 0, iinval 0, invalway 0, blkinit 0
#    Data0: 0x2a84ae8409452c00
#    Data1: 0x4eed5ae106fd4af1
#    Data2: 0x52e956e59309f104
#    Data3: 0x0ae423008100a300
# 
#             36056000 L15 TILE0:
# NoC1 credit:  8
# NoC1 reserved credit:  2
# TILE0 Pipeline: X  X  * 
# Stage 3 status:    Operation: L15_REQTYPE_ACKDT_IFILL
#    TILE0 S3 Address: 0x0000000000
# L15_MON_END
# 
# 36067000 TILE0 L1.5 th0: Received PCX PCX_REQTYPE_IFILL   Addr 0x0080000740, nc 0, size 6, invalall 0, pf 0, bs 0, bsi 0, l1way 0
#    Data: 0x0000000000000000
#    CSM HDID:    0, HD_SIZE:  0, SDID:    0, LSID:  0
#    CSM Data: 0x000000000
# 
#             36067000 L15 TILE0:
# NoC1 credit:  8
# NoC1 reserved credit:  2
# TILE0 Pipeline: *  X  X 
# Stage 1 status:    Operation: L15_REQTYPE_IFILL
#    TILE0 S1 Address: 0x0080000740
# L15_MON_END
# 
# 
#             36068000 L15 TILE0:
# NoC1 credit:  7
# NoC1 reserved credit:  2
# TILE0 Pipeline: X  *  X 
# Stage 2 status:    Operation: L15_REQTYPE_IFILL
#    TILE0 S2 Address: 0x0080000740
#    TILE0 S2 Cache index: 116
#    CSM op:  1
#       CSM read ticket: 0x1
# L15_MON_END
# 
#             36068000: TILE0 L15_CSM REQ MON:
# L15 CSM req addr: 0x0080000740
# L15 CSM req ticket: 1
# L15 CSM req type: 0
# L15 CSM req data: 0x00000000000000000000000000000000
# L15 CSM req pcx data: 0x000000000
# 
#             36069000 L15 TILE0:
# NoC1 credit:  7
# NoC1 reserved credit:  2
# TILE0 Pipeline: X  X  * 
# Stage 3 status:    Operation: L15_REQTYPE_IFILL
#    TILE0 S3 Address: 0x0080000740
# L15_MON_END
# 
#             36069000: TILE0 L15_CSM RES MON:
# L15 CSM res data: 0x0000000000000000
#             36070000
# TILE0 noc1 flit raw: 0x000000000087c040
#    srcX:   0, srcY:   0
#    destX:   0, destY:   0
#             36071000
# TILE0 noc1 flit raw: 0x0000800007400e00
#    srcX:   0, srcY:   0
#    destX:   0, destY:   0
#             36072000
# TILE0 noc1 flit raw: 0x0000000000000000
#    srcX:   0, srcY:   0
#    destX:   0, destY:   0
# 36072000 TILE0 L1.5: Sending NOC1                                   L15_NOC1_REQTYPE_IFILL_REQUEST   mshrid 1, nc 0, size 6, pf 0, address 80000740
#    Data0: 0x0000000000000000
#    Data1: 0x0000000000000000
#    Destination X:   0 Y:   0
# FakeMem: input: 800004008084c008            36122500
# FakeMem: input: 000080020c300400            36127500
# FakeMem: input: 0000000000000000            36132500
# MemRead: 0000000080020c00 : 0000000000000000
# MemRead: 0000000080020c08 : 0000000000000000
# MemRead: 0000000080020c10 : 0000000000000000
# MemRead: 0000000080020c18 : 0000000000000000
# MemRead: 0000000080020c20 : 0000000000000000
# MemRead: 0000000080020c28 : 0000000000000000
# MemRead: 0000000080020c30 : 0000000000000000
# MemRead: 0000000080020c38 : 0000000000000000
# FakeMem: output 0000000002060001            36142500
# FakeMem: output 0000000000000000            36147500
# FakeMem: output 0000000000000000            36152500
# FakeMem: output 0000000000000000            36172500
# FakeMem: output 0000000000000000            36177500
# FakeMem: output 0000000000000000            36182500
#             36189500
# TILE0 noc3 flit raw: 0x0000000002060001
# TILE0-------------------------------------
#             36190500
# P2S1 msg type:    ld_mem_ack  Data_size: 100, cache_type: 0, last_subline: 1
# P2S1 valid: stall: 0, stall_pre: 0, stall_hazard: 0
# Control signals: 100
# CSM enable: 0
# SMC miss: 0
# Msg from mshr: 1
# Msg length: 00001000
# P2S1 addr: 0x0080020c00
# Mshr_rd_index: 000
# Tag_addr: 0x30
# Tag_data_in: 0x00800200200080080020020008
# Tag_data_mask_in: 0x00000000000000000003ffffff
# State_rd_addr: 0x30
# src x: 00000000, src y: 00000000
#             36193500
# TILE0 noc3 flit raw: 0x0000000000000000
# FakeMem: output 0000000000000000            36197500
#             36199500
# TILE0 noc3 flit raw: 0x0000000000000000
# TILE0-------------------------------------
#             36200500
# P2S2 msg type:    ld_mem_ack  Data_size: 100, cache_type: 0, last_subline: 1
# P2S2 valid: stall: 1, stall_real: 0, stall_load: 1
# Control signals: 1101000100011000000
# CSM enable: 0
# broadcast coreid: (    0,   0,   0)
# broadcast op val: 0
# SMC miss: 0
# Msg from mshr: 1
# P2S2 addr: 0x0080020c00
# P2S2 valid: l2_way_sel: 00, l2_hit: 0, l2_wb: 0
# state: mesi: 00, vd: 00, subline: 0000, cache_type: 0, owner: 000000
# State data: 0x00000000000000000
# Tag data: 0x00000000000000000000020008
# Dir addr: 0x0c0
# Dir data: 0x0000000000000000
# Dir data mask: 0xffffffffffffffff
# Data addr: 0x300
# Data data: 0x000000000000000000000000000000000000
# Data data mask: 0xffffffffffffffffffffffffffffffffffff
# State data in: 0x10200040008001000
# State data mask: 0x00000000000000000
# src x: 00000000, src y: 00000000
# FakeMem: output 0000000000000000            36202500
# FakeMem: output 0000000000000000            36207500
#             36213500
# TILE0 noc3 flit raw: 0x0000000000000000
#             36219500
# TILE0 noc3 flit raw: 0x0000000000000000
# TILE0-------------------------------------
#             36220500
# P2S2 msg type:    ld_mem_ack  Data_size: 100, cache_type: 0, last_subline: 1
# P2S2 valid: stall: 1, stall_real: 0, stall_load: 1
# Control signals: 1101000100011000000
# CSM enable: 0
# broadcast coreid: (    0,   0,   0)
# broadcast op val: 0
# SMC miss: 0
# Msg from mshr: 1
# P2S2 addr: 0x0080020c00
# P2S2 valid: l2_way_sel: 00, l2_hit: 0, l2_wb: 0
# state: mesi: 00, vd: 00, subline: 0000, cache_type: 0, owner: 000000
# State data: 0x00000000000000000
# Tag data: 0x00000000000000000000020008
# Dir addr: 0x0c0
# Dir data: 0x0000000000000000
# Dir data mask: 0xffffffffffffffff
# Data addr: 0x301
# Data data: 0x000000000000000000000000000000000000
# Data data mask: 0xffffffffffffffffffffffffffffffffffff
# State data in: 0x10200040008001000
# State data mask: 0x00000000000000000
# src x: 00000000, src y: 00000000
#             36225500
# TILE0 noc3 flit raw: 0x0000000000000000
#             36239500
# TILE0 noc3 flit raw: 0x0000000000000000
# TILE0-------------------------------------
#             36240500
# P2S2 msg type:    ld_mem_ack  Data_size: 100, cache_type: 0, last_subline: 1
# P2S2 valid: stall: 1, stall_real: 0, stall_load: 1
# Control signals: 1101000100011000000
# CSM enable: 0
# broadcast coreid: (    0,   0,   0)
# broadcast op val: 0
# SMC miss: 0
# Msg from mshr: 1
# P2S2 addr: 0x0080020c00
# P2S2 valid: l2_way_sel: 00, l2_hit: 0, l2_wb: 0
# state: mesi: 00, vd: 00, subline: 0000, cache_type: 0, owner: 000000
# State data: 0x00000000000000000
# Tag data: 0x00000000000000000000020008
# Dir addr: 0x0c0
# Dir data: 0x0000000000000000
# Dir data mask: 0xffffffffffffffff
# Data addr: 0x302
# Data data: 0x000000000000000000000000000000000000
# Data data mask: 0xffffffffffffffffffffffffffffffffffff
# State data in: 0x10200040008001000
# State data mask: 0x00000000000000000
# src x: 00000000, src y: 00000000
#             36245500
# TILE0 noc3 flit raw: 0x0000000000000000
#             36251500
# TILE0 noc3 flit raw: 0x0000000000000000
# TILE0-------------------------------------
#             36252500
# P2S2 msg type:    ld_mem_ack  Data_size: 100, cache_type: 0, last_subline: 1
# P2S2 valid: stall: 0, stall_real: 0, stall_load: 0
# Control signals: 1101000100011000000
# CSM enable: 0
# broadcast coreid: (    0,   0,   0)
# broadcast op val: 0
# SMC miss: 0
# Msg from mshr: 1
# P2S2 addr: 0x0080020c00
# P2S2 valid: l2_way_sel: 00, l2_hit: 0, l2_wb: 0
# state: mesi: 00, vd: 00, subline: 0000, cache_type: 0, owner: 000000
# State data: 0x00000000000000000
# Tag data: 0x00000000000000000000020008
# Dir addr: 0x0c0
# Dir data: 0x0000000000000000
# Dir data mask: 0xffffffffffffffff
# Data addr: 0x303
# Data data: 0x000000000000000000000000000000000000
# Data data mask: 0xffffffffffffffffffffffffffffffffffff
# State data in: 0x10200040008001000
# State data mask: 0x00000000000001bc0
# src x: 00000000, src y: 00000000
# TILE0-------------------------------------
#             36253500
# SMC miss: 0
# CSM enable: 0
# P2S3 State wr addr: 0x30
# Mshr wr index: 000
# MSHR state wr en: 1
# MSHR inc inv counter en: 0
# State wr en: 1
# TILE0-------------------------------------
#             36254500
#             36254500 P1S1 msg type:     st_req     addr: 0x0080020c30, Data_size: 100, cache_type: 0
# P1S1 valid: stall: 0, stall_pre: 0, stall_hazard: 0, stall_mshr: 0, stall_msg: 0, stall_global: 0
# Control signals: 111
# CSM enable: 0
# Special addr type: 0
# Msg from mshr: 1
# P1S1 addr: 0x0080020c30
# Mshr_addr: 0x00
# Tag_addr: 0x30
# Tag data in: 0x00000000000000000000000000
# Tag data mask in: 0x00000000000000000003ffffff
# State_rd_addr: 0x30
# Msg data: 0x0000000000000000
# Msg length: 00000010
# src x: 00000000, src y: 00000000
# sdid:    0, lsid:  0
# TILE0-------------------------------------
#             36255500
#             36255500 P1S2 msg type:     st_req     addr: 0x0080020c30, Data_size: 100, cache_type: 0
# P1S2 valid: recycle: 0, stall: 0, stall_pre: 0, stall_real: 0, stall_load: 0, stall_msg: 0, stall_global: 0
# Control signals: 000001001101011010100011011
# CSM enable: 0
# Special addr type: 0
# Msg from mshr: 1
# P1S2 addr: 0x0080020c30
# P1S2 valid: l2_way_sel: 00, l2_hit: 1, l2_evict: 0, l2_wb: 0
# State VD bits: 00 00 00 10
# State: rb: 00, lru: 0000, mesi: 00, vd: 10, subline: 0000, cache_type: 0, owner: 000000
# Msg data valid: 0
# Msg data ready: 0
# Msg data: 0x0000000000000000
# Return data: 0x0000000000000000
# State data: 0x00000000000001000
# Tag data: 0x00000000000000000000020008
# Dir addr: 0x0c0
# Dir data: 0xffffffffffffffff
# Dir data mask: 0x0000000000000001
# Data addr: 0x303
# Data data: 0x000000000000000000000000000000000000
# Data data mask: 0x000000000000000000ffffffffffffffffff
# State data in: 0x11840108021004200
# State data mask in: 0x0f0000000000067ff
# src x: 00000000, src y: 00000000
# sdid:    0, lsid:  0
# TILE0-------------------------------------
#             36256500
#             36256500 P1S3 msg type:     st_req     addr: 0x0080020c30, Data_size: 100, cache_type: 0
# P1S3 valid: recycle: 0, stall: 0
# State wr en: 1
# Dir data: 0xxxxxxxxxxxxxxxxx
# CSM enable: 0
# Msg from mshr: 1
# P1S3 addr: 0x0080020c30
# P1S3 valid: l2_hit: 1, l2_evict: 0
# Data data: 0x000000000000000000000000000000000000
# State:mesi: 00, vd: 10, subline: 0000, cache_type: 0, owner: 000000
# sdid:    0, lsid:  0
# TILE0-------------------------------------
#             36257500
#             36257500 P1S4 msg type:     st_req     addr: 0x0080020c30, Data_size: 100, cache_type: 0
# P1S4 valid: recycle: 0, stall: 0, msg_stall: 0, dir_data_stall: 0, stall_inv_counter: 0, stall_smc_buf: 0, smc_stall: 0, global_stall: 0, broadcast_stall: 0
# Control signals: 0100011101000011110
# CSM enable: 0
# broadcast coreid: (    0,   0,   0)
# broadcast state: 0, broadcast op val: 0
# Special addr type: 0
# MSHR state wr en: 0
# MSHR data wr en: 0
# MSHR data wr : 0x000000000000000000040a00c0080020c30
# MSHR inv counter :  0
# State wr en: 1
# Dir data: 0xxxxxxxxxxxxxxxxx
# Dir sharer counter:  1
# State data in: 0x01000000000004200
# State data mask in: 0x0f0000000000067ff
# State wr addr: 0x30
# Msg data: 0x0000000000000000
# SMC miss: 0
# SMC data out: 0x00000000
# SMC tag out: 0x0000
# SMC valid out: 0x0
# Msg send valid: 1, send ready: 1, mode: 011, length: 00000010
# Msg send type:     data_ack   Msg send data_size: 000, cache_type: 0, mesi: 11, l2_miss: 1, mshrid: 00000011, subline_vector: 0000
# Msg from mshr: 1
# P1S4 addr: 0x0080020c30
# P1S4 valid: l2_hit: 1, l2_evict: 0
# Data data: 0x000000000000000000000000000000000000
# State:mesi: 00, vd: 10, subline: 0000, cache_type: 0, owner: 000000
# Msg send: addr: 0x0080020c30, dst_x: 00000000, dst_y: 00000000, dst_fbits: 0000
# Msg send data: 0x00000000000000000000000000000000
# src x: 00000000, src y: 00000000
# sdid:    0, lsid:  0
# TILE0-------------------------------------
#             36258500
#             36258500 P1S1 msg type:     st_req     addr: 0x0080020c28, Data_size: 100, cache_type: 0
# P1S1 valid: stall: 0, stall_pre: 0, stall_hazard: 0, stall_mshr: 0, stall_msg: 0, stall_global: 0
# Control signals: 111
# CSM enable: 0
# Special addr type: 0
# Msg from mshr: 0
# P1S1 addr: 0x0080020c28
# Mshr_addr: 0x30
# Tag_addr: 0x30
# Tag data in: 0x00000000000000000000000000
# Tag data mask in: 0x00000000000000000003ffffff
# State_rd_addr: 0x30
# Msg data: 0x0000000000000000
# Msg length: 00000010
# src x: 00000000, src y: 00000000
# sdid:    0, lsid:  0
#             36258500
# TILE0 noc2 flit raw: 0x00000000008740f8
# TILE0-------------------------------------
#             36259500
#             36259500 P1S1 msg type:     ld_req     addr: 0x0080000740, Data_size: 110, cache_type: 1
# P1S1 valid: stall: 0, stall_pre: 0, stall_hazard: 0, stall_mshr: 0, stall_msg: 0, stall_global: 0
# Control signals: 111
# CSM enable: 0
# Special addr type: 0
# Msg from mshr: 0
# P1S1 addr: 0x0080000740
# Mshr_addr: 0x1d
# Tag_addr: 0x1d
# Tag data in: 0x00000000000000000000000000
# Tag data mask in: 0x00000000000000000003ffffff
# State_rd_addr: 0x1d
# Msg data: 0x0000000000000000
# Msg length: 00000010
# src x: 00000000, src y: 00000000
# sdid:    0, lsid:  0
# TILE0-------------------------------------
#             36259500
#             36259500 P1S2 msg type:     st_req     addr: 0x0080020c28, Data_size: 100, cache_type: 0
# P1S2 valid: recycle: 0, stall: 0, stall_pre: 0, stall_real: 0, stall_load: 0, stall_msg: 0, stall_global: 0
# Control signals: 000001001100001010000000011
# CSM enable: 0
# Special addr type: 0
# Msg from mshr: 0
# P1S2 addr: 0x0080020c28
# P1S2 valid: l2_way_sel: 00, l2_hit: 1, l2_evict: 0, l2_wb: 0
# State VD bits: 00 00 00 10
# State: rb: 00, lru: 0001, mesi: 10, vd: 10, subline: 1000, cache_type: 0, owner: 000000
# Msg data valid: 0
# Msg data ready: 0
# Msg data: 0x0000000000000000
# Return data: 0x0000000000000000
# State data: 0x01000000000005200
# Tag data: 0x00000000000000000000020008
# Dir addr: 0x0c0
# Dir data: 0xffffffffffffffff
# Dir data mask: 0x0000000000000001
# Data addr: 0x302
# Data data: 0x000000000000000000000000000000000000
# Data data mask: 0xffffffffffffffffff000000000000000000
# State data in: 0x1186010c021804300
# State data mask in: 0x0f0000000000003c0
# src x: 00000000, src y: 00000000
# sdid:    0, lsid:  0
#             36259500
# TILE0 noc2 flit raw: 0x0000000000000000
# TILE0-------------------------------------
#             36260500
#             36260500 P1S2 msg type:     ld_req     addr: 0x0080000740, Data_size: 110, cache_type: 1
# P1S2 valid: recycle: 0, stall: 0, stall_pre: 0, stall_real: 0, stall_load: 0, stall_msg: 0, stall_global: 0
# Control signals: 000001000110000000000000000
# CSM enable: 0
# Special addr type: 0
# Msg from mshr: 0
# P1S2 addr: 0x0080000740
# P1S2 valid: l2_way_sel: 00, l2_hit: 0, l2_evict: 0, l2_wb: 0
# State VD bits: 00 00 00 00
# State: rb: 00, lru: 0000, mesi: 00, vd: 00, subline: 0000, cache_type: 0, owner: 000000
# Msg data valid: 0
# Msg data ready: 0
# Msg data: 0x0000000000000000
# Return data: 0x0000000000000000
# State data: 0x00000000000000000
# Tag data: 0x00000000000000000000000000
# Dir addr: 0x074
# Dir data: 0xffffffffffffffff
# Dir data mask: 0x0000000000000001
# Data addr: 0x1d0
# Data data: 0x000000000000000000000000000000000000
# Data data mask: 0xffffffffffffffffffffffffffffffffffff
# State data in: 0x10080010002000400
# State data mask in: 0x00000000000000000
# src x: 00000000, src y: 00000000
# sdid:    0, lsid:  0
# TILE0-------------------------------------
#             36260500
#             36260500 P1S3 msg type:     st_req     addr: 0x0080020c28, Data_size: 100, cache_type: 0
# P1S3 valid: recycle: 0, stall: 0
# State wr en: 1
# Dir data: 0xxxxxxxxxxxxxxxxx
# CSM enable: 0
# Msg from mshr: 0
# P1S3 addr: 0x0080020c28
# P1S3 valid: l2_hit: 1, l2_evict: 0
# Data data: 0x000000000000000000000000000000000000
# State:mesi: 10, vd: 10, subline: 1000, cache_type: 0, owner: 000000
# sdid:    0, lsid:  0
#             36260500
# TILE0 noc2 flit raw: 0x0000000000000000
# TILE0-------------------------------------
#             36261500
#             36261500 P1S3 msg type:     ld_req     addr: 0x0080000740, Data_size: 110, cache_type: 1
# P1S3 valid: recycle: 0, stall: 0
# State wr en: 0
# Dir data: 0xxxxxxxxxxxxxxxxx
# CSM enable: 0
# Msg from mshr: 0
# P1S3 addr: 0x0080000740
# P1S3 valid: l2_hit: 0, l2_evict: 0
# Data data: 0x000000000000000000000000000000000000
# State:mesi: 00, vd: 00, subline: 0000, cache_type: 0, owner: 000000
# sdid:    0, lsid:  0
# TILE0-------------------------------------
#             36261500
#             36261500 P1S4 msg type:     st_req     addr: 0x0080020c28, Data_size: 100, cache_type: 0
# P1S4 valid: recycle: 0, stall: 0, msg_stall: 0, dir_data_stall: 0, stall_inv_counter: 0, stall_smc_buf: 0, smc_stall: 0, global_stall: 0, broadcast_stall: 0
# Control signals: 0100011101000011110
# CSM enable: 0
# broadcast coreid: (    0,   0,   0)
# broadcast state: 0, broadcast op val: 0
# Special addr type: 0
# MSHR state wr en: 0
# MSHR data wr en: 0
# MSHR data wr : 0x000000000000000000000a01c0080020c28
# MSHR inv counter :  0
# State wr en: 1
# Dir data: 0xxxxxxxxxxxxxxxxx
# Dir sharer counter:  1
# State data in: 0x01000000000000300
# State data mask in: 0x0f0000000000003c0
# State wr addr: 0x30
# Msg data: 0x0000000000000000
# SMC miss: 0
# SMC data out: 0x00000000
# SMC tag out: 0x0000
# SMC valid out: 0x0
# Msg send valid: 1, send ready: 1, mode: 011, length: 00000010
# Msg send type:     data_ack   Msg send data_size: 000, cache_type: 0, mesi: 11, l2_miss: 0, mshrid: 00000111, subline_vector: 1000
# Msg from mshr: 0
# P1S4 addr: 0x0080020c28
# P1S4 valid: l2_hit: 1, l2_evict: 0
# Data data: 0x000000000000000000000000000000000000
# State:mesi: 10, vd: 10, subline: 1000, cache_type: 0, owner: 000000
# Msg send: addr: 0x0080020c28, dst_x: 00000000, dst_y: 00000000, dst_fbits: 0000
# Msg send data: 0x00000000000000000000000000000000
# src x: 00000000, src y: 00000000
# sdid:    0, lsid:  0
# TILE0-------------------------------------
#             36262500
#             36262500 P1S4 msg type:     ld_req     addr: 0x0080000740, Data_size: 110, cache_type: 1
# P1S4 valid: recycle: 0, stall: 0, msg_stall: 0, dir_data_stall: 0, stall_inv_counter: 0, stall_smc_buf: 0, smc_stall: 0, global_stall: 0, broadcast_stall: 0
# Control signals: 0100010011000011110
# CSM enable: 0
# broadcast coreid: (    0,   0,   0)
# broadcast state: 0, broadcast op val: 0
# Special addr type: 0
# MSHR state wr en: 1
# MSHR data wr en: 1
# MSHR data wr : 0x000000000000000000047f4040080000740
# MSHR inv counter :  0
# State wr en: 0
# Dir data: 0xxxxxxxxxxxxxxxxx
# Dir sharer counter:  1
# State data in: 0x00000000000000000
# State data mask in: 0x00000000000000000
# State wr addr: 0x1d
# Msg data: 0x0000000000000000
# SMC miss: 0
# SMC data out: 0x00000000
# SMC tag out: 0x0000
# SMC valid out: 0x0
# Msg send valid: 1, send ready: 1, mode: 100, length: 00000010
# Msg send type:      ld_mem    Msg send data_size: 110, cache_type: 0, mesi: 00, l2_miss: 1, mshrid: 00000000, subline_vector: 0000
# Msg from mshr: 0
# P1S4 addr: 0x0080000740
# P1S4 valid: l2_hit: 0, l2_evict: 0
# Data data: 0x000000000000000000000000000000000000
# State:mesi: 00, vd: 00, subline: 0000, cache_type: 0, owner: 000000
# Msg send: addr: 0x0080000740, dst_x: 00000000, dst_y: 00000000, dst_fbits: 0010
# Msg send data: 0x00000000000000000000000000000000
# src x: 00000000, src y: 00000000
# sdid:    0, lsid:  0
#             36262500
# TILE0 noc2 flit raw: 0x00000000008741f0
#             36263500
# TILE0 noc2 flit raw: 0x0000000000000000
# 36264000 TILE0 L1.5: Received NOC2                                                MSG_TYPE_DATA_ACK   mshrid 3, l2miss 1, f4b 0, ackstate 3, address 0x0000000000
#    Data1: 0x0000000000000000
#    Data2: 0x0000000000000000
#    Data3: 0x0000000000000000
#    Data4: 0x0000000000000000
# 
#             36264000 L15 TILE0:
# NoC1 credit:  8
# NoC1 reserved credit:  2
# TILE0 Pipeline: *  X  X 
# Stage 1 status:    Operation: L15_REQTYPE_ACKDT_ST_IM
#    TILE0 S1 Address: 0x0080020c30
# L15_MON_END
# 
#             36264500
# TILE0 noc2 flit raw: 0x0000000000000000
# 
#             36265000 L15 TILE0:
# NoC1 credit:  7
# NoC1 reserved credit:  1
# TILE0 Pipeline: *  *  X 
# Stage 1 status:    Operation: L15_REQTYPE_ACKDT_ST_IM
#    TILE0 S1 Address: 0x0080020c30
# Stage 2 status:    Operation: L15_REQTYPE_ACKDT_ST_IM
#    TILE0 S2 Address: 0x0080020c30
#    TILE0 S2 Cache index:  67
#    DTAG way0 state: 0x0
#    DTAG way0 data: 0x0000000000000000
#    DTAG way1 state: 0x0
#    DTAG way1 data: 0x0000000000000000
#    DTAG way2 state: 0x0
#    DTAG way2 data: 0x0000000000000000
#    DTAG way3 state: 0x0
#    DTAG way3 data: 0x0000000000000000
# L15_MON_END
# 
#             36265500
# TILE0 noc2 flit raw: 0x800000008084c008
# 
#             36266000 L15 TILE0:
# NoC1 credit:  7
# NoC1 reserved credit:  1
# TILE0 Pipeline: X  *  * 
# Stage 2 status:    Operation: L15_REQTYPE_ACKDT_ST_IM
#    TILE0 S2 Address: 0x0080020c30
#    TILE0 S2 Cache index:  67
#    MESI write way: 0x0
#    MESI write data: 0x3
# HMT writing: 0
# Stage 3 status:    Operation: L15_REQTYPE_ACKDT_ST_IM
#    TILE0 S3 Address: 0x0080020c30
#    TILE0 WMT read index: 43
#    WMT way          0: 0 0xx
#    WMT way          1: 0 0xx
#    WMT way          2: 0 0xx
#    WMT way          3: 0 0xx
# L15_MON_END
# 
#             36266500
# TILE0 noc2 flit raw: 0x0000800007400600
# 36267000 TILE0 L1.5 th0: Sent CPX ST_ACK   l2miss 1, nc 0, atomic 0, threadid 0, pf 0, f4b 0, iia 0, dia 0, dinval 0, iinval 0, invalway 0, blkinit 0
#    Data0: 0x0000000000000000
#    Data1: 0x0000000000000000
#    Data2: 0x0000000000000000
#    Data3: 0x0000000000000000
# 
#             36267000 L15 TILE0:
# NoC1 credit:  8
# NoC1 reserved credit:  1
# TILE0 Pipeline: X  X  * 
# Stage 3 status:    Operation: L15_REQTYPE_ACKDT_ST_IM
#    TILE0 S3 Address: 0x0080020c30
# L15_MON_END
# 
#             36267500
# TILE0 noc2 flit raw: 0x0000000000000000
# 36271000 TILE0 L1.5: Received NOC2                                                MSG_TYPE_DATA_ACK   mshrid 3, l2miss 0, f4b 0, ackstate 3, address 0x0000000000
#    Data1: 0x0000000000000000
#    Data2: 0x0000000000000000
#    Data3: 0x0000000000000000
#    Data4: 0x0000000000000000
# 
#             36271000 L15 TILE0:
# NoC1 credit:  8
# NoC1 reserved credit:  1
# TILE0 Pipeline: *  X  X 
# Stage 1 status:    Operation: L15_REQTYPE_ACKDT_ST_IM
#    TILE0 S1 Address: 0x0080020c28
# L15_MON_END
# 
# 
#             36272000 L15 TILE0:
# NoC1 credit:  7
# NoC1 reserved credit:  0
# TILE0 Pipeline: *  *  X 
# Stage 1 status:    Operation: L15_REQTYPE_ACKDT_ST_IM
#    TILE0 S1 Address: 0x0080020c28
# Stage 2 status:    Operation: L15_REQTYPE_ACKDT_ST_IM
#    TILE0 S2 Address: 0x0080020c28
#    TILE0 S2 Cache index:  66
#    DTAG way0 state: 0x0
#    DTAG way0 data: 0x0000000000000000
#    DTAG way1 state: 0x0
#    DTAG way1 data: 0x0000000000000000
#    DTAG way2 state: 0x0
#    DTAG way2 data: 0x0000000000000000
#    DTAG way3 state: 0x0
#    DTAG way3 data: 0x0000000000000000
# L15_MON_END
# 
# 36273000 TILE0 L1.5 th0: Received PCX PCX_REQTYPE_STORE   Addr 0x0080020c18, nc 0, size 4, invalall 0, pf 0, bs 0, bsi 0, l1way 0
#    Data: 0x0000000000000000
#    CSM HDID:    0, HD_SIZE:  0, SDID:    0, LSID:  0
#    CSM Data: 0x000000000
# 
#             36273000 L15 TILE0:
# NoC1 credit:  7
# NoC1 reserved credit:  0
# TILE0 Pipeline: *  *  * 
# Stage 1 status:    Operation: L15_REQTYPE_STORE
#    TILE0 S1 Address: 0x0080020c18
# Stage 2 status:    Operation: L15_REQTYPE_ACKDT_ST_IM
#    TILE0 S2 Address: 0x0080020c28
#    TILE0 S2 Cache index:  66
#    MESI write way: 0x0
#    MESI write data: 0x3
# HMT writing: 0
# Stage 3 status:    Operation: L15_REQTYPE_ACKDT_ST_IM
#    TILE0 S3 Address: 0x0080020c28
#    TILE0 WMT read index: 42
#    WMT way          0: 0 0xx
#    WMT way          1: 0 0xx
#    WMT way          2: 0 0xx
#    WMT way          3: 0 0xx
# L15_MON_END
# 
# 36278000 TILE0 L1.5 th1: Sent CPX ST_ACK   l2miss 0, nc 0, atomic 0, threadid 1, pf 0, f4b 0, iia 0, dia 0, dinval 0, iinval 0, invalway 0, blkinit 0
#    Data0: 0x0000000000000000
#    Data1: 0x0000000000000000
#    Data2: 0x0000000000000000
#    Data3: 0x0000000000000000
# 
#             36278000 L15 TILE0:
# NoC1 credit:  7
# NoC1 reserved credit:  0
# TILE0 Pipeline: X  *  * 
# Stage 2 status:    Operation: L15_REQTYPE_STORE
#    TILE0 S2 Address: 0x0080020c18
#    TILE0 S2 Cache index:  65
#    CSM op:  2
#       CSM read ticket: 0x3
#    DTAG way0 state: 0x0
#    DTAG way0 data: 0x0000000000000000
#    DTAG way1 state: 0x0
#    DTAG way1 data: 0x0000000000000000
#    DTAG way2 state: 0x0
#    DTAG way2 data: 0x0000000000000000
#    DTAG way3 state: 0x0
#    DTAG way3 data: 0x0000000000000000
# Stage 3 status:    Operation: L15_REQTYPE_ACKDT_ST_IM
#    TILE0 S3 Address: 0x0080020c28
# L15_MON_END
# 
#             36278000: TILE0 L15_CSM REQ MON:
# L15 CSM req addr: 0x0080020c18
# L15 CSM req ticket: 3
# L15 CSM req type: 0
# L15 CSM req data: 0x00000000000000000000000000000000
# L15 CSM req pcx data: 0x000000000
# 
#             36279000 L15 TILE0:
# NoC1 credit:  7
# NoC1 reserved credit:  0
# TILE0 Pipeline: X  X  * 
# Stage 3 status:    Operation: L15_REQTYPE_STORE
#    TILE0 S3 Address: 0x0080020c18
#    TILE0 WMT read index: 41
#    WMT way          0: 0 0xx
#    WMT way          1: 0 0xx
#    WMT way          2: 0 0xx
#    WMT way          3: 0 0xx
# L15_MON_END
# 
#             36279000: TILE0 L15_CSM RES MON:
# L15 CSM res data: 0x0000000000000000
#             36280000
# TILE0 noc1 flit raw: 0x00000000008080c0
#    srcX:   0, srcY:   0
#    destX:   0, destY:   0
#             36281000
# TILE0 noc1 flit raw: 0x000080020c180400
#    srcX:   0, srcY:   0
#    destX:   0, destY:   0
#             36282000
# TILE0 noc1 flit raw: 0x0000000000000000
#    srcX:   0, srcY:   0
#    destX:   0, destY:   0
# 36282000 TILE0 L1.5 th1: Received PCX PCX_REQTYPE_STORE   Addr 0x0080020c00, nc 0, size 4, invalall 0, pf 0, bs 0, bsi 0, l1way 0
#    Data: 0x0000000000000000
#    CSM HDID:    0, HD_SIZE:  0, SDID:    0, LSID:  0
#    CSM Data: 0x000000000
# 36282000 TILE0 L1.5: Sending NOC1                                 L15_NOC1_REQTYPE_ST_FILL_REQUEST   mshrid 3, nc 0, size 4, pf 0, address 80020c18
#    Data0: 0x0000000000000000
#    Data1: 0x0000000000000000
#    Destination X:   0 Y:   0
# 
#             36282000 L15 TILE0:
# NoC1 credit:  7
# NoC1 reserved credit:  1
# TILE0 Pipeline: *  X  X 
# Stage 1 status:    Operation: L15_REQTYPE_STORE
#    TILE0 S1 Address: 0x0080020c00
# L15_MON_END
# 
# 
#             36283000 L15 TILE0:
# NoC1 credit:  7
# NoC1 reserved credit:  1
# TILE0 Pipeline: X  *  X 
# Stage 2 status:    Operation: L15_REQTYPE_STORE
#    TILE0 S2 Address: 0x0080020c00
#    TILE0 S2 Cache index:  64
#    CSM op:  2
#       CSM read ticket: 0x7
#    DTAG way0 state: 0x0
#    DTAG way0 data: 0x0000000000000000
#    DTAG way1 state: 0x0
#    DTAG way1 data: 0x0000000000000000
#    DTAG way2 state: 0x0
#    DTAG way2 data: 0x0000000000000000
#    DTAG way3 state: 0x0
#    DTAG way3 data: 0x0000000000000000
# L15_MON_END
# 
#             36283000: TILE0 L15_CSM REQ MON:
# L15 CSM req addr: 0x0080020c00
# L15 CSM req ticket: 7
# L15 CSM req type: 0
# L15 CSM req data: 0x00000000000000000000000000000000
# L15 CSM req pcx data: 0x000000000
# 
#             36284000 L15 TILE0:
# NoC1 credit:  7
# NoC1 reserved credit:  1
# TILE0 Pipeline: X  X  * 
# Stage 3 status:    Operation: L15_REQTYPE_STORE
#    TILE0 S3 Address: 0x0080020c00
#    TILE0 WMT read index: 40
#    WMT way          0: 0 0xx
#    WMT way          1: 0 0xx
#    WMT way          2: 0 0xx
#    WMT way          3: 0 0xx
# L15_MON_END
# 
#             36284000: TILE0 L15_CSM RES MON:
# L15 CSM res data: 0x0000000000000000
#             36285000
# TILE0 noc1 flit raw: 0x00000000008081c0
#    srcX:   0, srcY:   0
#    destX:   0, destY:   0
#             36286000
# TILE0 noc1 flit raw: 0x000080020c000400
#    srcX:   0, srcY:   0
#    destX:   0, destY:   0
# TILE0-------------------------------------
#             36286500
#             36286500 P1S1 msg type:     st_req     addr: 0x0080020c18, Data_size: 100, cache_type: 0
# P1S1 valid: stall: 0, stall_pre: 0, stall_hazard: 0, stall_mshr: 0, stall_msg: 0, stall_global: 0
# Control signals: 111
# CSM enable: 0
# Special addr type: 0
# Msg from mshr: 0
# P1S1 addr: 0x0080020c18
# Mshr_addr: 0x30
# Tag_addr: 0x30
# Tag data in: 0x00000000000000000000000000
# Tag data mask in: 0x00000000000000000003ffffff
# State_rd_addr: 0x30
# Msg data: 0x0000000000000000
# Msg length: 00000010
# src x: 00000000, src y: 00000000
# sdid:    0, lsid:  0
#             36287000
# TILE0 noc1 flit raw: 0x0000000000000000
#    srcX:   0, srcY:   0
#    destX:   0, destY:   0
# 36287000 TILE0 L1.5: Sending NOC1                                 L15_NOC1_REQTYPE_ST_FILL_REQUEST   mshrid 3, nc 0, size 4, pf 0, address 80020c00
#    Data0: 0x0000000000000000
#    Data1: 0x0000000000000000
#    Destination X:   0 Y:   0
# TILE0-------------------------------------
#             36287500
#             36287500 P1S2 msg type:     st_req     addr: 0x0080020c18, Data_size: 100, cache_type: 0
# P1S2 valid: recycle: 0, stall: 0, stall_pre: 0, stall_real: 0, stall_load: 0, stall_msg: 0, stall_global: 0
# Control signals: 000001001100001010000000011
# CSM enable: 0
# Special addr type: 0
# Msg from mshr: 0
# P1S2 addr: 0x0080020c18
# P1S2 valid: l2_way_sel: 00, l2_hit: 1, l2_evict: 0, l2_wb: 0
# State VD bits: 00 00 00 10
# State: rb: 00, lru: 0001, mesi: 10, vd: 10, subline: 1100, cache_type: 0, owner: 000000
# Msg data valid: 0
# Msg data ready: 0
# Msg data: 0x0000000000000000
# Return data: 0x0000000000000000
# State data: 0x01000000000005300
# Tag data: 0x00000000000000000000020008
# Dir addr: 0x0c0
# Dir data: 0xffffffffffffffff
# Dir data mask: 0x0000000000000001
# Data addr: 0x301
# Data data: 0x000000000000000000000000000000000000
# Data data mask: 0xffffffffffffffffff000000000000000000
# State data in: 0x1187010e021c04380
# State data mask in: 0x0f0000000000003c0
# src x: 00000000, src y: 00000000
# sdid:    0, lsid:  0
# TILE0-------------------------------------
#             36288500
#             36288500 P1S3 msg type:     st_req     addr: 0x0080020c18, Data_size: 100, cache_type: 0
# P1S3 valid: recycle: 0, stall: 0
# State wr en: 1
# Dir data: 0xxxxxxxxxxxxxxxxx
# CSM enable: 0
# Msg from mshr: 0
# P1S3 addr: 0x0080020c18
# P1S3 valid: l2_hit: 1, l2_evict: 0
# Data data: 0x000000000000000000000000000000000000
# State:mesi: 10, vd: 10, subline: 1100, cache_type: 0, owner: 000000
# sdid:    0, lsid:  0
# TILE0-------------------------------------
#             36289500
#             36289500 P1S4 msg type:     st_req     addr: 0x0080020c18, Data_size: 100, cache_type: 0
# P1S4 valid: recycle: 0, stall: 0, msg_stall: 0, dir_data_stall: 0, stall_inv_counter: 0, stall_smc_buf: 0, smc_stall: 0, global_stall: 0, broadcast_stall: 0
# Control signals: 0100011101000011110
# CSM enable: 0
# broadcast coreid: (    0,   0,   0)
# broadcast state: 0, broadcast op val: 0
# Special addr type: 0
# MSHR state wr en: 0
# MSHR data wr en: 0
# MSHR data wr : 0x000000000000000000000a00c0080020c18
# MSHR inv counter :  0
# State wr en: 1
# Dir data: 0xxxxxxxxxxxxxxxxx
# Dir sharer counter:  1
# State data in: 0x01000000000000380
# State data mask in: 0x0f0000000000003c0
# State wr addr: 0x30
# Msg data: 0x0000000000000000
# SMC miss: 0
# SMC data out: 0x00000000
# SMC tag out: 0x0000
# SMC valid out: 0x0
# Msg send valid: 1, send ready: 1, mode: 011, length: 00000010
# Msg send type:     data_ack   Msg send data_size: 000, cache_type: 0, mesi: 11, l2_miss: 0, mshrid: 00000011, subline_vector: 1100
# Msg from mshr: 0
# P1S4 addr: 0x0080020c18
# P1S4 valid: l2_hit: 1, l2_evict: 0
# Data data: 0x000000000000000000000000000000000000
# State:mesi: 10, vd: 10, subline: 1100, cache_type: 0, owner: 000000
# Msg send: addr: 0x0080020c18, dst_x: 00000000, dst_y: 00000000, dst_fbits: 0000
# Msg send data: 0x00000000000000000000000000000000
# src x: 00000000, src y: 00000000
# sdid:    0, lsid:  0
#             36290500
# TILE0 noc2 flit raw: 0x00000000008740f0
# TILE0-------------------------------------
#             36291500
#             36291500 P1S1 msg type:     st_req     addr: 0x0080020c00, Data_size: 100, cache_type: 0
# P1S1 valid: stall: 0, stall_pre: 0, stall_hazard: 0, stall_mshr: 0, stall_msg: 0, stall_global: 0
# Control signals: 111
# CSM enable: 0
# Special addr type: 0
# Msg from mshr: 0
# P1S1 addr: 0x0080020c00
# Mshr_addr: 0x30
# Tag_addr: 0x30
# Tag data in: 0x00000000000000000000000000
# Tag data mask in: 0x00000000000000000003ffffff
# State_rd_addr: 0x30
# Msg data: 0x0000000000000000
# Msg length: 00000010
# src x: 00000000, src y: 00000000
# sdid:    0, lsid:  0
#             36291500
# TILE0 noc2 flit raw: 0x0000000000000000
# TILE0-------------------------------------
#             36292500
#             36292500 P1S2 msg type:     st_req     addr: 0x0080020c00, Data_size: 100, cache_type: 0
# P1S2 valid: recycle: 0, stall: 0, stall_pre: 0, stall_real: 0, stall_load: 0, stall_msg: 0, stall_global: 0
# Control signals: 000001001100001010000000011
# CSM enable: 0
# Special addr type: 0
# Msg from mshr: 0
# P1S2 addr: 0x0080020c00
# P1S2 valid: l2_way_sel: 00, l2_hit: 1, l2_evict: 0, l2_wb: 0
# State VD bits: 00 00 00 10
# State: rb: 00, lru: 0001, mesi: 10, vd: 10, subline: 1110, cache_type: 0, owner: 000000
# Msg data valid: 0
# Msg data ready: 0
# Msg data: 0x0000000000000000
# Return data: 0x0000000000000000
# State data: 0x01000000000005380
# Tag data: 0x00000000000000000000020008
# Dir addr: 0x0c0
# Dir data: 0xffffffffffffffff
# Dir data mask: 0x0000000000000001
# Data addr: 0x300
# Data data: 0x000000000000000000000000000000000000
# Data data mask: 0x000000000000000000ffffffffffffffffff
# State data in: 0x1187810f021e043c0
# State data mask in: 0x0f0000000000003c0
# src x: 00000000, src y: 00000000
# sdid:    0, lsid:  0
#             36292500
# TILE0 noc2 flit raw: 0x0000000000000000
# TILE0-------------------------------------
#             36293500
#             36293500 P1S3 msg type:     st_req     addr: 0x0080020c00, Data_size: 100, cache_type: 0
# P1S3 valid: recycle: 0, stall: 0
# State wr en: 1
# Dir data: 0xxxxxxxxxxxxxxxxx
# CSM enable: 0
# Msg from mshr: 0
# P1S3 addr: 0x0080020c00
# P1S3 valid: l2_hit: 1, l2_evict: 0
# Data data: 0x000000000000000000000000000000000000
# State:mesi: 10, vd: 10, subline: 1110, cache_type: 0, owner: 000000
# sdid:    0, lsid:  0
# TILE0-------------------------------------
#             36294500
#             36294500 P1S4 msg type:     st_req     addr: 0x0080020c00, Data_size: 100, cache_type: 0
# P1S4 valid: recycle: 0, stall: 0, msg_stall: 0, dir_data_stall: 0, stall_inv_counter: 0, stall_smc_buf: 0, smc_stall: 0, global_stall: 0, broadcast_stall: 0
# Control signals: 0100011101000011110
# CSM enable: 0
# broadcast coreid: (    0,   0,   0)
# broadcast state: 0, broadcast op val: 0
# Special addr type: 0
# MSHR state wr en: 0
# MSHR data wr en: 0
# MSHR data wr : 0x000000000000000000000a01c0080020c00
# MSHR inv counter :  0
# State wr en: 1
# Dir data: 0xxxxxxxxxxxxxxxxx
# Dir sharer counter:  1
# State data in: 0x010000000000003c0
# State data mask in: 0x0f0000000000003c0
# State wr addr: 0x30
# Msg data: 0x0000000000000000
# SMC miss: 0
# SMC data out: 0x00000000
# SMC tag out: 0x0000
# SMC valid out: 0x0
# Msg send valid: 1, send ready: 1, mode: 011, length: 00000010
# Msg send type:     data_ack   Msg send data_size: 000, cache_type: 0, mesi: 11, l2_miss: 0, mshrid: 00000111, subline_vector: 1110
# Msg from mshr: 0
# P1S4 addr: 0x0080020c00
# P1S4 valid: l2_hit: 1, l2_evict: 0
# Data data: 0x000000000000000000000000000000000000
# State:mesi: 10, vd: 10, subline: 1110, cache_type: 0, owner: 000000
# Msg send: addr: 0x0080020c00, dst_x: 00000000, dst_y: 00000000, dst_fbits: 0000
# Msg send data: 0x00000000000000000000000000000000
# src x: 00000000, src y: 00000000
# sdid:    0, lsid:  0
#             36295500
# TILE0 noc2 flit raw: 0x00000000008741f0
# 36296000 TILE0 L1.5: Received NOC2                                                MSG_TYPE_DATA_ACK   mshrid 3, l2miss 0, f4b 0, ackstate 3, address 0x0000000000
#    Data1: 0x0000000000000000
#    Data2: 0x0000000000000000
#    Data3: 0x0000000000000000
#    Data4: 0x0000000000000000
# 
#             36296000 L15 TILE0:
# NoC1 credit:  8
# NoC1 reserved credit:  2
# TILE0 Pipeline: *  X  X 
# Stage 1 status:    Operation: L15_REQTYPE_ACKDT_ST_IM
#    TILE0 S1 Address: 0x0080020c18
# L15_MON_END
# 
#             36296500
# TILE0 noc2 flit raw: 0x0000000000000000
# 
#             36297000 L15 TILE0:
# NoC1 credit:  7
# NoC1 reserved credit:  1
# TILE0 Pipeline: *  *  X 
# Stage 1 status:    Operation: L15_REQTYPE_ACKDT_ST_IM
#    TILE0 S1 Address: 0x0080020c18
# Stage 2 status:    Operation: L15_REQTYPE_ACKDT_ST_IM
#    TILE0 S2 Address: 0x0080020c18
#    TILE0 S2 Cache index:  65
#    DTAG way0 state: 0x0
#    DTAG way0 data: 0x0000000000000000
#    DTAG way1 state: 0x0
#    DTAG way1 data: 0x0000000000000000
#    DTAG way2 state: 0x0
#    DTAG way2 data: 0x0000000000000000
#    DTAG way3 state: 0x0
#    DTAG way3 data: 0x0000000000000000
# L15_MON_END
# 
#             36297500
# TILE0 noc2 flit raw: 0x0000000000000000
# 
#             36298000 L15 TILE0:
# NoC1 credit:  7
# NoC1 reserved credit:  1
# TILE0 Pipeline: X  *  * 
# Stage 2 status:    Operation: L15_REQTYPE_ACKDT_ST_IM
#    TILE0 S2 Address: 0x0080020c18
#    TILE0 S2 Cache index:  65
#    MESI write way: 0x0
#    MESI write data: 0x3
# HMT writing: 0
# Stage 3 status:    Operation: L15_REQTYPE_ACKDT_ST_IM
#    TILE0 S3 Address: 0x0080020c18
#    TILE0 WMT read index: 41
#    WMT way          0: 0 0xx
#    WMT way          1: 0 0xx
#    WMT way          2: 0 0xx
#    WMT way          3: 0 0xx
# L15_MON_END
# 
# 36302000 TILE0 L1.5 th0: Sent CPX ST_ACK   l2miss 0, nc 0, atomic 0, threadid 0, pf 0, f4b 0, iia 0, dia 0, dinval 0, iinval 0, invalway 0, blkinit 0
#    Data0: 0x0000000000000000
#    Data1: 0x0000000000000000
#    Data2: 0x0000000000000000
#    Data3: 0x0000000000000000
# 
#             36302000 L15 TILE0:
# NoC1 credit:  8
# NoC1 reserved credit:  1
# TILE0 Pipeline: X  X  * 
# Stage 3 status:    Operation: L15_REQTYPE_ACKDT_ST_IM
#    TILE0 S3 Address: 0x0080020c18
# L15_MON_END
# 
# 36306000 TILE0 L1.5: Received NOC2                                                MSG_TYPE_DATA_ACK   mshrid 3, l2miss 0, f4b 0, ackstate 3, address 0x0000000000
#    Data1: 0x0000000000000000
#    Data2: 0x0000000000000000
#    Data3: 0x0000000000000000
#    Data4: 0x0000000000000000
# 
#             36306000 L15 TILE0:
# NoC1 credit:  8
# NoC1 reserved credit:  1
# TILE0 Pipeline: *  X  X 
# Stage 1 status:    Operation: L15_REQTYPE_ACKDT_ST_IM
#    TILE0 S1 Address: 0x0080020c00
# L15_MON_END
# 
# 
#             36307000 L15 TILE0:
# NoC1 credit:  7
# NoC1 reserved credit:  0
# TILE0 Pipeline: *  *  X 
# Stage 1 status:    Operation: L15_REQTYPE_ACKDT_ST_IM
#    TILE0 S1 Address: 0x0080020c00
# Stage 2 status:    Operation: L15_REQTYPE_ACKDT_ST_IM
#    TILE0 S2 Address: 0x0080020c00
#    TILE0 S2 Cache index:  64
#    DTAG way0 state: 0x0
#    DTAG way0 data: 0x0000000000000000
#    DTAG way1 state: 0x0
#    DTAG way1 data: 0x0000000000000000
#    DTAG way2 state: 0x0
#    DTAG way2 data: 0x0000000000000000
#    DTAG way3 state: 0x0
#    DTAG way3 data: 0x0000000000000000
# L15_MON_END
# 
# 36308000 TILE0 L1.5 th0: Received PCX PCX_REQTYPE_STORE   Addr 0x0080020b80, nc 0, size 1, invalall 0, pf 0, bs 0, bsi 0, l1way 0
#    Data: 0x0000000000000000
#    CSM HDID:    0, HD_SIZE:  0, SDID:    0, LSID:  0
#    CSM Data: 0x000000000
# 
#             36308000 L15 TILE0:
# NoC1 credit:  7
# NoC1 reserved credit:  0
# TILE0 Pipeline: *  *  * 
# Stage 1 status:    Operation: L15_REQTYPE_STORE
#    TILE0 S1 Address: 0x0080020b80
# Stage 2 status:    Operation: L15_REQTYPE_ACKDT_ST_IM
#    TILE0 S2 Address: 0x0080020c00
#    TILE0 S2 Cache index:  64
#    MESI write way: 0x0
#    MESI write data: 0x3
# HMT writing: 0
# Stage 3 status:    Operation: L15_REQTYPE_ACKDT_ST_IM
#    TILE0 S3 Address: 0x0080020c00
#    TILE0 WMT read index: 40
#    WMT way          0: 0 0xx
#    WMT way          1: 0 0xx
#    WMT way          2: 0 0xx
#    WMT way          3: 0 0xx
# L15_MON_END
# 
# 36309000 TILE0 L1.5 th1: Sent CPX ST_ACK   l2miss 0, nc 0, atomic 0, threadid 1, pf 0, f4b 0, iia 0, dia 0, dinval 0, iinval 0, invalway 0, blkinit 0
#    Data0: 0x0000000000000000
#    Data1: 0x0000000000000000
#    Data2: 0x0000000000000000
#    Data3: 0x0000000000000000
# 
#             36309000 L15 TILE0:
# NoC1 credit:  7
# NoC1 reserved credit:  0
# TILE0 Pipeline: X  *  * 
# Stage 2 status:    Operation: L15_REQTYPE_STORE
#    TILE0 S2 Address: 0x0080020b80
#    TILE0 S2 Cache index:  56
#    CSM op:  2
#       CSM read ticket: 0x3
#    DTAG way0 state: 0x0
#    DTAG way0 data: 0x0000000000000000
#    DTAG way1 state: 0x0
#    DTAG way1 data: 0x0000000000000000
#    DTAG way2 state: 0x0
#    DTAG way2 data: 0x0000000000000000
#    DTAG way3 state: 0x0
#    DTAG way3 data: 0x0000000000000000
# Stage 3 status:    Operation: L15_REQTYPE_ACKDT_ST_IM
#    TILE0 S3 Address: 0x0080020c00
# L15_MON_END
# 
#             36309000: TILE0 L15_CSM REQ MON:
# L15 CSM req addr: 0x0080020b80
# L15 CSM req ticket: 3
# L15 CSM req type: 0
# L15 CSM req data: 0x00000000000000000000000000000000
# L15 CSM req pcx data: 0x000000000
# 
#             36310000 L15 TILE0:
# NoC1 credit:  7
# NoC1 reserved credit:  0
# TILE0 Pipeline: X  X  * 
# Stage 3 status:    Operation: L15_REQTYPE_STORE
#    TILE0 S3 Address: 0x0080020b80
#    TILE0 WMT read index: 38
#    WMT way          0: 0 0xx
#    WMT way          1: 0 0xx
#    WMT way          2: 0 0xx
#    WMT way          3: 0 0xx
# L15_MON_END
# 
#             36310000: TILE0 L15_CSM RES MON:
# L15 CSM res data: 0x0000000000000000
#             36311000
# TILE0 noc1 flit raw: 0x00000000008080c0
#    srcX:   0, srcY:   0
#    destX:   0, destY:   0
#             36312000
# TILE0 noc1 flit raw: 0x000080020b800100
#    srcX:   0, srcY:   0
#    destX:   0, destY:   0
#             36313000
# TILE0 noc1 flit raw: 0x0000000000000000
#    srcX:   0, srcY:   0
#    destX:   0, destY:   0
# 36313000 TILE0 L1.5 th1: Received PCX PCX_REQTYPE_STORE   Addr 0x0080020c38, nc 0, size 4, invalall 0, pf 0, bs 0, bsi 0, l1way 0
#    Data: 0x0000000000000000
#    CSM HDID:    0, HD_SIZE:  0, SDID:    0, LSID:  0
#    CSM Data: 0x000000000
# 36313000 TILE0 L1.5: Sending NOC1                                 L15_NOC1_REQTYPE_ST_FILL_REQUEST   mshrid 3, nc 0, size 1, pf 0, address 80020b80
#    Data0: 0x0000000000000000
#    Data1: 0x0000000000000000
#    Destination X:   0 Y:   0
# 
#             36313000 L15 TILE0:
# NoC1 credit:  7
# NoC1 reserved credit:  1
# TILE0 Pipeline: *  X  X 
# Stage 1 status:    Operation: L15_REQTYPE_STORE
#    TILE0 S1 Address: 0x0080020c38
# L15_MON_END
# 
# 
#             36314000 L15 TILE0:
# NoC1 credit:  7
# NoC1 reserved credit:  1
# TILE0 Pipeline: X  *  X 
# Stage 2 status:    Operation: L15_REQTYPE_STORE
#    TILE0 S2 Address: 0x0080020c38
#    TILE0 S2 Cache index:  67
#    DTAG way0 state: 0x3
#    DTAG way0 data: 0x0000000080020800
#    DTAG way1 state: 0x0
#    DTAG way1 data: 0x0000000000000000
#    DTAG way2 state: 0x0
#    DTAG way2 data: 0x0000000000000000
#    DTAG way3 state: 0x0
#    DTAG way3 data: 0x0000000000000000
# HMT writing: 0
# L15_MON_END
# 
# 36315000 TILE0 L1.5 th1: Sent CPX ST_ACK   l2miss 0, nc 0, atomic 0, threadid 1, pf 0, f4b 0, iia 0, dia 0, dinval 0, iinval 0, invalway 0, blkinit 0
#    Data0: 0x0000000000000000
#    Data1: 0x0000000000000000
#    Data2: 0x0000000000000000
#    Data3: 0x0000000000000000
# 
#             36315000 L15 TILE0:
# NoC1 credit:  7
# NoC1 reserved credit:  1
# TILE0 Pipeline: X  X  * 
# Stage 3 status:    Operation: L15_REQTYPE_STORE
#    TILE0 S3 Address: 0x0080020c38
#    TILE0 WMT read index: 43
#    WMT way          0: 0 0xx
#    WMT way          1: 0 0xx
#    WMT way          2: 0 0xx
#    WMT way          3: 0 0xx
# L15_MON_END
# 
# TILE0-------------------------------------
#             36317500
#             36317500 P1S1 msg type:     st_req     addr: 0x0080020b80, Data_size: 001, cache_type: 0
# P1S1 valid: stall: 0, stall_pre: 0, stall_hazard: 0, stall_mshr: 0, stall_msg: 0, stall_global: 0
# Control signals: 111
# CSM enable: 0
# Special addr type: 0
# Msg from mshr: 0
# P1S1 addr: 0x0080020b80
# Mshr_addr: 0x2e
# Tag_addr: 0x2e
# Tag data in: 0x00000000000000000000000000
# Tag data mask in: 0x00000000000000000003ffffff
# State_rd_addr: 0x2e
# Msg data: 0x0000000000000000
# Msg length: 00000010
# src x: 00000000, src y: 00000000
# sdid:    0, lsid:  0
# TILE0-------------------------------------
#             36318500
#             36318500 P1S2 msg type:     st_req     addr: 0x0080020b80, Data_size: 001, cache_type: 0
# P1S2 valid: recycle: 0, stall: 0, stall_pre: 0, stall_real: 0, stall_load: 0, stall_msg: 0, stall_global: 0
# Control signals: 000001000110000000000000000
# CSM enable: 0
# Special addr type: 0
# Msg from mshr: 0
# P1S2 addr: 0x0080020b80
# P1S2 valid: l2_way_sel: 00, l2_hit: 0, l2_evict: 0, l2_wb: 0
# State VD bits: 00 00 00 00
# State: rb: 00, lru: 0000, mesi: 00, vd: 00, subline: 0000, cache_type: 0, owner: 000000
# Msg data valid: 0
# Msg data ready: 0
# Msg data: 0x0000000000000000
# Return data: 0x0000000000000000
# State data: 0x00000000000000000
# Tag data: 0x00000000000000000000000000
# Dir addr: 0x0b8
# Dir data: 0xffffffffffffffff
# Dir data mask: 0x0000000000000001
# Data addr: 0x2e0
# Data data: 0x000000000000000000000000000000000000
# Data data mask: 0x000000000000000000ffffffffffffffffff
# State data in: 0x10000000000000000
# State data mask in: 0x00000000000000000
# src x: 00000000, src y: 00000000
# sdid:    0, lsid:  0
# 36319000 TILE0 L1.5 th1: Received PCX PCX_REQTYPE_STORE   Addr 0x0080020c20, nc 0, size 4, invalall 0, pf 0, bs 0, bsi 0, l1way 0
#    Data: 0x0000000000000000
#    CSM HDID:    0, HD_SIZE:  0, SDID:    0, LSID:  0
#    CSM Data: 0x000000000
# 
#             36319000 L15 TILE0:
# NoC1 credit:  8
# NoC1 reserved credit:  1
# TILE0 Pipeline: *  X  X 
# Stage 1 status:    Operation: L15_REQTYPE_STORE
#    TILE0 S1 Address: 0x0080020c20
# L15_MON_END
# 
# TILE0-------------------------------------
#             36319500
#             36319500 P1S3 msg type:     st_req     addr: 0x0080020b80, Data_size: 001, cache_type: 0
# P1S3 valid: recycle: 0, stall: 0
# State wr en: 0
# Dir data: 0xxxxxxxxxxxxxxxxx
# CSM enable: 0
# Msg from mshr: 0
# P1S3 addr: 0x0080020b80
# P1S3 valid: l2_hit: 0, l2_evict: 0
# Data data: 0x000000000000000000000000000000000000
# State:mesi: 00, vd: 00, subline: 0000, cache_type: 0, owner: 000000
# sdid:    0, lsid:  0
# 
#             36320000 L15 TILE0:
# NoC1 credit:  7
# NoC1 reserved credit:  1
# TILE0 Pipeline: X  *  X 
# Stage 2 status:    Operation: L15_REQTYPE_STORE
#    TILE0 S2 Address: 0x0080020c20
#    TILE0 S2 Cache index:  66
#    DTAG way0 state: 0x3
#    DTAG way0 data: 0x0000000080020800
#    DTAG way1 state: 0x0
#    DTAG way1 data: 0x0000000000000000
#    DTAG way2 state: 0x0
#    DTAG way2 data: 0x0000000000000000
#    DTAG way3 state: 0x0
#    DTAG way3 data: 0x0000000000000000
# HMT writing: 0
# L15_MON_END
# 
# TILE0-------------------------------------
#             36320500
#             36320500 P1S4 msg type:     st_req     addr: 0x0080020b80, Data_size: 001, cache_type: 0
# P1S4 valid: recycle: 0, stall: 0, msg_stall: 0, dir_data_stall: 0, stall_inv_counter: 0, stall_smc_buf: 0, smc_stall: 0, global_stall: 0, broadcast_stall: 0
# Control signals: 0100010011000011110
# CSM enable: 0
# broadcast coreid: (    0,   0,   0)
# broadcast state: 0, broadcast op val: 0
# Special addr type: 0
# MSHR state wr en: 1
# MSHR data wr en: 1
# MSHR data wr : 0x000000000000000000040880c0080020b80
# MSHR inv counter :  0
# State wr en: 0
# Dir data: 0xxxxxxxxxxxxxxxxx
# Dir sharer counter:  1
# State data in: 0x00000000000000000
# State data mask in: 0x00000000000000000
# State wr addr: 0x2e
# Msg data: 0x0000000000000000
# SMC miss: 0
# SMC data out: 0x00000000
# SMC tag out: 0x0000
# SMC valid out: 0x0
# Msg send valid: 1, send ready: 1, mode: 100, length: 00000010
# Msg send type:      ld_mem    Msg send data_size: 001, cache_type: 0, mesi: 00, l2_miss: 1, mshrid: 00000001, subline_vector: 0000
# Msg from mshr: 0
# P1S4 addr: 0x0080020b80
# P1S4 valid: l2_hit: 0, l2_evict: 0
# Data data: 0x000000000000000000000000000000000000
# State:mesi: 00, vd: 00, subline: 0000, cache_type: 0, owner: 000000
# Msg send: addr: 0x0080020b80, dst_x: 00000000, dst_y: 00000000, dst_fbits: 0010
# Msg send data: 0x00000000000000000000000000000000
# src x: 00000000, src y: 00000000
# sdid:    0, lsid:  0
# 36321000 TILE0 L1.5 th1: Sent CPX ST_ACK   l2miss 0, nc 0, atomic 0, threadid 1, pf 0, f4b 0, iia 0, dia 0, dinval 0, iinval 0, invalway 0, blkinit 0
#    Data0: 0x0000000000000000
#    Data1: 0x0000000000000000
#    Data2: 0x0000000000000000
#    Data3: 0x0000000000000000
# 
#             36321000 L15 TILE0:
# NoC1 credit:  7
# NoC1 reserved credit:  1
# TILE0 Pipeline: X  X  * 
# Stage 3 status:    Operation: L15_REQTYPE_STORE
#    TILE0 S3 Address: 0x0080020c20
#    TILE0 WMT read index: 42
#    WMT way          0: 0 0xx
#    WMT way          1: 0 0xx
#    WMT way          2: 0 0xx
#    WMT way          3: 0 0xx
# L15_MON_END
# 
#             36321500
# TILE0 noc2 flit raw: 0x800000008084c048
#             36322500
# TILE0 noc2 flit raw: 0x000080020b800100
#             36323500
# TILE0 noc2 flit raw: 0x0000000000000000
# 36325000 TILE0 L1.5 th1: Received PCX PCX_REQTYPE_STORE   Addr 0x0080020c10, nc 0, size 4, invalall 0, pf 0, bs 0, bsi 0, l1way 0
#    Data: 0x0000000000000000
#    CSM HDID:    0, HD_SIZE:  0, SDID:    0, LSID:  0
#    CSM Data: 0x000000000
# 
#             36325000 L15 TILE0:
# NoC1 credit:  8
# NoC1 reserved credit:  1
# TILE0 Pipeline: *  X  X 
# Stage 1 status:    Operation: L15_REQTYPE_STORE
#    TILE0 S1 Address: 0x0080020c10
# L15_MON_END
# 
# 
#             36326000 L15 TILE0:
# NoC1 credit:  7
# NoC1 reserved credit:  1
# TILE0 Pipeline: X  *  X 
# Stage 2 status:    Operation: L15_REQTYPE_STORE
#    TILE0 S2 Address: 0x0080020c10
#    TILE0 S2 Cache index:  65
#    DTAG way0 state: 0x3
#    DTAG way0 data: 0x0000000080020800
#    DTAG way1 state: 0x0
#    DTAG way1 data: 0x0000000000000000
#    DTAG way2 state: 0x0
#    DTAG way2 data: 0x0000000000000000
#    DTAG way3 state: 0x0
#    DTAG way3 data: 0x0000000000000000
# HMT writing: 0
# L15_MON_END
# 
# 36327000 TILE0 L1.5 th1: Sent CPX ST_ACK   l2miss 0, nc 0, atomic 0, threadid 1, pf 0, f4b 0, iia 0, dia 0, dinval 0, iinval 0, invalway 0, blkinit 0
#    Data0: 0x0000000000000000
#    Data1: 0x0000000000000000
#    Data2: 0x0000000000000000
#    Data3: 0x0000000000000000
# 
#             36327000 L15 TILE0:
# NoC1 credit:  7
# NoC1 reserved credit:  1
# TILE0 Pipeline: X  X  * 
# Stage 3 status:    Operation: L15_REQTYPE_STORE
#    TILE0 S3 Address: 0x0080020c10
#    TILE0 WMT read index: 41
#    WMT way          0: 0 0xx
#    WMT way          1: 0 0xx
#    WMT way          2: 0 0xx
#    WMT way          3: 0 0xx
# L15_MON_END
# 
# 36331000 TILE0 L1.5 th1: Received PCX PCX_REQTYPE_STORE   Addr 0x0080020c08, nc 0, size 4, invalall 0, pf 0, bs 0, bsi 0, l1way 0
#    Data: 0x0000000000000000
#    CSM HDID:    0, HD_SIZE:  0, SDID:    0, LSID:  0
#    CSM Data: 0x000000000
# 
#             36331000 L15 TILE0:
# NoC1 credit:  8
# NoC1 reserved credit:  1
# TILE0 Pipeline: *  X  X 
# Stage 1 status:    Operation: L15_REQTYPE_STORE
#    TILE0 S1 Address: 0x0080020c08
# L15_MON_END
# 
# 
#             36332000 L15 TILE0:
# NoC1 credit:  7
# NoC1 reserved credit:  1
# TILE0 Pipeline: X  *  X 
# Stage 2 status:    Operation: L15_REQTYPE_STORE
#    TILE0 S2 Address: 0x0080020c08
#    TILE0 S2 Cache index:  64
#    DTAG way0 state: 0x3
#    DTAG way0 data: 0x0000000080020800
#    DTAG way1 state: 0x0
#    DTAG way1 data: 0x0000000000000000
#    DTAG way2 state: 0x0
#    DTAG way2 data: 0x0000000000000000
#    DTAG way3 state: 0x0
#    DTAG way3 data: 0x0000000000000000
# HMT writing: 0
# L15_MON_END
# 
# 36333000 TILE0 L1.5 th1: Sent CPX ST_ACK   l2miss 0, nc 0, atomic 0, threadid 1, pf 0, f4b 0, iia 0, dia 0, dinval 0, iinval 0, invalway 0, blkinit 0
#    Data0: 0x0000000000000000
#    Data1: 0x0000000000000000
#    Data2: 0x0000000000000000
#    Data3: 0x0000000000000000
# 
#             36333000 L15 TILE0:
# NoC1 credit:  7
# NoC1 reserved credit:  1
# TILE0 Pipeline: X  X  * 
# Stage 3 status:    Operation: L15_REQTYPE_STORE
#    TILE0 S3 Address: 0x0080020c08
#    TILE0 WMT read index: 40
#    WMT way          0: 0 0xx
#    WMT way          1: 0 0xx
#    WMT way          2: 0 0xx
#    WMT way          3: 0 0xx
# L15_MON_END
# 
# 36337000 TILE0 L1.5 th1: Received PCX PCX_REQTYPE_STORE   Addr 0x0080020b88, nc 0, size 4, invalall 0, pf 0, bs 0, bsi 0, l1way 0
#    Data: 0x800b028000000000
#    CSM HDID:    0, HD_SIZE:  0, SDID:    0, LSID:  0
#    CSM Data: 0x000000000
# 
#             36337000 L15 TILE0:
# NoC1 credit:  8
# NoC1 reserved credit:  1
# TILE0 Pipeline: *  X  X 
# Stage 1 status:    Operation: L15_REQTYPE_STORE
#    TILE0 S1 Address: 0x0080020b88
# L15_MON_END
# 
# FakeMem: input: 800004008084c008            36337500
# 
#             36338000 L15 TILE0:
# NoC1 credit:  8
# NoC1 reserved credit:  1
# TILE0 Pipeline: X  *  X 
# Stage 2 status:    Operation: L15_REQTYPE_STORE
#    TILE0 S2 Address: 0x0080020b88
#    TILE0 S2 Cache index:  56
# L15_MON_END
# 
# 36339000 TILE0 L1.5 th1: Sent CPX ST_ACK   l2miss 0, nc 0, atomic 0, threadid 1, pf 0, f4b 0, iia 0, dia 0, dinval 0, iinval 0, invalway 0, blkinit 0
#    Data0: 0x0000000000000000
#    Data1: 0x0000000000000000
#    Data2: 0x0000000000000000
#    Data3: 0x0000000000000000
# 
#             36339000 L15 TILE0:
# NoC1 credit:  8
# NoC1 reserved credit:  1
# TILE0 Pipeline: X  X  * 
# Stage 3 status:    Operation: L15_REQTYPE_STORE
#    TILE0 S3 Address: 0x0080020b88
#    TILE0 WMT read index: 38
#    WMT way          0: 0 0xx
#    WMT way          1: 0 0xx
#    WMT way          2: 0 0xx
#    WMT way          3: 0 0xx
# L15_MON_END
# 
# FakeMem: input: 0000800007400600            36342500
# FakeMem: input: 0000000000000000            36347500
# MemRead: 0000000080000740 : 9100ef00a01d93f9
# MemRead: 0000000080000748 : 09fc2a8b97070000
# MemRead: 0000000080000750 : 9387074c05472fa0
# MemRead: 0000000080000758 : e7009707000083a7
# MemRead: 0000000080000760 : 274be39c97fe9707
# MemRead: 0000000080000768 : 000083a7274ae39c
# MemRead: 0000000080000770 : 87fe170900001309
# MemRead: 0000000080000778 : e94aca8a97040000
# FakeMem: output 0000000002060001            36357500
# FakeMem: output 9100ef00a01d93f9            36362500
# FakeMem: output 09fc2a8b97070000            36367500
# FakeMem: output 9387074c05472fa0            36387500
# FakeMem: output e7009707000083a7            36392500
# FakeMem: input: 800004008084c048            36397500
# FakeMem: output 274be39c97fe9707            36397500
# FakeMem: input: 000080020b800100            36402500
#             36403500
# TILE0 noc3 flit raw: 0x0000000002060001
# TILE0-------------------------------------
#             36404500
# P2S1 msg type:    ld_mem_ack  Data_size: 110, cache_type: 1, last_subline: 1
# P2S1 valid: stall: 0, stall_pre: 0, stall_hazard: 0
# Control signals: 100
# CSM enable: 0
# SMC miss: 0
# Msg from mshr: 1
# Msg length: 00001000
# P2S1 addr: 0x0080000740
# Mshr_rd_index: 000
# Tag_addr: 0x1d
# Tag_data_in: 0x00800000200000080000020000
# Tag_data_mask_in: 0x00000000000000000003ffffff
# State_rd_addr: 0x1d
# src x: 00000000, src y: 00000000
# FakeMem: input: 0000000000000000            36407500
# MemRead: 0000000080020b80 : 0000000000000000
# MemRead: 0000000080020b88 : 0000000000000000
# MemRead: 0000000080020b90 : 0000000000000000
# MemRead: 0000000080020b98 : 0000000000000000
# MemRead: 0000000080020ba0 : 0000000000000000
# MemRead: 0000000080020ba8 : 0000000000000000
# MemRead: 0000000080020bb0 : 0000000000000000
# MemRead: 0000000080020bb8 : 0000000000000000
#             36408500
# TILE0 noc3 flit raw: 0x9100ef00a01d93f9
# FakeMem: output 000083a7274ae39c            36412500
#             36413500
# TILE0 noc3 flit raw: 0x09fc2a8b97070000
# TILE0-------------------------------------
#             36414500
# P2S2 msg type:    ld_mem_ack  Data_size: 110, cache_type: 1, last_subline: 1
# P2S2 valid: stall: 1, stall_real: 0, stall_load: 1
# Control signals: 1101000100011000000
# CSM enable: 0
# broadcast coreid: (    0,   0,   0)
# broadcast op val: 0
# SMC miss: 0
# Msg from mshr: 1
# P2S2 addr: 0x0080000740
# P2S2 valid: l2_way_sel: 00, l2_hit: 0, l2_wb: 0
# state: mesi: 00, vd: 00, subline: 0000, cache_type: 0, owner: 000000
# State data: 0x00000000000000000
# Tag data: 0x00000000000000000000000000
# Dir addr: 0x074
# Dir data: 0x0000000000000000
# Dir data mask: 0xffffffffffffffff
# Data addr: 0x1d0
# Data data: 0x7a09fc2a8b970700009c9100ef00a01d93f9
# Data data mask: 0xffffffffffffffffffffffffffffffffffff
# State data in: 0x1028005000a001400
# State data mask: 0x00000000000000000
# src x: 00000000, src y: 00000000
# FakeMem: output 87fe170900001309            36417500
# FakeMem: output e94aca8a97040000            36422500
#             36428500
# TILE0 noc3 flit raw: 0x9387074c05472fa0
#             36433500
# TILE0 noc3 flit raw: 0xe7009707000083a7
# TILE0-------------------------------------
#             36434500
# P2S2 msg type:    ld_mem_ack  Data_size: 110, cache_type: 1, last_subline: 1
# P2S2 valid: stall: 1, stall_real: 0, stall_load: 1
# Control signals: 1101000100011000000
# CSM enable: 0
# broadcast coreid: (    0,   0,   0)
# broadcast op val: 0
# SMC miss: 0
# Msg from mshr: 1
# P2S2 addr: 0x0080000740
# P2S2 valid: l2_way_sel: 00, l2_hit: 0, l2_wb: 0
# state: mesi: 00, vd: 00, subline: 0000, cache_type: 0, owner: 000000
# State data: 0x00000000000000000
# Tag data: 0x00000000000000000000000000
# Dir addr: 0x074
# Dir data: 0x0000000000000000
# Dir data mask: 0xffffffffffffffff
# Data addr: 0x1d1
# Data data: 0x65e7009707000083a7c79387074c05472fa0
# Data data mask: 0xffffffffffffffffffffffffffffffffffff
# State data in: 0x1028005000a001400
# State data mask: 0x00000000000000000
# src x: 00000000, src y: 00000000
# FakeMem: output 0000000002060041            36437500
#             36439500
# TILE0 noc3 flit raw: 0x274be39c97fe9707
# FakeMem: output 0000000000000000            36442500
# FakeMem: output 0000000000000000            36447500
#             36454500
# TILE0 noc3 flit raw: 0x000083a7274ae39c
# TILE0-------------------------------------
#             36455500
# P2S2 msg type:    ld_mem_ack  Data_size: 110, cache_type: 1, last_subline: 1
# P2S2 valid: stall: 1, stall_real: 0, stall_load: 1
# Control signals: 1101000100011000000
# CSM enable: 0
# broadcast coreid: (    0,   0,   0)
# broadcast op val: 0
# SMC miss: 0
# Msg from mshr: 1
# P2S2 addr: 0x0080000740
# P2S2 valid: l2_way_sel: 00, l2_hit: 0, l2_wb: 0
# state: mesi: 00, vd: 00, subline: 0000, cache_type: 0, owner: 000000
# State data: 0x00000000000000000
# Tag data: 0x00000000000000000000000000
# Dir addr: 0x074
# Dir data: 0x0000000000000000
# Dir data mask: 0xffffffffffffffff
# Data addr: 0x1d2
# Data data: 0x8e000083a7274ae39c67274be39c97fe9707
# Data data mask: 0xffffffffffffffffffffffffffffffffffff
# State data in: 0x1028005000a001400
# State data mask: 0x00000000000000000
# src x: 00000000, src y: 00000000
#             36459500
# TILE0 noc3 flit raw: 0x87fe170900001309
#             36465500
# TILE0 noc3 flit raw: 0xe94aca8a97040000
# TILE0-------------------------------------
#             36466500
# P2S2 msg type:    ld_mem_ack  Data_size: 110, cache_type: 1, last_subline: 1
# P2S2 valid: stall: 0, stall_real: 0, stall_load: 0
# Control signals: 1101000100011000000
# CSM enable: 0
# broadcast coreid: (    0,   0,   0)
# broadcast op val: 0
# SMC miss: 0
# Msg from mshr: 1
# P2S2 addr: 0x0080000740
# P2S2 valid: l2_way_sel: 00, l2_hit: 0, l2_wb: 0
# state: mesi: 00, vd: 00, subline: 0000, cache_type: 0, owner: 000000
# State data: 0x00000000000000000
# Tag data: 0x00000000000000000000000000
# Dir addr: 0x074
# Dir data: 0x0000000000000000
# Dir data mask: 0xffffffffffffffff
# Data addr: 0x1d3
# Data data: 0x97e94aca8a970400004187fe170900001309
# Data data mask: 0xffffffffffffffffffffffffffffffffffff
# State data in: 0x1028005000a001400
# State data mask: 0x00000000000001bc0
# src x: 00000000, src y: 00000000
# TILE0-------------------------------------
#             36467500
# SMC miss: 0
# CSM enable: 0
# P2S3 State wr addr: 0x1d
# Mshr wr index: 000
# MSHR state wr en: 1
# MSHR inc inv counter en: 0
# State wr en: 1
# FakeMem: output 0000000000000000            36467500
# TILE0-------------------------------------
#             36468500
#             36468500 P1S1 msg type:     ld_req     addr: 0x0080000740, Data_size: 110, cache_type: 1
# P1S1 valid: stall: 0, stall_pre: 0, stall_hazard: 0, stall_mshr: 0, stall_msg: 0, stall_global: 0
# Control signals: 111
# CSM enable: 0
# Special addr type: 0
# Msg from mshr: 1
# P1S1 addr: 0x0080000740
# Mshr_addr: 0x00
# Tag_addr: 0x1d
# Tag data in: 0x00000000000000000000000000
# Tag data mask in: 0x00000000000000000003ffffff
# State_rd_addr: 0x1d
# Msg data: 0x0000000000000000
# Msg length: 00110000
# src x: 00000000, src y: 00000000
# sdid:    0, lsid:  0
# TILE0-------------------------------------
#             36469500
#             36469500 P1S2 msg type:     ld_req     addr: 0x0080000740, Data_size: 110, cache_type: 1
# P1S2 valid: recycle: 0, stall: 1, stall_pre: 0, stall_real: 0, stall_load: 1, stall_msg: 0, stall_global: 0
# Control signals: 000010001101001010100010111
# CSM enable: 0
# Special addr type: 0
# Msg from mshr: 1
# P1S2 addr: 0x0080000740
# P1S2 valid: l2_way_sel: 00, l2_hit: 1, l2_evict: 0, l2_wb: 0
# State VD bits: 00 00 00 10
# State: rb: 00, lru: 0000, mesi: 00, vd: 10, subline: 0000, cache_type: 0, owner: 000000
# Msg data valid: 0
# Msg data ready: 0
# Msg data: 0x0000000000000000
# Return data: 0x0000000000000000
# State data: 0x00000000000001000
# Tag data: 0x00000000000000000000020000
# Dir addr: 0x074
# Dir data: 0xffffffffffffffff
# Dir data mask: 0x0000000000000001
# Data addr: 0x1d0
# Data data: 0x000000000000000000000000000000000000
# Data data mask: 0xffffffffffffffffffffffffffffffffffff
# State data in: 0x114980930126024c0
# State data mask in: 0x0f0000000000067ff
# src x: 00000000, src y: 00000000
# sdid:    0, lsid:  0
# TILE0-------------------------------------
#             36470500
#             36470500 P1S2 msg type:     ld_req     addr: 0x0080000740, Data_size: 110, cache_type: 1
# P1S2 valid: recycle: 0, stall: 0, stall_pre: 0, stall_real: 0, stall_load: 0, stall_msg: 0, stall_global: 0
# Control signals: 000010001101001010100010111
# CSM enable: 0
# Special addr type: 0
# Msg from mshr: 1
# P1S2 addr: 0x0080000740
# P1S2 valid: l2_way_sel: 00, l2_hit: 1, l2_evict: 0, l2_wb: 0
# State VD bits: 00 00 00 10
# State: rb: 00, lru: 0000, mesi: 00, vd: 10, subline: 0000, cache_type: 0, owner: 000000
# Msg data valid: 0
# Msg data ready: 0
# Msg data: 0x0000000000000000
# Return data: 0x0000000000000000
# State data: 0x00000000000001000
# Tag data: 0x00000000000000000000020000
# Dir addr: 0x074
# Dir data: 0xffffffffffffffff
# Dir data mask: 0x0000000000000001
# Data addr: 0x1d1
# Data data: 0x000000000000000000000000000000000000
# Data data mask: 0xffffffffffffffffffffffffffffffffffff
# State data in: 0x114980930126024c0
# State data mask in: 0x0f0000000000067ff
# src x: 00000000, src y: 00000000
# sdid:    0, lsid:  0
# TILE0-------------------------------------
#             36470500
#             36470500 P1S3 msg type:     ld_req     addr: 0x0080000740, Data_size: 110, cache_type: 1
# P1S3 valid: recycle: 0, stall: 0
# State wr en: 0
# Dir data: 0xxxxxxxxxxxxxxxxx
# CSM enable: 0
# Msg from mshr: 1
# P1S3 addr: 0x0080000740
# P1S3 valid: l2_hit: 1, l2_evict: 0
# Data data: 0x7a09fc2a8b970700009c9100ef00a01d93f9
# State:mesi: 00, vd: 10, subline: 0000, cache_type: 0, owner: 000000
# sdid:    0, lsid:  0
# TILE0-------------------------------------
#             36471500
#             36471500 P1S3 msg type:     ld_req     addr: 0x0080000740, Data_size: 110, cache_type: 1
# P1S3 valid: recycle: 0, stall: 0
# State wr en: 1
# Dir data: 0xxxxxxxxxxxxxxxxx
# CSM enable: 0
# Msg from mshr: 1
# P1S3 addr: 0x0080000740
# P1S3 valid: l2_hit: 1, l2_evict: 0
# Data data: 0x65e7009707000083a7c79387074c05472fa0
# State:mesi: 00, vd: 10, subline: 0000, cache_type: 0, owner: 000000
# sdid:    0, lsid:  0
# TILE0-------------------------------------
#             36471500
#             36471500 P1S4 msg type:     ld_req     addr: 0x0080000740, Data_size: 110, cache_type: 1
# P1S4 valid: recycle: 0, stall: 0, msg_stall: 0, dir_data_stall: 0, stall_inv_counter: 0, stall_smc_buf: 0, smc_stall: 0, global_stall: 0, broadcast_stall: 0
# Control signals: 0100011101000011110
# CSM enable: 0
# broadcast coreid: (    0,   0,   0)
# broadcast state: 0, broadcast op val: 0
# Special addr type: 0
# MSHR state wr en: 0
# MSHR data wr en: 0
# MSHR data wr : 0x000000000000000000047f4040080000740
# MSHR inv counter :  0
# State wr en: 0
# Dir data: 0xxxxxxxxxxxxxxxxx
# Dir sharer counter:  1
# State data in: 0x010000000000024c0
# State data mask in: 0x0f0000000000067ff
# State wr addr: 0x1d
# Msg data: 0x0000000000000000
# SMC miss: 0
# SMC data out: 0x00000000
# SMC tag out: 0x0000
# SMC valid out: 0x0
# Msg send valid: 1, send ready: 1, mode: 011, length: 00000100
# Msg send type:     data_ack   Msg send data_size: 000, cache_type: 1, mesi: 01, l2_miss: 1, mshrid: 00000001, subline_vector: 0000
# Msg from mshr: 1
# P1S4 addr: 0x0080000740
# P1S4 valid: l2_hit: 1, l2_evict: 0
# Data data: 0x7a09fc2a8b970700009c9100ef00a01d93f9
# State:mesi: 00, vd: 10, subline: 0000, cache_type: 0, owner: 000000
# Msg send: addr: 0x0080000740, dst_x: 00000000, dst_y: 00000000, dst_fbits: 0000
# Msg send data: 0x09fc2a8b970700009100ef00a01d93f9
# src x: 00000000, src y: 00000000
# sdid:    0, lsid:  0
# TILE0-------------------------------------
#             36472500
#             36472500 P1S4 msg type:     ld_req     addr: 0x0080000740, Data_size: 110, cache_type: 1
# P1S4 valid: recycle: 0, stall: 0, msg_stall: 0, dir_data_stall: 0, stall_inv_counter: 0, stall_smc_buf: 0, smc_stall: 0, global_stall: 0, broadcast_stall: 0
# Control signals: 0100011101000011110
# CSM enable: 0
# broadcast coreid: (    0,   0,   0)
# broadcast state: 0, broadcast op val: 0
# Special addr type: 0
# MSHR state wr en: 0
# MSHR data wr en: 0
# MSHR data wr : 0x000000000000000000047f4040080000740
# MSHR inv counter :  0
# State wr en: 1
# Dir data: 0xxxxxxxxxxxxxxxxx
# Dir sharer counter:  1
# State data in: 0x010000000000024c0
# State data mask in: 0x0f0000000000067ff
# State wr addr: 0x1d
# Msg data: 0x0000000000000000
# SMC miss: 0
# SMC data out: 0x00000000
# SMC tag out: 0x0000
# SMC valid out: 0x0
# Msg send valid: 1, send ready: 1, mode: 111, length: 00000100
# Msg send type:     data_ack   Msg send data_size: 000, cache_type: 1, mesi: 01, l2_miss: 1, mshrid: 00000001, subline_vector: 0000
# Msg from mshr: 1
# P1S4 addr: 0x0080000740
# P1S4 valid: l2_hit: 1, l2_evict: 0
# Data data: 0x65e7009707000083a7c79387074c05472fa0
# State:mesi: 00, vd: 10, subline: 0000, cache_type: 0, owner: 000000
# Msg send: addr: 0x0080000740, dst_x: 00000000, dst_y: 00000000, dst_fbits: 0000
# Msg send data: 0xe7009707000083a79387074c05472fa0
# src x: 00000000, src y: 00000000
# sdid:    0, lsid:  0
#             36472500
# TILE0 noc2 flit raw: 0x0000000001074058
# FakeMem: output 0000000000000000            36472500
#             36473500
# TILE0 noc2 flit raw: 0x9100ef00a01d93f9
#             36474500
# TILE0 noc2 flit raw: 0x09fc2a8b97070000
#             36475500
# TILE0 noc2 flit raw: 0x9387074c05472fa0
#             36476500
# TILE0 noc2 flit raw: 0xe7009707000083a7
# FakeMem: output 0000000000000000            36477500
# 36480000 TILE0 L1.5: Received NOC2                                                MSG_TYPE_DATA_ACK   mshrid 1, l2miss 1, f4b 0, ackstate 1, address 0x00ef00a01d
#    Data1: 0x9100ef00a01d93f9
#    Data2: 0x09fc2a8b97070000
#    Data3: 0x9387074c05472fa0
#    Data4: 0xe7009707000083a7
# 
#             36480000 L15 TILE0:
# NoC1 credit:  8
# NoC1 reserved credit:  1
# TILE0 Pipeline: *  X  X 
# Stage 1 status:    Operation: L15_REQTYPE_ACKDT_IFILL
#    TILE0 S1 Address: 0x0000000000
# L15_MON_END
# 
# 
#             36481000 L15 TILE0:
# NoC1 credit:  8
# NoC1 reserved credit:  1
# TILE0 Pipeline: X  *  X 
# Stage 2 status:    Operation: L15_REQTYPE_ACKDT_IFILL
#    TILE0 S2 Address: 0x0000000000
#    TILE0 S2 Cache index:   0
# L15_MON_END
# 
# 36482000 TILE0 L1.5 th0: Sent CPX IFILL_RET   l2miss 1, nc 0, atomic 0, threadid 0, pf 0, f4b 0, iia 0, dia 0, dinval 0, iinval 0, invalway 0, blkinit 0
#    Data0: 0x9100ef00a01d93f9
#    Data1: 0x09fc2a8b97070000
#    Data2: 0x9387074c05472fa0
#    Data3: 0xe7009707000083a7
# 
#             36482000 L15 TILE0:
# NoC1 credit:  8
# NoC1 reserved credit:  1
# TILE0 Pipeline: X  X  * 
# Stage 3 status:    Operation: L15_REQTYPE_ACKDT_IFILL
#    TILE0 S3 Address: 0x0000000000
# L15_MON_END
# 
#             36483500
# TILE0 noc3 flit raw: 0x0000000002060041
# TILE0-------------------------------------
#             36484500
# P2S1 msg type:    ld_mem_ack  Data_size: 001, cache_type: 0, last_subline: 1
# P2S1 valid: stall: 0, stall_pre: 0, stall_hazard: 0
# Control signals: 100
# CSM enable: 0
# SMC miss: 0
# Msg from mshr: 1
# Msg length: 00001000
# P2S1 addr: 0x0080020b80
# Mshr_rd_index: 001
# Tag_addr: 0x2e
# Tag_data_in: 0x00800200200080080020020008
# Tag_data_mask_in: 0x00000000000000000003ffffff
# State_rd_addr: 0x2e
# src x: 00000000, src y: 00000000
# 36488000 TILE0 L1.5 th0: Received PCX PCX_REQTYPE_IFILL   Addr 0x0080000900, nc 0, size 6, invalall 0, pf 0, bs 0, bsi 0, l1way 0
#    Data: 0x0000000000000000
#    CSM HDID:    0, HD_SIZE:  0, SDID:    0, LSID:  0
#    CSM Data: 0x000000000
# 
#             36488000 L15 TILE0:
# NoC1 credit:  8
# NoC1 reserved credit:  1
# TILE0 Pipeline: *  X  X 
# Stage 1 status:    Operation: L15_REQTYPE_IFILL
#    TILE0 S1 Address: 0x0080000900
# L15_MON_END
# 
#             36488500
# TILE0 noc3 flit raw: 0x0000000000000000
# 
#             36489000 L15 TILE0:
# NoC1 credit:  7
# NoC1 reserved credit:  1
# TILE0 Pipeline: X  *  X 
# Stage 2 status:    Operation: L15_REQTYPE_IFILL
#    TILE0 S2 Address: 0x0080000900
#    TILE0 S2 Cache index:  16
#    CSM op:  1
#       CSM read ticket: 0x1
# L15_MON_END
# 
#             36489000: TILE0 L15_CSM REQ MON:
# L15 CSM req addr: 0x0080000900
# L15 CSM req ticket: 1
# L15 CSM req type: 0
# L15 CSM req data: 0x00000000000000000000000000000000
# L15 CSM req pcx data: 0x000000000
# 
#             36490000 L15 TILE0:
# NoC1 credit:  7
# NoC1 reserved credit:  1
# TILE0 Pipeline: X  X  * 
# Stage 3 status:    Operation: L15_REQTYPE_IFILL
#    TILE0 S3 Address: 0x0080000900
# L15_MON_END
# 
#             36490000: TILE0 L15_CSM RES MON:
# L15 CSM res data: 0x0000000000000000
#             36491000
# TILE0 noc1 flit raw: 0x000000000087c040
#    srcX:   0, srcY:   0
#    destX:   0, destY:   0
#             36492000
# TILE0 noc1 flit raw: 0x0000800009000e00
#    srcX:   0, srcY:   0
#    destX:   0, destY:   0
# FakeMem: output 0000000000000000            36492500
#             36493000
# TILE0 noc1 flit raw: 0x0000000000000000
#    srcX:   0, srcY:   0
#    destX:   0, destY:   0
# 36493000 TILE0 L1.5: Sending NOC1                                   L15_NOC1_REQTYPE_IFILL_REQUEST   mshrid 1, nc 0, size 6, pf 0, address 80000900
#    Data0: 0x0000000000000000
#    Data1: 0x0000000000000000
#    Destination X:   0 Y:   0
#             36494500
# TILE0 noc3 flit raw: 0x0000000000000000
# TILE0-------------------------------------
#             36495500
# P2S2 msg type:    ld_mem_ack  Data_size: 001, cache_type: 0, last_subline: 1
# P2S2 valid: stall: 1, stall_real: 0, stall_load: 1
# Control signals: 1101000100011000000
# CSM enable: 0
# broadcast coreid: (    0,   0,   0)
# broadcast op val: 0
# SMC miss: 0
# Msg from mshr: 1
# P2S2 addr: 0x0080020b80
# P2S2 valid: l2_way_sel: 00, l2_hit: 0, l2_wb: 0
# state: mesi: 00, vd: 10, subline: 0000, cache_type: 0, owner: 000000
# State data: 0x00000000000001000
# Tag data: 0x00000000000000000000020000
# Dir addr: 0x0b8
# Dir data: 0x0000000000000000
# Dir data mask: 0xffffffffffffffff
# Data addr: 0x2e0
# Data data: 0x000000000000000000000000000000000000
# Data data mask: 0xffffffffffffffffffffffffffffffffffff
# State data in: 0x10200040008001000
# State data mask: 0x00000000000000000
# src x: 00000000, src y: 00000000
# TILE0-------------------------------------
#             36497500
#             36497500 P1S1 msg type:     ld_req     addr: 0x0080000900, Data_size: 110, cache_type: 1
# P1S1 valid: stall: 0, stall_pre: 0, stall_hazard: 0, stall_mshr: 0, stall_msg: 0, stall_global: 0
# Control signals: 111
# CSM enable: 0
# Special addr type: 0
# Msg from mshr: 0
# P1S1 addr: 0x0080000900
# Mshr_addr: 0x24
# Tag_addr: 0x24
# Tag data in: 0x00000000000000000000000000
# Tag data mask in: 0x00000000000000000003ffffff
# State_rd_addr: 0x24
# Msg data: 0x0000000000000000
# Msg length: 00000010
# src x: 00000000, src y: 00000000
# sdid:    0, lsid:  0
# FakeMem: output 0000000000000000            36497500
# FakeMem: output 0000000000000000            36502500
#             36508500
# TILE0 noc3 flit raw: 0x0000000000000000
#             36514500
# TILE0 noc3 flit raw: 0x0000000000000000
# TILE0-------------------------------------
#             36515500
# P2S2 msg type:    ld_mem_ack  Data_size: 001, cache_type: 0, last_subline: 1
# P2S2 valid: stall: 1, stall_real: 0, stall_load: 1
# Control signals: 1101000100011000000
# CSM enable: 0
# broadcast coreid: (    0,   0,   0)
# broadcast op val: 0
# SMC miss: 0
# Msg from mshr: 1
# P2S2 addr: 0x0080020b80
# P2S2 valid: l2_way_sel: 00, l2_hit: 0, l2_wb: 0
# state: mesi: 00, vd: 10, subline: 0000, cache_type: 0, owner: 000000
# State data: 0x00000000000000000
# Tag data: 0x00000000000000000000000000
# Dir addr: 0x0b8
# Dir data: 0x0000000000000000
# Dir data mask: 0xffffffffffffffff
# Data addr: 0x2e1
# Data data: 0x000000000000000000000000000000000000
# Data data mask: 0xffffffffffffffffffffffffffffffffffff
# State data in: 0x10200040008001000
# State data mask: 0x00000000000000000
# src x: 00000000, src y: 00000000
#             36519500
# TILE0 noc3 flit raw: 0x0000000000000000
#             36534500
# TILE0 noc3 flit raw: 0x0000000000000000
# TILE0-------------------------------------
#             36535500
# P2S2 msg type:    ld_mem_ack  Data_size: 001, cache_type: 0, last_subline: 1
# P2S2 valid: stall: 1, stall_real: 0, stall_load: 1
# Control signals: 1101000100011000000
# CSM enable: 0
# broadcast coreid: (    0,   0,   0)
# broadcast op val: 0
# SMC miss: 0
# Msg from mshr: 1
# P2S2 addr: 0x0080020b80
# P2S2 valid: l2_way_sel: 00, l2_hit: 0, l2_wb: 0
# state: mesi: 00, vd: 10, subline: 0000, cache_type: 0, owner: 000000
# State data: 0x00000000000000000
# Tag data: 0x00000000000000000000000000
# Dir addr: 0x0b8
# Dir data: 0x0000000000000000
# Dir data mask: 0xffffffffffffffff
# Data addr: 0x2e2
# Data data: 0x000000000000000000000000000000000000
# Data data mask: 0xffffffffffffffffffffffffffffffffffff
# State data in: 0x10200040008001000
# State data mask: 0x00000000000000000
# src x: 00000000, src y: 00000000
#             36539500
# TILE0 noc3 flit raw: 0x0000000000000000
#             36545500
# TILE0 noc3 flit raw: 0x0000000000000000
# TILE0-------------------------------------
#             36546500
# P2S2 msg type:    ld_mem_ack  Data_size: 001, cache_type: 0, last_subline: 1
# P2S2 valid: stall: 0, stall_real: 0, stall_load: 0
# Control signals: 1101000100011000000
# CSM enable: 0
# broadcast coreid: (    0,   0,   0)
# broadcast op val: 0
# SMC miss: 0
# Msg from mshr: 1
# P2S2 addr: 0x0080020b80
# P2S2 valid: l2_way_sel: 00, l2_hit: 0, l2_wb: 0
# state: mesi: 00, vd: 10, subline: 0000, cache_type: 0, owner: 000000
# State data: 0x00000000000000000
# Tag data: 0x00000000000000000000000000
# Dir addr: 0x0b8
# Dir data: 0x0000000000000000
# Dir data mask: 0xffffffffffffffff
# Data addr: 0x2e3
# Data data: 0x000000000000000000000000000000000000
# Data data mask: 0xffffffffffffffffffffffffffffffffffff
# State data in: 0x10200040008001000
# State data mask: 0x00000000000001bc0
# src x: 00000000, src y: 00000000
# TILE0-------------------------------------
#             36547500
#             36547500 P1S2 msg type:     ld_req     addr: 0x0080000900, Data_size: 110, cache_type: 1
# P1S2 valid: recycle: 0, stall: 0, stall_pre: 0, stall_real: 0, stall_load: 0, stall_msg: 0, stall_global: 0
# Control signals: 000001000110000000000000000
# CSM enable: 0
# Special addr type: 0
# Msg from mshr: 0
# P1S2 addr: 0x0080000900
# P1S2 valid: l2_way_sel: 00, l2_hit: 0, l2_evict: 0, l2_wb: 0
# State VD bits: 00 00 00 00
# State: rb: 00, lru: 0000, mesi: 00, vd: 00, subline: 0000, cache_type: 0, owner: 000000
# Msg data valid: 0
# Msg data ready: 0
# Msg data: 0x0000000000000000
# Return data: 0x0000000000000000
# State data: 0x00000000000000000
# Tag data: 0x00000000000000000000000000
# Dir addr: 0x090
# Dir data: 0xffffffffffffffff
# Dir data mask: 0x0000000000000001
# Data addr: 0x240
# Data data: 0x000000000000000000000000000000000000
# Data data mask: 0xffffffffffffffffffffffffffffffffffff
# State data in: 0x10080010002000400
# State data mask in: 0x00000000000000000
# src x: 00000000, src y: 00000000
# sdid:    0, lsid:  0
# TILE0-------------------------------------
#             36547500
# SMC miss: 0
# CSM enable: 0
# P2S3 State wr addr: 0x2e
# Mshr wr index: 001
# MSHR state wr en: 1
# MSHR inc inv counter en: 0
# State wr en: 1
# TILE0-------------------------------------
#             36548500
#             36548500 P1S1 msg type:     st_req     addr: 0x0080020b80, Data_size: 001, cache_type: 0
# P1S1 valid: stall: 0, stall_pre: 0, stall_hazard: 0, stall_mshr: 0, stall_msg: 0, stall_global: 0
# Control signals: 111
# CSM enable: 0
# Special addr type: 0
# Msg from mshr: 1
# P1S1 addr: 0x0080020b80
# Mshr_addr: 0x00
# Tag_addr: 0x2e
# Tag data in: 0x00000000000000000000000000
# Tag data mask in: 0x00000000000000000003ffffff
# State_rd_addr: 0x2e
# Msg data: 0x0000000000000000
# Msg length: 00110000
# src x: 00000000, src y: 00000000
# sdid:    0, lsid:  0
# TILE0-------------------------------------
#             36548500
#             36548500 P1S3 msg type:     ld_req     addr: 0x0080000900, Data_size: 110, cache_type: 1
# P1S3 valid: recycle: 0, stall: 0
# State wr en: 0
# Dir data: 0xxxxxxxxxxxxxxxxx
# CSM enable: 0
# Msg from mshr: 0
# P1S3 addr: 0x0080000900
# P1S3 valid: l2_hit: 0, l2_evict: 0
# Data data: 0x65e7009707000083a7c79387074c05472fa0
# State:mesi: 00, vd: 00, subline: 0000, cache_type: 0, owner: 000000
# sdid:    0, lsid:  0
# TILE0-------------------------------------
#             36549500
#             36549500 P1S2 msg type:     st_req     addr: 0x0080020b80, Data_size: 001, cache_type: 0
# P1S2 valid: recycle: 0, stall: 0, stall_pre: 0, stall_real: 0, stall_load: 0, stall_msg: 0, stall_global: 0
# Control signals: 000001001101011010100011011
# CSM enable: 0
# Special addr type: 0
# Msg from mshr: 1
# P1S2 addr: 0x0080020b80
# P1S2 valid: l2_way_sel: 00, l2_hit: 1, l2_evict: 0, l2_wb: 0
# State VD bits: 00 00 00 10
# State: rb: 00, lru: 0000, mesi: 00, vd: 10, subline: 0000, cache_type: 0, owner: 000000
# Msg data valid: 0
# Msg data ready: 0
# Msg data: 0x0000000000000000
# Return data: 0x0000000000000000
# State data: 0x00000000000001000
# Tag data: 0x00000000000000000000020008
# Dir addr: 0x0b8
# Dir data: 0xffffffffffffffff
# Dir data mask: 0x0000000000000001
# Data addr: 0x2e0
# Data data: 0x000000000000000000000000000000000000
# Data data mask: 0x000000000000000000ffffffffffffffffff
# State data in: 0x11808101020204040
# State data mask in: 0x0f0000000000067ff
# src x: 00000000, src y: 00000000
# sdid:    0, lsid:  0
# TILE0-------------------------------------
#             36549500
#             36549500 P1S4 msg type:     ld_req     addr: 0x0080000900, Data_size: 110, cache_type: 1
# P1S4 valid: recycle: 0, stall: 0, msg_stall: 0, dir_data_stall: 0, stall_inv_counter: 0, stall_smc_buf: 0, smc_stall: 0, global_stall: 0, broadcast_stall: 0
# Control signals: 0100010011000011110
# CSM enable: 0
# broadcast coreid: (    0,   0,   0)
# broadcast state: 0, broadcast op val: 0
# Special addr type: 0
# MSHR state wr en: 1
# MSHR data wr en: 1
# MSHR data wr : 0x000000000000000000047f4040080000900
# MSHR inv counter :  0
# State wr en: 0
# Dir data: 0xxxxxxxxxxxxxxxxx
# Dir sharer counter:  1
# State data in: 0x00000000000000000
# State data mask in: 0x00000000000000000
# State wr addr: 0x24
# Msg data: 0x0000000000000000
# SMC miss: 0
# SMC data out: 0x00000000
# SMC tag out: 0x0000
# SMC valid out: 0x0
# Msg send valid: 1, send ready: 1, mode: 100, length: 00000010
# Msg send type:      ld_mem    Msg send data_size: 110, cache_type: 0, mesi: 00, l2_miss: 1, mshrid: 00000000, subline_vector: 0000
# Msg from mshr: 0
# P1S4 addr: 0x0080000900
# P1S4 valid: l2_hit: 0, l2_evict: 0
# Data data: 0x65e7009707000083a7c79387074c05472fa0
# State:mesi: 00, vd: 00, subline: 0000, cache_type: 0, owner: 000000
# Msg send: addr: 0x0080000900, dst_x: 00000000, dst_y: 00000000, dst_fbits: 0010
# Msg send data: 0xe7009707000083a79387074c05472fa0
# src x: 00000000, src y: 00000000
# sdid:    0, lsid:  0
# TILE0-------------------------------------
#             36550500
#             36550500 P1S3 msg type:     st_req     addr: 0x0080020b80, Data_size: 001, cache_type: 0
# P1S3 valid: recycle: 0, stall: 0
# State wr en: 1
# Dir data: 0xxxxxxxxxxxxxxxxx
# CSM enable: 0
# Msg from mshr: 1
# P1S3 addr: 0x0080020b80
# P1S3 valid: l2_hit: 1, l2_evict: 0
# Data data: 0x000000000000000000000000000000000000
# State:mesi: 00, vd: 10, subline: 0000, cache_type: 0, owner: 000000
# sdid:    0, lsid:  0
#             36550500
# TILE0 noc2 flit raw: 0x800000008084c008
# TILE0-------------------------------------
#             36551500
#             36551500 P1S4 msg type:     st_req     addr: 0x0080020b80, Data_size: 001, cache_type: 0
# P1S4 valid: recycle: 0, stall: 0, msg_stall: 0, dir_data_stall: 0, stall_inv_counter: 0, stall_smc_buf: 0, smc_stall: 0, global_stall: 0, broadcast_stall: 0
# Control signals: 0100011101000011110
# CSM enable: 0
# broadcast coreid: (    0,   0,   0)
# broadcast state: 0, broadcast op val: 0
# Special addr type: 0
# MSHR state wr en: 0
# MSHR data wr en: 0
# MSHR data wr : 0x000000000000000000040880c0080020b80
# MSHR inv counter :  0
# State wr en: 1
# Dir data: 0xxxxxxxxxxxxxxxxx
# Dir sharer counter:  1
# State data in: 0x01000000000004040
# State data mask in: 0x0f0000000000067ff
# State wr addr: 0x2e
# Msg data: 0x0000000000000000
# SMC miss: 0
# SMC data out: 0x00000000
# SMC tag out: 0x0000
# SMC valid out: 0x0
# Msg send valid: 1, send ready: 1, mode: 011, length: 00000010
# Msg send type:     data_ack   Msg send data_size: 000, cache_type: 0, mesi: 11, l2_miss: 1, mshrid: 00000011, subline_vector: 0000
# Msg from mshr: 1
# P1S4 addr: 0x0080020b80
# P1S4 valid: l2_hit: 1, l2_evict: 0
# Data data: 0x000000000000000000000000000000000000
# State:mesi: 00, vd: 10, subline: 0000, cache_type: 0, owner: 000000
# Msg send: addr: 0x0080020b80, dst_x: 00000000, dst_y: 00000000, dst_fbits: 0000
# Msg send data: 0x00000000000000000000000000000000
# src x: 00000000, src y: 00000000
# sdid:    0, lsid:  0
#             36551500
# TILE0 noc2 flit raw: 0x0000800009000600
#             36552500
# TILE0 noc2 flit raw: 0x0000000000000000
#             36553500
# TILE0 noc2 flit raw: 0x00000000008740f8
#             36554500
# TILE0 noc2 flit raw: 0x0000000000000000
#             36555500
# TILE0 noc2 flit raw: 0x0000000000000000
# 36560000 TILE0 L1.5: Received NOC2                                                MSG_TYPE_DATA_ACK   mshrid 3, l2miss 1, f4b 0, ackstate 3, address 0x0000000000
#    Data1: 0x0000000000000000
#    Data2: 0x0000000000000000
#    Data3: 0x0000000000000000
#    Data4: 0x0000000000000000
# 
#             36560000 L15 TILE0:
# NoC1 credit:  8
# NoC1 reserved credit:  1
# TILE0 Pipeline: *  X  X 
# Stage 1 status:    Operation: L15_REQTYPE_ACKDT_ST_IM
#    TILE0 S1 Address: 0x0080020b80
# L15_MON_END
# 
# 
#             36561000 L15 TILE0:
# NoC1 credit:  7
# NoC1 reserved credit:  0
# TILE0 Pipeline: *  *  X 
# Stage 1 status:    Operation: L15_REQTYPE_ACKDT_ST_IM
#    TILE0 S1 Address: 0x0080020b80
# Stage 2 status:    Operation: L15_REQTYPE_ACKDT_ST_IM
#    TILE0 S2 Address: 0x0080020b80
#    TILE0 S2 Cache index:  56
#    DTAG way0 state: 0x0
#    DTAG way0 data: 0x0000000000000000
#    DTAG way1 state: 0x0
#    DTAG way1 data: 0x0000000000000000
#    DTAG way2 state: 0x0
#    DTAG way2 data: 0x0000000000000000
#    DTAG way3 state: 0x0
#    DTAG way3 data: 0x0000000000000000
# L15_MON_END
# 
# 
#             36562000 L15 TILE0:
# NoC1 credit:  7
# NoC1 reserved credit:  0
# TILE0 Pipeline: X  *  * 
# Stage 2 status:    Operation: L15_REQTYPE_ACKDT_ST_IM
#    TILE0 S2 Address: 0x0080020b80
#    TILE0 S2 Cache index:  56
#    MESI write way: 0x0
#    MESI write data: 0x3
# HMT writing: 0
# Stage 3 status:    Operation: L15_REQTYPE_ACKDT_ST_IM
#    TILE0 S3 Address: 0x0080020b80
#    TILE0 WMT read index: 38
#    WMT way          0: 0 0xx
#    WMT way          1: 0 0xx
#    WMT way          2: 0 0xx
#    WMT way          3: 0 0xx
# L15_MON_END
# 
# 36563000 TILE0 L1.5 th0: Sent CPX ST_ACK   l2miss 1, nc 0, atomic 0, threadid 0, pf 0, f4b 0, iia 0, dia 0, dinval 0, iinval 0, invalway 0, blkinit 0
#    Data0: 0x0000000000000000
#    Data1: 0x0000000000000000
#    Data2: 0x0000000000000000
#    Data3: 0x0000000000000000
# 
#             36563000 L15 TILE0:
# NoC1 credit:  8
# NoC1 reserved credit:  0
# TILE0 Pipeline: X  X  * 
# Stage 3 status:    Operation: L15_REQTYPE_ACKDT_ST_IM
#    TILE0 S3 Address: 0x0080020b80
# L15_MON_END
# 
# 36567000 TILE0 L1.5 th1: Received PCX PCX_REQTYPE_STORE   Addr 0x0080020b81, nc 0, size 1, invalall 0, pf 0, bs 0, bsi 0, l1way 0
#    Data: 0x0101010101010101
#    CSM HDID:    0, HD_SIZE:  0, SDID:    0, LSID:  0
#    CSM Data: 0x000000000
# 
#             36567000 L15 TILE0:
# NoC1 credit:  8
# NoC1 reserved credit:  0
# TILE0 Pipeline: *  X  X 
# Stage 1 status:    Operation: L15_REQTYPE_STORE
#    TILE0 S1 Address: 0x0080020b81
# L15_MON_END
# 
# 
#             36568000 L15 TILE0:
# NoC1 credit:  7
# NoC1 reserved credit:  0
# TILE0 Pipeline: X  *  X 
# Stage 2 status:    Operation: L15_REQTYPE_STORE
#    TILE0 S2 Address: 0x0080020b81
#    TILE0 S2 Cache index:  56
#    DTAG way0 state: 0x3
#    DTAG way0 data: 0x0000000080020800
#    DTAG way1 state: 0x0
#    DTAG way1 data: 0x0000000000000000
#    DTAG way2 state: 0x0
#    DTAG way2 data: 0x0000000000000000
#    DTAG way3 state: 0x0
#    DTAG way3 data: 0x0000000000000000
# HMT writing: 0
# L15_MON_END
# 
# 36569000 TILE0 L1.5 th1: Sent CPX ST_ACK   l2miss 0, nc 0, atomic 0, threadid 1, pf 0, f4b 0, iia 0, dia 0, dinval 0, iinval 0, invalway 0, blkinit 0
#    Data0: 0x0000000000000000
#    Data1: 0x0000000000000000
#    Data2: 0x0000000000000000
#    Data3: 0x0000000000000000
# 
#             36569000 L15 TILE0:
# NoC1 credit:  7
# NoC1 reserved credit:  0
# TILE0 Pipeline: X  X  * 
# Stage 3 status:    Operation: L15_REQTYPE_STORE
#    TILE0 S3 Address: 0x0080020b81
#    TILE0 WMT read index: 38
#    WMT way          0: 0 0xx
#    WMT way          1: 0 0xx
#    WMT way          2: 0 0xx
#    WMT way          3: 0 0xx
# L15_MON_END
# 
# FakeMem: input: 800004008084c008            36617500
# FakeMem: input: 0000800009000600            36622500
# FakeMem: input: 0000000000000000            36627500
# MemRead: 0000000080000900 : e500edf619c23305
# MemRead: 0000000080000908 : a040828083c60700
# MemRead: 0000000080000910 : 0146e1fe01458280
# MemRead: 0000000080000918 : 0145edb7011122e8
# MemRead: 0000000080000920 : 26e44ae006ec2e89
# MemRead: 0000000080000928 : 0144930400028337
# MemRead: 0000000080000930 : 0900228617050000
# MemRead: 0000000080000938 : 1305450883c50700
# FakeMem: output 0000000002060001            36637500
# FakeMem: output e500edf619c23305            36642500
# FakeMem: output a040828083c60700            36647500
# FakeMem: output 0146e1fe01458280            36667500
# FakeMem: output 0145edb7011122e8            36672500
# FakeMem: output 26e44ae006ec2e89            36677500
#             36683500
# TILE0 noc3 flit raw: 0x0000000002060001
# TILE0-------------------------------------
#             36684500
# P2S1 msg type:    ld_mem_ack  Data_size: 110, cache_type: 1, last_subline: 1
# P2S1 valid: stall: 0, stall_pre: 0, stall_hazard: 0
# Control signals: 100
# CSM enable: 0
# SMC miss: 0
# Msg from mshr: 1
# Msg length: 00001000
# P2S1 addr: 0x0080000900
# Mshr_rd_index: 000
# Tag_addr: 0x24
# Tag_data_in: 0x00800000200000080000020000
# Tag_data_mask_in: 0x00000000000000000003ffffff
# State_rd_addr: 0x24
# src x: 00000000, src y: 00000000
#             36688500
# TILE0 noc3 flit raw: 0xe500edf619c23305
# FakeMem: output 0144930400028337            36692500
#             36694500
# TILE0 noc3 flit raw: 0xa040828083c60700
# TILE0-------------------------------------
#             36695500
# P2S2 msg type:    ld_mem_ack  Data_size: 110, cache_type: 1, last_subline: 1
# P2S2 valid: stall: 1, stall_real: 0, stall_load: 1
# Control signals: 1101000100011000000
# CSM enable: 0
# broadcast coreid: (    0,   0,   0)
# broadcast op val: 0
# SMC miss: 0
# Msg from mshr: 1
# P2S2 addr: 0x0080000900
# P2S2 valid: l2_way_sel: 00, l2_hit: 0, l2_wb: 0
# state: mesi: 00, vd: 10, subline: 0000, cache_type: 0, owner: 000000
# State data: 0x00000000000001000
# Tag data: 0x00000000000000000000020008
# Dir addr: 0x090
# Dir data: 0x0000000000000000
# Dir data mask: 0xffffffffffffffff
# Data addr: 0x240
# Data data: 0xb2a040828083c6070029e500edf619c23305
# Data data mask: 0xffffffffffffffffffffffffffffffffffff
# State data in: 0x1028005000a001400
# State data mask: 0x00000000000000000
# src x: 00000000, src y: 00000000
# FakeMem: output 0900228617050000            36697500
# FakeMem: output 1305450883c50700            36702500
#             36708500
# TILE0 noc3 flit raw: 0x0146e1fe01458280
#             36714500
# TILE0 noc3 flit raw: 0x0145edb7011122e8
# TILE0-------------------------------------
#             36715500
# P2S2 msg type:    ld_mem_ack  Data_size: 110, cache_type: 1, last_subline: 1
# P2S2 valid: stall: 1, stall_real: 0, stall_load: 1
# Control signals: 1101000100011000000
# CSM enable: 0
# broadcast coreid: (    0,   0,   0)
# broadcast op val: 0
# SMC miss: 0
# Msg from mshr: 1
# P2S2 addr: 0x0080000900
# P2S2 valid: l2_way_sel: 00, l2_hit: 0, l2_wb: 0
# state: mesi: 00, vd: 10, subline: 0000, cache_type: 0, owner: 000000
# State data: 0x00000000000001000
# Tag data: 0x00000000000000000000020008
# Dir addr: 0x090
# Dir data: 0x0000000000000000
# Dir data mask: 0xffffffffffffffff
# Data addr: 0x241
# Data data: 0x9d0145edb7011122e8af0146e1fe01458280
# Data data mask: 0xffffffffffffffffffffffffffffffffffff
# State data in: 0x1028005000a001400
# State data mask: 0x00000000000000000
# src x: 00000000, src y: 00000000
#             36719500
# TILE0 noc3 flit raw: 0x26e44ae006ec2e89
#             36734500
# TILE0 noc3 flit raw: 0x0144930400028337
# TILE0-------------------------------------
#             36735500
# P2S2 msg type:    ld_mem_ack  Data_size: 110, cache_type: 1, last_subline: 1
# P2S2 valid: stall: 1, stall_real: 0, stall_load: 1
# Control signals: 1101000100011000000
# CSM enable: 0
# broadcast coreid: (    0,   0,   0)
# broadcast op val: 0
# SMC miss: 0
# Msg from mshr: 1
# P2S2 addr: 0x0080000900
# P2S2 valid: l2_way_sel: 00, l2_hit: 0, l2_wb: 0
# state: mesi: 00, vd: 10, subline: 0000, cache_type: 0, owner: 000000
# State data: 0x00000000000001000
# Tag data: 0x00000000000000000000020008
# Dir addr: 0x090
# Dir data: 0x0000000000000000
# Dir data mask: 0xffffffffffffffff
# Data addr: 0x242
# Data data: 0x8a01449304000283377626e44ae006ec2e89
# Data data mask: 0xffffffffffffffffffffffffffffffffffff
# State data in: 0x1028005000a001400
# State data mask: 0x00000000000000000
# src x: 00000000, src y: 00000000
#             36739500
# TILE0 noc3 flit raw: 0x0900228617050000
#             36745500
# TILE0 noc3 flit raw: 0x1305450883c50700
# TILE0-------------------------------------
#             36746500
# P2S2 msg type:    ld_mem_ack  Data_size: 110, cache_type: 1, last_subline: 1
# P2S2 valid: stall: 0, stall_real: 0, stall_load: 0
# Control signals: 1101000100011000000
# CSM enable: 0
# broadcast coreid: (    0,   0,   0)
# broadcast op val: 0
# SMC miss: 0
# Msg from mshr: 1
# P2S2 addr: 0x0080000900
# P2S2 valid: l2_way_sel: 00, l2_hit: 0, l2_wb: 0
# state: mesi: 00, vd: 10, subline: 0000, cache_type: 0, owner: 000000
# State data: 0x00000000000001000
# Tag data: 0x00000000000000000000020008
# Dir addr: 0x090
# Dir data: 0x0000000000000000
# Dir data mask: 0xffffffffffffffff
# Data addr: 0x243
# Data data: 0x911305450883c50700da0900228617050000
# Data data mask: 0xffffffffffffffffffffffffffffffffffff
# State data in: 0x1028005000a001400
# State data mask: 0x00000000000001bc0
# src x: 00000000, src y: 00000000
# TILE0-------------------------------------
#             36747500
# SMC miss: 0
# CSM enable: 0
# P2S3 State wr addr: 0x24
# Mshr wr index: 000
# MSHR state wr en: 1
# MSHR inc inv counter en: 0
# State wr en: 1
# TILE0-------------------------------------
#             36748500
#             36748500 P1S1 msg type:     ld_req     addr: 0x0080000900, Data_size: 110, cache_type: 1
# P1S1 valid: stall: 0, stall_pre: 0, stall_hazard: 0, stall_mshr: 0, stall_msg: 0, stall_global: 0
# Control signals: 111
# CSM enable: 0
# Special addr type: 0
# Msg from mshr: 1
# P1S1 addr: 0x0080000900
# Mshr_addr: 0x00
# Tag_addr: 0x24
# Tag data in: 0x00000000000000000000000000
# Tag data mask in: 0x00000000000000000003ffffff
# State_rd_addr: 0x24
# Msg data: 0x0000000000000000
# Msg length: 00110000
# src x: 00000000, src y: 00000000
# sdid:    0, lsid:  0
# TILE0-------------------------------------
#             36749500
#             36749500 P1S2 msg type:     ld_req     addr: 0x0080000900, Data_size: 110, cache_type: 1
# P1S2 valid: recycle: 0, stall: 1, stall_pre: 0, stall_real: 0, stall_load: 1, stall_msg: 0, stall_global: 0
# Control signals: 000010001101001010100010111
# CSM enable: 0
# Special addr type: 0
# Msg from mshr: 1
# P1S2 addr: 0x0080000900
# P1S2 valid: l2_way_sel: 00, l2_hit: 1, l2_evict: 0, l2_wb: 0
# State VD bits: 00 00 00 10
# State: rb: 00, lru: 0000, mesi: 00, vd: 10, subline: 0000, cache_type: 0, owner: 000000
# Msg data valid: 0
# Msg data ready: 0
# Msg data: 0x0000000000000000
# Return data: 0x0000000000000000
# State data: 0x00000000000001000
# Tag data: 0x00000000000000000000020000
# Dir addr: 0x090
# Dir data: 0xffffffffffffffff
# Dir data mask: 0x0000000000000001
# Data addr: 0x240
# Data data: 0x000000000000000000000000000000000000
# Data data mask: 0xffffffffffffffffffffffffffffffffffff
# State data in: 0x114980930126024c0
# State data mask in: 0x0f0000000000067ff
# src x: 00000000, src y: 00000000
# sdid:    0, lsid:  0
# TILE0-------------------------------------
#             36750500
#             36750500 P1S2 msg type:     ld_req     addr: 0x0080000900, Data_size: 110, cache_type: 1
# P1S2 valid: recycle: 0, stall: 0, stall_pre: 0, stall_real: 0, stall_load: 0, stall_msg: 0, stall_global: 0
# Control signals: 000010001101001010100010111
# CSM enable: 0
# Special addr type: 0
# Msg from mshr: 1
# P1S2 addr: 0x0080000900
# P1S2 valid: l2_way_sel: 00, l2_hit: 1, l2_evict: 0, l2_wb: 0
# State VD bits: 00 00 00 10
# State: rb: 00, lru: 0000, mesi: 00, vd: 10, subline: 0000, cache_type: 0, owner: 000000
# Msg data valid: 0
# Msg data ready: 0
# Msg data: 0x0000000000000000
# Return data: 0x0000000000000000
# State data: 0x00000000000001000
# Tag data: 0x00000000000000000000020000
# Dir addr: 0x090
# Dir data: 0xffffffffffffffff
# Dir data mask: 0x0000000000000001
# Data addr: 0x241
# Data data: 0x000000000000000000000000000000000000
# Data data mask: 0xffffffffffffffffffffffffffffffffffff
# State data in: 0x114980930126024c0
# State data mask in: 0x0f0000000000067ff
# src x: 00000000, src y: 00000000
# sdid:    0, lsid:  0
# TILE0-------------------------------------
#             36750500
#             36750500 P1S3 msg type:     ld_req     addr: 0x0080000900, Data_size: 110, cache_type: 1
# P1S3 valid: recycle: 0, stall: 0
# State wr en: 0
# Dir data: 0xxxxxxxxxxxxxxxxx
# CSM enable: 0
# Msg from mshr: 1
# P1S3 addr: 0x0080000900
# P1S3 valid: l2_hit: 1, l2_evict: 0
# Data data: 0xb2a040828083c6070029e500edf619c23305
# State:mesi: 00, vd: 10, subline: 0000, cache_type: 0, owner: 000000
# sdid:    0, lsid:  0
# TILE0-------------------------------------
#             36751500
#             36751500 P1S3 msg type:     ld_req     addr: 0x0080000900, Data_size: 110, cache_type: 1
# P1S3 valid: recycle: 0, stall: 0
# State wr en: 1
# Dir data: 0xxxxxxxxxxxxxxxxx
# CSM enable: 0
# Msg from mshr: 1
# P1S3 addr: 0x0080000900
# P1S3 valid: l2_hit: 1, l2_evict: 0
# Data data: 0x9d0145edb7011122e8af0146e1fe01458280
# State:mesi: 00, vd: 10, subline: 0000, cache_type: 0, owner: 000000
# sdid:    0, lsid:  0
# TILE0-------------------------------------
#             36751500
#             36751500 P1S4 msg type:     ld_req     addr: 0x0080000900, Data_size: 110, cache_type: 1
# P1S4 valid: recycle: 0, stall: 0, msg_stall: 0, dir_data_stall: 0, stall_inv_counter: 0, stall_smc_buf: 0, smc_stall: 0, global_stall: 0, broadcast_stall: 0
# Control signals: 0100011101000011110
# CSM enable: 0
# broadcast coreid: (    0,   0,   0)
# broadcast state: 0, broadcast op val: 0
# Special addr type: 0
# MSHR state wr en: 0
# MSHR data wr en: 0
# MSHR data wr : 0x000000000000000000047f4040080000900
# MSHR inv counter :  0
# State wr en: 0
# Dir data: 0xxxxxxxxxxxxxxxxx
# Dir sharer counter:  1
# State data in: 0x010000000000024c0
# State data mask in: 0x0f0000000000067ff
# State wr addr: 0x24
# Msg data: 0x0000000000000000
# SMC miss: 0
# SMC data out: 0x00000000
# SMC tag out: 0x0000
# SMC valid out: 0x0
# Msg send valid: 1, send ready: 1, mode: 011, length: 00000100
# Msg send type:     data_ack   Msg send data_size: 000, cache_type: 1, mesi: 01, l2_miss: 1, mshrid: 00000001, subline_vector: 0000
# Msg from mshr: 1
# P1S4 addr: 0x0080000900
# P1S4 valid: l2_hit: 1, l2_evict: 0
# Data data: 0xb2a040828083c6070029e500edf619c23305
# State:mesi: 00, vd: 10, subline: 0000, cache_type: 0, owner: 000000
# Msg send: addr: 0x0080000900, dst_x: 00000000, dst_y: 00000000, dst_fbits: 0000
# Msg send data: 0xa040828083c60700e500edf619c23305
# src x: 00000000, src y: 00000000
# sdid:    0, lsid:  0
# TILE0-------------------------------------
#             36752500
#             36752500 P1S4 msg type:     ld_req     addr: 0x0080000900, Data_size: 110, cache_type: 1
# P1S4 valid: recycle: 0, stall: 0, msg_stall: 0, dir_data_stall: 0, stall_inv_counter: 0, stall_smc_buf: 0, smc_stall: 0, global_stall: 0, broadcast_stall: 0
# Control signals: 0100011101000011110
# CSM enable: 0
# broadcast coreid: (    0,   0,   0)
# broadcast state: 0, broadcast op val: 0
# Special addr type: 0
# MSHR state wr en: 0
# MSHR data wr en: 0
# MSHR data wr : 0x000000000000000000047f4040080000900
# MSHR inv counter :  0
# State wr en: 1
# Dir data: 0xxxxxxxxxxxxxxxxx
# Dir sharer counter:  1
# State data in: 0x010000000000024c0
# State data mask in: 0x0f0000000000067ff
# State wr addr: 0x24
# Msg data: 0x0000000000000000
# SMC miss: 0
# SMC data out: 0x00000000
# SMC tag out: 0x0000
# SMC valid out: 0x0
# Msg send valid: 1, send ready: 1, mode: 111, length: 00000100
# Msg send type:     data_ack   Msg send data_size: 000, cache_type: 1, mesi: 01, l2_miss: 1, mshrid: 00000001, subline_vector: 0000
# Msg from mshr: 1
# P1S4 addr: 0x0080000900
# P1S4 valid: l2_hit: 1, l2_evict: 0
# Data data: 0x9d0145edb7011122e8af0146e1fe01458280
# State:mesi: 00, vd: 10, subline: 0000, cache_type: 0, owner: 000000
# Msg send: addr: 0x0080000900, dst_x: 00000000, dst_y: 00000000, dst_fbits: 0000
# Msg send data: 0x0145edb7011122e80146e1fe01458280
# src x: 00000000, src y: 00000000
# sdid:    0, lsid:  0
#             36752500
# TILE0 noc2 flit raw: 0x0000000001074058
#             36753500
# TILE0 noc2 flit raw: 0xe500edf619c23305
#             36754500
# TILE0 noc2 flit raw: 0xa040828083c60700
#             36755500
# TILE0 noc2 flit raw: 0x0146e1fe01458280
#             36756500
# TILE0 noc2 flit raw: 0x0145edb7011122e8
# 36760000 TILE0 L1.5: Received NOC2                                                MSG_TYPE_DATA_ACK   mshrid 1, l2miss 1, f4b 0, ackstate 1, address 0x00edf619c2
#    Data1: 0xe500edf619c23305
#    Data2: 0xa040828083c60700
#    Data3: 0x0146e1fe01458280
#    Data4: 0x0145edb7011122e8
# 
#             36760000 L15 TILE0:
# NoC1 credit:  8
# NoC1 reserved credit:  0
# TILE0 Pipeline: *  X  X 
# Stage 1 status:    Operation: L15_REQTYPE_ACKDT_IFILL
#    TILE0 S1 Address: 0x0000000000
# L15_MON_END
# 
# 
#             36761000 L15 TILE0:
# NoC1 credit:  8
# NoC1 reserved credit:  0
# TILE0 Pipeline: X  *  X 
# Stage 2 status:    Operation: L15_REQTYPE_ACKDT_IFILL
#    TILE0 S2 Address: 0x0000000000
#    TILE0 S2 Cache index:   0
# L15_MON_END
# 
# 36764000 TILE0 L1.5 th0: Sent CPX IFILL_RET   l2miss 1, nc 0, atomic 0, threadid 0, pf 0, f4b 0, iia 0, dia 0, dinval 0, iinval 0, invalway 0, blkinit 0
#    Data0: 0xe500edf619c23305
#    Data1: 0xa040828083c60700
#    Data2: 0x0146e1fe01458280
#    Data3: 0x0145edb7011122e8
# 
#             36764000 L15 TILE0:
# NoC1 credit:  8
# NoC1 reserved credit:  0
# TILE0 Pipeline: X  X  * 
# Stage 3 status:    Operation: L15_REQTYPE_ACKDT_IFILL
#    TILE0 S3 Address: 0x0000000000
# L15_MON_END
# 
# 36768000 TILE0 L1.5 th0: Received PCX PCX_REQTYPE_IFILL   Addr 0x0080000920, nc 0, size 6, invalall 0, pf 0, bs 0, bsi 0, l1way 0
#    Data: 0x800b028000000000
#    CSM HDID:    0, HD_SIZE:  0, SDID:    0, LSID:  0
#    CSM Data: 0x000000000
# 
#             36768000 L15 TILE0:
# NoC1 credit:  8
# NoC1 reserved credit:  0
# TILE0 Pipeline: *  X  X 
# Stage 1 status:    Operation: L15_REQTYPE_IFILL
#    TILE0 S1 Address: 0x0080000920
# L15_MON_END
# 
# 
#             36769000 L15 TILE0:
# NoC1 credit:  7
# NoC1 reserved credit:  0
# TILE0 Pipeline: X  *  X 
# Stage 2 status:    Operation: L15_REQTYPE_IFILL
#    TILE0 S2 Address: 0x0080000920
#    TILE0 S2 Cache index:  18
#    CSM op:  1
#       CSM read ticket: 0x1
# L15_MON_END
# 
#             36769000: TILE0 L15_CSM REQ MON:
# L15 CSM req addr: 0x0080000920
# L15 CSM req ticket: 1
# L15 CSM req type: 0
# L15 CSM req data: 0x00000000000000000000000000000000
# L15 CSM req pcx data: 0x000000000
# 
#             36770000 L15 TILE0:
# NoC1 credit:  7
# NoC1 reserved credit:  0
# TILE0 Pipeline: X  X  * 
# Stage 3 status:    Operation: L15_REQTYPE_IFILL
#    TILE0 S3 Address: 0x0080000920
# L15_MON_END
# 
#             36770000: TILE0 L15_CSM RES MON:
# L15 CSM res data: 0x0000000000000000
#             36771000
# TILE0 noc1 flit raw: 0x000000000087c040
#    srcX:   0, srcY:   0
#    destX:   0, destY:   0
#             36772000
# TILE0 noc1 flit raw: 0x0000800009200e00
#    srcX:   0, srcY:   0
#    destX:   0, destY:   0
#             36773000
# TILE0 noc1 flit raw: 0x0000000000000000
#    srcX:   0, srcY:   0
#    destX:   0, destY:   0
# 36773000 TILE0 L1.5: Sending NOC1                                   L15_NOC1_REQTYPE_IFILL_REQUEST   mshrid 1, nc 0, size 6, pf 0, address 80000920
#    Data0: 0x0000000000000000
#    Data1: 0x0000000000000000
#    Destination X:   0 Y:   0
# 36775000 TILE0 L1.5 th0: Received PCX PCX_REQTYPE_STORE   Addr 0x0080020b70, nc 0, size 4, invalall 0, pf 0, bs 0, bsi 0, l1way 0
#    Data: 0x0000000000000000
#    CSM HDID:    0, HD_SIZE:  0, SDID:    0, LSID:  0
#    CSM Data: 0x000000000
# 
#             36775000 L15 TILE0:
# NoC1 credit:  8
# NoC1 reserved credit:  0
# TILE0 Pipeline: *  X  X 
# Stage 1 status:    Operation: L15_REQTYPE_STORE
#    TILE0 S1 Address: 0x0080020b70
# L15_MON_END
# 
# 
#             36776000 L15 TILE0:
# NoC1 credit:  7
# NoC1 reserved credit:  0
# TILE0 Pipeline: X  *  X 
# Stage 2 status:    Operation: L15_REQTYPE_STORE
#    TILE0 S2 Address: 0x0080020b70
#    TILE0 S2 Cache index:  55
#    CSM op:  2
#       CSM read ticket: 0x3
#    DTAG way0 state: 0x0
#    DTAG way0 data: 0x0000000000000000
#    DTAG way1 state: 0x0
#    DTAG way1 data: 0x0000000000000000
#    DTAG way2 state: 0x0
#    DTAG way2 data: 0x0000000000000000
#    DTAG way3 state: 0x0
#    DTAG way3 data: 0x0000000000000000
# L15_MON_END
# 
#             36776000: TILE0 L15_CSM REQ MON:
# L15 CSM req addr: 0x0080020b70
# L15 CSM req ticket: 3
# L15 CSM req type: 0
# L15 CSM req data: 0x00000000000000000000000000000000
# L15 CSM req pcx data: 0x000000000
# 
#             36777000 L15 TILE0:
# NoC1 credit:  7
# NoC1 reserved credit:  0
# TILE0 Pipeline: X  X  * 
# Stage 3 status:    Operation: L15_REQTYPE_STORE
#    TILE0 S3 Address: 0x0080020b70
#    TILE0 WMT read index: 37
#    WMT way          0: 0 0xx
#    WMT way          1: 0 0xx
#    WMT way          2: 0 0xx
#    WMT way          3: 0 0xx
# L15_MON_END
# 
#             36777000: TILE0 L15_CSM RES MON:
# L15 CSM res data: 0x0000000000000000
# TILE0-------------------------------------
#             36777500
#             36777500 P1S1 msg type:     ld_req     addr: 0x0080000920, Data_size: 110, cache_type: 1
# P1S1 valid: stall: 0, stall_pre: 0, stall_hazard: 0, stall_mshr: 0, stall_msg: 0, stall_global: 0
# Control signals: 111
# CSM enable: 0
# Special addr type: 0
# Msg from mshr: 0
# P1S1 addr: 0x0080000920
# Mshr_addr: 0x24
# Tag_addr: 0x24
# Tag data in: 0x00000000000000000000000000
# Tag data mask in: 0x00000000000000000003ffffff
# State_rd_addr: 0x24
# Msg data: 0x0000000000000000
# Msg length: 00000010
# src x: 00000000, src y: 00000000
# sdid:    0, lsid:  0
#             36778000
# TILE0 noc1 flit raw: 0x00000000008080c0
#    srcX:   0, srcY:   0
#    destX:   0, destY:   0
# TILE0-------------------------------------
#             36778500
#             36778500 P1S2 msg type:     ld_req     addr: 0x0080000920, Data_size: 110, cache_type: 1
# P1S2 valid: recycle: 0, stall: 1, stall_pre: 0, stall_real: 0, stall_load: 1, stall_msg: 0, stall_global: 0
# Control signals: 000010001100001010000000011
# CSM enable: 0
# Special addr type: 0
# Msg from mshr: 0
# P1S2 addr: 0x0080000920
# P1S2 valid: l2_way_sel: 00, l2_hit: 1, l2_evict: 0, l2_wb: 0
# State VD bits: 00 00 00 10
# State: rb: 00, lru: 0001, mesi: 01, vd: 10, subline: 0011, cache_type: 1, owner: 000000
# Msg data valid: 0
# Msg data ready: 0
# Msg data: 0x0000000000000000
# Return data: 0x0000000000000000
# State data: 0x010000000000034c0
# Tag data: 0x00000000000000000000020000
# Dir addr: 0x090
# Dir data: 0xffffffffffffffff
# Dir data mask: 0x0000000000000001
# Data addr: 0x242
# Data data: 0x000000000000000000000000000000000000
# Data data mask: 0xffffffffffffffffffffffffffffffffffff
# State data in: 0x114f809f013e027c0
# State data mask in: 0x0f0000000000003c0
# src x: 00000000, src y: 00000000
# sdid:    0, lsid:  0
#             36779000
# TILE0 noc1 flit raw: 0x000080020b700400
#    srcX:   0, srcY:   0
#    destX:   0, destY:   0
# TILE0-------------------------------------
#             36779500
#             36779500 P1S2 msg type:     ld_req     addr: 0x0080000920, Data_size: 110, cache_type: 1
# P1S2 valid: recycle: 0, stall: 0, stall_pre: 0, stall_real: 0, stall_load: 0, stall_msg: 0, stall_global: 0
# Control signals: 000010001100001010000000011
# CSM enable: 0
# Special addr type: 0
# Msg from mshr: 0
# P1S2 addr: 0x0080000920
# P1S2 valid: l2_way_sel: 00, l2_hit: 1, l2_evict: 0, l2_wb: 0
# State VD bits: 00 00 00 10
# State: rb: 00, lru: 0001, mesi: 01, vd: 10, subline: 0011, cache_type: 1, owner: 000000
# Msg data valid: 0
# Msg data ready: 0
# Msg data: 0x0000000000000000
# Return data: 0x0000000000000000
# State data: 0x010000000000034c0
# Tag data: 0x00000000000000000000020000
# Dir addr: 0x090
# Dir data: 0xffffffffffffffff
# Dir data mask: 0x0000000000000001
# Data addr: 0x243
# Data data: 0x000000000000000000000000000000000000
# Data data mask: 0xffffffffffffffffffffffffffffffffffff
# State data in: 0x114f809f013e027c0
# State data mask in: 0x0f0000000000003c0
# src x: 00000000, src y: 00000000
# sdid:    0, lsid:  0
# TILE0-------------------------------------
#             36779500
#             36779500 P1S3 msg type:     ld_req     addr: 0x0080000920, Data_size: 110, cache_type: 1
# P1S3 valid: recycle: 0, stall: 0
# State wr en: 0
# Dir data: 0xxxxxxxxxxxxxxxxx
# CSM enable: 0
# Msg from mshr: 0
# P1S3 addr: 0x0080000920
# P1S3 valid: l2_hit: 1, l2_evict: 0
# Data data: 0x8a01449304000283377626e44ae006ec2e89
# State:mesi: 01, vd: 10, subline: 0011, cache_type: 1, owner: 000000
# sdid:    0, lsid:  0
#             36780000
# TILE0 noc1 flit raw: 0x0000000000000000
#    srcX:   0, srcY:   0
#    destX:   0, destY:   0
# 36780000 TILE0 L1.5: Sending NOC1                                 L15_NOC1_REQTYPE_ST_FILL_REQUEST   mshrid 3, nc 0, size 4, pf 0, address 80020b70
#    Data0: 0x0000000000000000
#    Data1: 0x0000000000000000
#    Destination X:   0 Y:   0
# TILE0-------------------------------------
#             36780500
#             36780500 P1S3 msg type:     ld_req     addr: 0x0080000920, Data_size: 110, cache_type: 1
# P1S3 valid: recycle: 0, stall: 0
# State wr en: 1
# Dir data: 0xxxxxxxxxxxxxxxxx
# CSM enable: 0
# Msg from mshr: 0
# P1S3 addr: 0x0080000920
# P1S3 valid: l2_hit: 1, l2_evict: 0
# Data data: 0x911305450883c50700da0900228617050000
# State:mesi: 01, vd: 10, subline: 0011, cache_type: 1, owner: 000000
# sdid:    0, lsid:  0
# TILE0-------------------------------------
#             36780500
#             36780500 P1S4 msg type:     ld_req     addr: 0x0080000920, Data_size: 110, cache_type: 1
# P1S4 valid: recycle: 0, stall: 0, msg_stall: 0, dir_data_stall: 0, stall_inv_counter: 0, stall_smc_buf: 0, smc_stall: 0, global_stall: 0, broadcast_stall: 0
# Control signals: 0100011101000011110
# CSM enable: 0
# broadcast coreid: (    0,   0,   0)
# broadcast state: 0, broadcast op val: 0
# Special addr type: 0
# MSHR state wr en: 0
# MSHR data wr en: 0
# MSHR data wr : 0x000000000000000000007f4040080000920
# MSHR inv counter :  0
# State wr en: 0
# Dir data: 0xxxxxxxxxxxxxxxxx
# Dir sharer counter:  1
# State data in: 0x010000000000003c0
# State data mask in: 0x0f0000000000003c0
# State wr addr: 0x24
# Msg data: 0x0000000000000000
# SMC miss: 0
# SMC data out: 0x00000000
# SMC tag out: 0x0000
# SMC valid out: 0x0
# Msg send valid: 1, send ready: 1, mode: 011, length: 00000100
# Msg send type:     data_ack   Msg send data_size: 000, cache_type: 1, mesi: 01, l2_miss: 0, mshrid: 00000001, subline_vector: 0011
# Msg from mshr: 0
# P1S4 addr: 0x0080000920
# P1S4 valid: l2_hit: 1, l2_evict: 0
# Data data: 0x8a01449304000283377626e44ae006ec2e89
# State:mesi: 01, vd: 10, subline: 0011, cache_type: 1, owner: 000000
# Msg send: addr: 0x0080000920, dst_x: 00000000, dst_y: 00000000, dst_fbits: 0000
# Msg send data: 0x014493040002833726e44ae006ec2e89
# src x: 00000000, src y: 00000000
# sdid:    0, lsid:  0
# TILE0-------------------------------------
#             36781500
#             36781500 P1S4 msg type:     ld_req     addr: 0x0080000920, Data_size: 110, cache_type: 1
# P1S4 valid: recycle: 0, stall: 0, msg_stall: 0, dir_data_stall: 0, stall_inv_counter: 0, stall_smc_buf: 0, smc_stall: 0, global_stall: 0, broadcast_stall: 0
# Control signals: 0100011101000011110
# CSM enable: 0
# broadcast coreid: (    0,   0,   0)
# broadcast state: 0, broadcast op val: 0
# Special addr type: 0
# MSHR state wr en: 0
# MSHR data wr en: 0
# MSHR data wr : 0x000000000000000000007f4040080000920
# MSHR inv counter :  0
# State wr en: 1
# Dir data: 0xxxxxxxxxxxxxxxxx
# Dir sharer counter:  1
# State data in: 0x010000000000003c0
# State data mask in: 0x0f0000000000003c0
# State wr addr: 0x24
# Msg data: 0x0000000000000000
# SMC miss: 0
# SMC data out: 0x00000000
# SMC tag out: 0x0000
# SMC valid out: 0x0
# Msg send valid: 1, send ready: 1, mode: 111, length: 00000100
# Msg send type:     data_ack   Msg send data_size: 000, cache_type: 1, mesi: 01, l2_miss: 0, mshrid: 00000001, subline_vector: 0011
# Msg from mshr: 0
# P1S4 addr: 0x0080000920
# P1S4 valid: l2_hit: 1, l2_evict: 0
# Data data: 0x911305450883c50700da0900228617050000
# State:mesi: 01, vd: 10, subline: 0011, cache_type: 1, owner: 000000
# Msg send: addr: 0x0080000920, dst_x: 00000000, dst_y: 00000000, dst_fbits: 0000
# Msg send data: 0x1305450883c507000900228617050000
# src x: 00000000, src y: 00000000
# sdid:    0, lsid:  0
#             36781500
# TILE0 noc2 flit raw: 0x0000000001074050
#             36782500
# TILE0 noc2 flit raw: 0x26e44ae006ec2e89
#             36783500
# TILE0 noc2 flit raw: 0x0144930400028337
# TILE0-------------------------------------
#             36784500
#             36784500 P1S1 msg type:     st_req     addr: 0x0080020b70, Data_size: 100, cache_type: 0
# P1S1 valid: stall: 0, stall_pre: 0, stall_hazard: 0, stall_mshr: 0, stall_msg: 0, stall_global: 0
# Control signals: 111
# CSM enable: 0
# Special addr type: 0
# Msg from mshr: 0
# P1S1 addr: 0x0080020b70
# Mshr_addr: 0x2d
# Tag_addr: 0x2d
# Tag data in: 0x00000000000000000000000000
# Tag data mask in: 0x00000000000000000003ffffff
# State_rd_addr: 0x2d
# Msg data: 0x0000000000000000
# Msg length: 00000010
# src x: 00000000, src y: 00000000
# sdid:    0, lsid:  0
#             36784500
# TILE0 noc2 flit raw: 0x0900228617050000
# TILE0-------------------------------------
#             36785500
#             36785500 P1S2 msg type:     st_req     addr: 0x0080020b70, Data_size: 100, cache_type: 0
# P1S2 valid: recycle: 0, stall: 0, stall_pre: 0, stall_real: 0, stall_load: 0, stall_msg: 0, stall_global: 0
# Control signals: 000001000110000000000000000
# CSM enable: 0
# Special addr type: 0
# Msg from mshr: 0
# P1S2 addr: 0x0080020b70
# P1S2 valid: l2_way_sel: 00, l2_hit: 0, l2_evict: 0, l2_wb: 0
# State VD bits: 00 00 00 00
# State: rb: 00, lru: 0000, mesi: 00, vd: 00, subline: 0000, cache_type: 0, owner: 000000
# Msg data valid: 0
# Msg data ready: 0
# Msg data: 0x0000000000000000
# Return data: 0x0000000000000000
# State data: 0x00000000000000000
# Tag data: 0x00000000000000000000000000
# Dir addr: 0x0b4
# Dir data: 0xffffffffffffffff
# Dir data mask: 0x0000000000000001
# Data addr: 0x2d3
# Data data: 0x000000000000000000000000000000000000
# Data data mask: 0x000000000000000000ffffffffffffffffff
# State data in: 0x10000000000000000
# State data mask in: 0x00000000000000000
# src x: 00000000, src y: 00000000
# sdid:    0, lsid:  0
#             36785500
# TILE0 noc2 flit raw: 0x1305450883c50700
# TILE0-------------------------------------
#             36786500
#             36786500 P1S3 msg type:     st_req     addr: 0x0080020b70, Data_size: 100, cache_type: 0
# P1S3 valid: recycle: 0, stall: 0
# State wr en: 0
# Dir data: 0xxxxxxxxxxxxxxxxx
# CSM enable: 0
# Msg from mshr: 0
# P1S3 addr: 0x0080020b70
# P1S3 valid: l2_hit: 0, l2_evict: 0
# Data data: 0x911305450883c50700da0900228617050000
# State:mesi: 00, vd: 00, subline: 0000, cache_type: 0, owner: 000000
# sdid:    0, lsid:  0
# TILE0-------------------------------------
#             36787500
#             36787500 P1S4 msg type:     st_req     addr: 0x0080020b70, Data_size: 100, cache_type: 0
# P1S4 valid: recycle: 0, stall: 0, msg_stall: 0, dir_data_stall: 0, stall_inv_counter: 0, stall_smc_buf: 0, smc_stall: 0, global_stall: 0, broadcast_stall: 0
# Control signals: 0100010011000011110
# CSM enable: 0
# broadcast coreid: (    0,   0,   0)
# broadcast state: 0, broadcast op val: 0
# Special addr type: 0
# MSHR state wr en: 1
# MSHR data wr en: 1
# MSHR data wr : 0x000000000000000000040a00c0080020b70
# MSHR inv counter :  0
# State wr en: 0
# Dir data: 0xxxxxxxxxxxxxxxxx
# Dir sharer counter:  1
# State data in: 0x00000000000000000
# State data mask in: 0x00000000000000000
# State wr addr: 0x2d
# Msg data: 0x0000000000000000
# SMC miss: 0
# SMC data out: 0x00000000
# SMC tag out: 0x0000
# SMC valid out: 0x0
# Msg send valid: 1, send ready: 1, mode: 100, length: 00000010
# Msg send type:      ld_mem    Msg send data_size: 100, cache_type: 0, mesi: 00, l2_miss: 1, mshrid: 00000000, subline_vector: 0000
# Msg from mshr: 0
# P1S4 addr: 0x0080020b70
# P1S4 valid: l2_hit: 0, l2_evict: 0
# Data data: 0x911305450883c50700da0900228617050000
# State:mesi: 00, vd: 00, subline: 0000, cache_type: 0, owner: 000000
# Msg send: addr: 0x0080020b70, dst_x: 00000000, dst_y: 00000000, dst_fbits: 0010
# Msg send data: 0x1305450883c507000900228617050000
# src x: 00000000, src y: 00000000
# sdid:    0, lsid:  0
#             36788500
# TILE0 noc2 flit raw: 0x800000008084c008
# 36789000 TILE0 L1.5: Received NOC2                                                MSG_TYPE_DATA_ACK   mshrid 1, l2miss 0, f4b 0, ackstate 1, address 0xe44ae006ec
#    Data1: 0x26e44ae006ec2e89
#    Data2: 0x0144930400028337
#    Data3: 0x0900228617050000
#    Data4: 0x1305450883c50700
# 
#             36789000 L15 TILE0:
# NoC1 credit:  8
# NoC1 reserved credit:  1
# TILE0 Pipeline: *  X  X 
# Stage 1 status:    Operation: L15_REQTYPE_ACKDT_IFILL
#    TILE0 S1 Address: 0x0000000000
# L15_MON_END
# 
#             36789500
# TILE0 noc2 flit raw: 0x000080020b700400
# 
#             36790000 L15 TILE0:
# NoC1 credit:  8
# NoC1 reserved credit:  1
# TILE0 Pipeline: X  *  X 
# Stage 2 status:    Operation: L15_REQTYPE_ACKDT_IFILL
#    TILE0 S2 Address: 0x0000000000
#    TILE0 S2 Cache index:   0
# L15_MON_END
# 
#             36790500
# TILE0 noc2 flit raw: 0x0000000000000000
# 36792000 TILE0 L1.5 th0: Sent CPX IFILL_RET   l2miss 0, nc 0, atomic 0, threadid 0, pf 0, f4b 0, iia 0, dia 0, dinval 0, iinval 0, invalway 0, blkinit 0
#    Data0: 0x26e44ae006ec2e89
#    Data1: 0x0144930400028337
#    Data2: 0x0900228617050000
#    Data3: 0x1305450883c50700
# 
#             36792000 L15 TILE0:
# NoC1 credit:  8
# NoC1 reserved credit:  1
# TILE0 Pipeline: X  X  * 
# Stage 3 status:    Operation: L15_REQTYPE_ACKDT_IFILL
#    TILE0 S3 Address: 0x0000000000
# L15_MON_END
# 
# 36802000 TILE0 L1.5 th1: Received PCX PCX_REQTYPE_STORE   Addr 0x0080020b68, nc 0, size 4, invalall 0, pf 0, bs 0, bsi 0, l1way 0
#    Data: 0x0100000000000000
#    CSM HDID:    0, HD_SIZE:  0, SDID:    0, LSID:  0
#    CSM Data: 0x000000000
# 
#             36802000 L15 TILE0:
# NoC1 credit:  8
# NoC1 reserved credit:  1
# TILE0 Pipeline: *  X  X 
# Stage 1 status:    Operation: L15_REQTYPE_STORE
#    TILE0 S1 Address: 0x0080020b68
# L15_MON_END
# 
# 36803000 TILE0 L1.5 th0: Received PCX PCX_REQTYPE_IFILL   Addr 0x0080000940, nc 0, size 6, invalall 0, pf 0, bs 0, bsi 0, l1way 0
#    Data: 0x0000000000000000
#    CSM HDID:    0, HD_SIZE:  0, SDID:    0, LSID:  0
#    CSM Data: 0x000000000
# 
#             36803000 L15 TILE0:
# NoC1 credit:  7
# NoC1 reserved credit:  1
# TILE0 Pipeline: *  *  X 
# Stage 1 status:    Operation: L15_REQTYPE_IFILL
#    TILE0 S1 Address: 0x0080000940
# Stage 2 status:    Operation: L15_REQTYPE_STORE
#    TILE0 S2 Address: 0x0080020b68
#    TILE0 S2 Cache index:  54
#    CSM op:  2
#       CSM read ticket: 0x7
#    DTAG way0 state: 0x0
#    DTAG way0 data: 0x0000000000000000
#    DTAG way1 state: 0x0
#    DTAG way1 data: 0x0000000000000000
#    DTAG way2 state: 0x0
#    DTAG way2 data: 0x0000000000000000
#    DTAG way3 state: 0x0
#    DTAG way3 data: 0x0000000000000000
# L15_MON_END
# 
#             36803000: TILE0 L15_CSM REQ MON:
# L15 CSM req addr: 0x0080020b68
# L15 CSM req ticket: 7
# L15 CSM req type: 0
# L15 CSM req data: 0x00000000000000000000000000000000
# L15 CSM req pcx data: 0x000000000
# 
#             36804000 L15 TILE0:
# NoC1 credit:  6
# NoC1 reserved credit:  1
# TILE0 Pipeline: X  *  * 
# Stage 2 status:    Operation: L15_REQTYPE_IFILL
#    TILE0 S2 Address: 0x0080000940
#    TILE0 S2 Cache index:  20
#    CSM op:  1
#       CSM read ticket: 0x1
# Stage 3 status:    Operation: L15_REQTYPE_STORE
#    TILE0 S3 Address: 0x0080020b68
#    TILE0 WMT read index: 36
#    WMT way          0: 0 0xx
#    WMT way          1: 0 0xx
#    WMT way          2: 0 0xx
#    WMT way          3: 0 0xx
# L15_MON_END
# 
#             36804000: TILE0 L15_CSM REQ MON:
# L15 CSM req addr: 0x0080000940
# L15 CSM req ticket: 1
# L15 CSM req type: 0
# L15 CSM req data: 0x00000000000000000000000000000000
# L15 CSM req pcx data: 0x000000000
#             36804000: TILE0 L15_CSM RES MON:
# L15 CSM res data: 0x0000000000000000
#             36805000
# TILE0 noc1 flit raw: 0x00000000008081c0
#    srcX:   0, srcY:   0
#    destX:   0, destY:   0
# 
#             36805000 L15 TILE0:
# NoC1 credit:  6
# NoC1 reserved credit:  2
# TILE0 Pipeline: X  X  * 
# Stage 3 status:    Operation: L15_REQTYPE_IFILL
#    TILE0 S3 Address: 0x0080000940
# L15_MON_END
# 
#             36805000: TILE0 L15_CSM RES MON:
# L15 CSM res data: 0x0000000000000000
#             36806000
# TILE0 noc1 flit raw: 0x000080020b680400
#    srcX:   0, srcY:   0
#    destX:   0, destY:   0
# 36806000 TILE0 L1.5 th1: Received PCX PCX_REQTYPE_LOAD   Addr 0x0080020b80, nc 0, size 5, invalall 0, pf 0, bs 0, bsi 0, l1way 0
#    Data: 0x0000000000000000
#    CSM HDID:    0, HD_SIZE:  0, SDID:    0, LSID:  0
#    CSM Data: 0x000000000
# 
#             36806000 L15 TILE0:
# NoC1 credit:  6
# NoC1 reserved credit:  2
# TILE0 Pipeline: *  X  X 
# Stage 1 status:    Operation: L15_REQTYPE_LOAD
#    TILE0 S1 Address: 0x0080020b80
# L15_MON_END
# 
#             36807000
# TILE0 noc1 flit raw: 0x0000000000000000
#    srcX:   0, srcY:   0
#    destX:   0, destY:   0
# 36807000 TILE0 L1.5: Sending NOC1                                 L15_NOC1_REQTYPE_ST_FILL_REQUEST   mshrid 3, nc 0, size 4, pf 0, address 80020b68
#    Data0: 0x0000000000000000
#    Data1: 0x0000000000000000
#    Destination X:   0 Y:   0
# 
#             36807000 L15 TILE0:
# NoC1 credit:  5
# NoC1 reserved credit:  2
# TILE0 Pipeline: X  *  X 
# Stage 2 status:    Operation: L15_REQTYPE_LOAD
#    TILE0 S2 Address: 0x0080020b80
#    TILE0 S2 Cache index:  56
#    DTAG way0 state: 0x3
#    DTAG way0 data: 0x0000000080020800
#    DTAG way1 state: 0x0
#    DTAG way1 data: 0x0000000000000000
#    DTAG way2 state: 0x0
#    DTAG way2 data: 0x0000000000000000
#    DTAG way3 state: 0x0
#    DTAG way3 data: 0x0000000000000000
# L15_MON_END
# 
#             36808000
# TILE0 noc1 flit raw: 0x000000000087c040
#    srcX:   0, srcY:   0
#    destX:   0, destY:   0
#             36809000
# TILE0 noc1 flit raw: 0x0000800009400e00
#    srcX:   0, srcY:   0
#    destX:   0, destY:   0
#             36810000
# TILE0 noc1 flit raw: 0x0000000000000000
#    srcX:   0, srcY:   0
#    destX:   0, destY:   0
# 36810000 TILE0 L1.5: Sending NOC1                                   L15_NOC1_REQTYPE_IFILL_REQUEST   mshrid 1, nc 0, size 6, pf 0, address 80000940
#    Data0: 0x0000000000000000
#    Data1: 0x0000000000000000
#    Destination X:   0 Y:   0
#             36811000 : Simulation -> FAIL(TILE0 NOC1 credit overflow)
#             36816000 : Simulation -> FAIL(TILE0 NOC1 credit overflow)
#             36821000 : Simulation -> FAIL(TILE0 NOC1 credit overflow)
# 36811500 : Simulation -> FAIL(TILE0 NOC1 credit overflow)
# ** Note: $finish    : /home/kthakkar/openpiton_new/openpiton/piton/verif/env/manycore/monitor.tmp.v(91)
#    Time: 36821500 ps  Iteration: 1  Instance: /cmp_top/monitor
# End time: 15:26:03 on Oct 09,2026, Elapsed time: 0:00:03
# Errors: 0, Warnings: 6
sims: sim_stop Fri Oct  9 03:26:03 PM IST 2026
sims: "perf > perf.log"
sims: "regreport -1 > status.log"
sims: stop_time Fri Oct  9 03:26:03 PM IST 2026
